Name,Scores,siftRank
,,,
,,,
Aaron_Sorkin_,142491,1429
Abdel_Nasser_Assidi_,104970,568
Abdoulaye_Wade_,90315,291
Abdullah_,141297,1401
Abdullah_Gul_,121399,967
Abdullah_al-Attiyah_,122827,1008
Abdullatif_Sener_,156175,1566
Abel_Pacheco_,136167,1305
Abid_Hamid_Mahmud_Al-Tikriti_,125958,1081
Adam_Sandler_,156919,1577
Adam_Scott_,138665,1358
Adel_Al-Jubeir_,70856,126
Adolfo_Aguilar_Zinser_,143380,1444
Adolfo_Rodriguez_Saa_,160018,1605
Adrian_McPherson_,120406,935
Adrian_Nastase_,70539,125
Adrien_Brody_,133300,1257
Ahmad_Masood_,164919,1638
Ahmed_Chalabi_,135461,1291
Ahmet_Necdet_Sezer_,122022,989
Ai_Sugiyama_,160525,1608
Aicha_El_Ouafi_,82723,213
Aitor_Gonzalez_,139268,1369
Akbar_Hashemi_Rafsanjani_,146385,1477
Akhmed_Zakayev_,95905,374
Al_Davis_,103690,534
Al_Gore_,120770,948
Al_Pacino_,142404,1426
Al_Sharpton_,151275,1528
Alan_Ball_,101695,495
Alan_Greenspan_,137894,1337
Alan_Mulally_,74933,148
Alastair_Campbell_,96977,394
Albert_Costa_,134219,1275
Alberto_Fujimori_,122818,1007
Alberto_Ruiz_Gallardon_,139406,1373
Albrecht_Mentz_,159106,1600
Aldo_Paredes_,164365,1634
Alec_Baldwin_,123668,1024
Alejandro_Atchugarry_,151213,1527
Alejandro_Avila_,103092,524
Alejandro_Toledo_,103962,544
Aleksander_Kwasniewski_,99055,438
Alex_Barros_,110628,687
Alex_Penelas_,113993,772
Alex_Sink_,126661,1099
Alexander_Downer_,102280,508
Alexander_Losyukov_,118283,873
Alexander_Rumyantsev_,120271,932
Alexandra_Stevenson_,121592,972
Alexandra_Vodjanikova_,93764,344
Ali_Abbas_,53812,78
Ali_Khamenei_,97765,410
Ali_Naimi_,118933,893
Alice_Fisher_,79803,185
Alicia_Silverstone_,107440,614
Alimzhan_Tokhtakhounov_,0,1
Alison_Lohman_,0,2
Allen_Iverson_,111105,697
Allison_Janney_,142437,1427
Allyson_Felix_,137738,1329
Alvaro_Noboa_,162493,1625
Alvaro_Silva_Calderon_,130370,1183
Alvaro_Uribe_,131717,1207
Amanda_Beard_,70923,127
Amanda_Bynes_,75490,154
Amanda_Coetzer_,129683,1168
Amber_Tamblyn_,149700,1510
Amelia_Vega_,150333,1515
Amelie_Mauresmo_,120055,927
Amer_al-Saadi_,150866,1524
Amram_Mitzna_,111317,704
Ana_Guevara_,110549,683
Ana_Palacio_,117068,844
Anastasia_Myskina_,127469,1114
Anders_Ebbeson_,123451,1018
Anders_Fogh_Rasmussen_,134043,1272
Andre_Agassi_,74736,146
Andrei_Mikhnevich_,106754,602
Andrew_Bunner_,92341,327
Andrew_Cuomo_,143557,1449
Andrew_Niccol_,73934,143
Andrew_Weissmann_,115949,824
Andy_Hebb_,109449,651
Andy_Roddick_,108674,642
Angela_Bassett_,110629,688
Angela_Lansbury_,141339,1403
Angela_Merkel_,124155,1037
Angelina_Jolie_,52414,76
Angelo_Reyes_,70240,123
Anibal_Ibarra_,156868,1576
Ann_Veneman_,103428,529
Anna_Kournikova_,148124,1495
Anna_Nicole_Smith_,113979,771
Anne_Krueger_,81979,203
Anne_McLellan_,149452,1508
Anneli_Jaatteenmaki_,91095,310
Annette_Bening_,0,3
Annette_Lu_,154495,1555
Anthony_Fauci_,103580,532
Anthony_Hopkins_,138066,1344
Anthony_LaPaglia_,132385,1231
Antonio_Banderas_,133245,1252
Antonio_Palocci_,109161,650
Antonio_Trillanes_,127308,1112
Antony_Leung_,116207,827
Anwar_Ibrahim_,124625,1050
Arantxa_Sanchez-Vicario_,129267,1160
Ari_Fleischer_,157136,1581
Arianna_Huffington_,123942,1032
Ariel_Sharon_,89615,280
Arlen_Specter_,80398,192
Arminio_Fraga_,91310,313
Arnaud_Clement_,97475,403
Arnold_Palmer_,112057,725
Arnold_Schwarzenegger_,126543,1094
Arnoldo_Aleman_,95751,373
Aron_Ralston_,112871,746
Arsinee_Khanjian_,0,4
Art_Hoffmann_,140121,1384
Art_Howe_,96178,385
Arturo_Gatti_,127116,1109
Arye_Mekel_,150135,1514
Asa_Hutchinson_,108078,631
Ashanti_,101870,499
Ashton_Kutcher_,157619,1583
Atal_Bihari_Vajpayee_,180901,1674
Augustin_Calleri_,89323,275
Augusto_Pinochet_,81431,199
Augusto_Roa_Bastos_,88505,266
Aung_San_Suu_Kyi_,118719,885
Azra_Akin_,122664,1003
Barbara_Brezigar_,141934,1414
Barbara_Walters_,121745,977
Barbra_Streisand_,150420,1517
Barrett_Jackman_,131746,1208
Barry_Alvarez_,127157,1110
Barry_Zito_,145422,1470
Bashar_Assad_,118585,881
Begum_Khaleda_Zia_,105219,570
Ben_Affleck_,90867,303
Ben_Curtis_,134201,1274
Ben_Glisan_,147756,1490
Ben_Howland_,94440,356
Benazir_Bhutto_,117250,847
Benjamin_Netanyahu_,83794,222
Bernard_Landry_,98405,424
Bernard_Law_,141036,1399
Bernard_Lord_,91092,309
Bernardo_Segura_,134574,1278
Bertie_Ahern_,131935,1214
Bertrand_Bonello_,111133,698
Beth_Jones_,132784,1243
Betsy_Smith_,181288,1676
Bijan_Darvish_,90913,304
Bijan_Namdar_Zangeneh_,117790,860
Biljana_Plavsic_,118383,875
Bill_Belichick_,158148,1591
Bill_Callahan_,67573,111
Bill_Clinton_,97468,402
Bill_Frist_,91172,312
Bill_Gates_,119035,898
Bill_Graham_,108188,632
Bill_McBride_,120793,949
Bill_Nelson_,112450,735
Bill_Parcells_,97660,407
Bill_Paxton_,174413,1664
Bill_Simon_,124220,1040
Bill_Sizemore_,107830,625
Billy_Crystal_,158574,1596
Billy_Graham_,110710,689
Billy_Sollie_,98992,434
Binyamin_Ben-Eliezer_,122612,1002
Blythe_Danner_,105927,586
Blythe_Hartley_,99532,450
Bo_Pelini_,139446,1374
Bo_Ryan_,98235,419
Bob_Beauprez_,107739,621
Bob_Colvin_,119894,924
Bob_Dole_,105546,580
Bob_Geldof_,112518,737
Bob_Graham_,99713,453
Bob_Hope_,138589,1354
Bob_Huggins_,111036,695
Bob_Stoops_,119234,908
Bobby_Goldwater_,168255,1650
Bobby_Robson_,96257,386
Bode_Miller_,120474,939
Bono_,133621,1264
Boris_Becker_,90520,295
Boris_Berezovsky_,142105,1417
Boris_Yeltsin_,103147,526
Brad_Garrett_,112918,749
Brad_Johnson_,128471,1138
Branko_Crvenkovski_,160655,1611
Brendan_Hansen_,72504,133
Brian_Cowen_,125614,1073
Brian_Griese_,118977,896
Brian_Heidik_,159375,1603
Brian_Mulroney_,106130,588
Brian_Wells_,107470,615
Bridget_Fonda_,129870,1173
Bridgette_Wilson-Sampras_,98316,422
Brigitte_Boisselier_,107289,609
Britney_Spears_,115016,799
Brooke_Shields_,115240,807
Bruce_Springsteen_,119638,915
Bruce_Van_De_Velde_,104202,547
Bruce_Weber_,83777,221
Bud_Selig_,115219,805
Bulent_Ecevit_,92306,324
Butch_Davis_,80354,191
Byron_Scott_,139349,1370
Calista_Flockhart_,114910,795
Cameron_Diaz_,161820,1619
Camilla_Parker_Bowles_,130071,1175
Candice_Bergen_,140507,1389
Candie_Kung_,113652,760
Carl_Reiner_,117101,845
Carla_Del_Ponte_,92419,329
Carla_Myers_,103822,540
Carlo_Ancelotti_,100353,467
Carlos_Bianchi_,112699,744
Carlos_Ghosn_,144712,1465
Carlos_Manuel_Pruneda_,99643,451
Carlos_Menem_,123031,1011
Carlos_Mesa_,119645,916
Carlos_Moya_,64181,105
Carlos_Ortega_,72584,134
Carlos_Quintanilla_Schmidt_,97557,406
Carlos_Ruiz_,171895,1659
Carlos_Vives_,124158,1038
Carly_Fiorina_,93307,339
Carmen_Electra_,111979,722
Carol_Burnett_,157033,1579
Carol_Moseley_Braun_,112998,751
Carolina_Kluft_,89125,271
Carolina_Moraes_,56422,86
Caroline_Kennedy_,141540,1408
Carolyn_Dawn_Johnson_,80075,187
Carrie-Anne_Moss_,90938,305
Carson_Daly_,121964,986
Carson_Palmer_,122548,999
Cate_Blanchett_,126153,1085
Catherine_Deneuve_,104748,563
Catherine_Zeta-Jones_,124533,1046
Cathy_Freeman_,128233,1131
Cecilia_Bolocco_,144086,1457
Celine_Dion_,132426,1234
Celso_Amorim_,115594,815
Cesar_Gaviria_,150503,1518
Cesar_Maia_,143488,1447
Chakib_Khelil_,143270,1442
Chan_Gailey_,119058,900
Chanda_Rubin_,123032,1012
Chang_Dae-whan_,128355,1135
Charles_Bronson_,119214,907
Charles_Grassley_,111363,705
Charles_Kartman_,141655,1410
Charles_Mathews_,112360,730
Charles_Moose_,120168,929
Charles_Schumer_,125839,1077
Charles_Taylor_,115186,803
Charlie_Zaa_,100533,473
Charlotte_Rampling_,149140,1505
Charlton_Heston_,165849,1646
Chen_Liang_Yu_,156803,1575
Chen_Shui-bian_,112909,747
Cherie_Blair_,94630,359
Chick_Hearn_,107864,627
Chita_Rivera_,173562,1663
Choi_Sung-hong_,133579,1262
Chok_Tong_Goh_,118234,872
Chris_Bell_,51086,74
Chris_Byrd_,105413,575
Chris_Cooper_,108386,634
Chris_Rock_,132240,1226
Chris_Tucker_,0,5
Christian_Fittipaldi_,100104,461
Christian_Longo_,109802,662
Christian_Wulff_,0,6
Christina_Aguilera_,129299,1161
Christine_Baumgartner_,135744,1296
Christine_Ebersole_,98731,430
Christine_Gregoire_,124597,1048
Christine_Todd_Whitman_,165125,1640
Christopher_Patten_,101042,484
Christopher_Reeve_,118531,880
Christopher_Walken_,115604,816
Chuck_Amato_,69417,120
Chuck_Yeager_,120815,953
Chung_Mong-hun_,130125,1176
Chung_Mong-joon_,107386,611
Cindy_Crawford_,160610,1610
Cindy_Margolis_,165011,1639
Ciro_Gomes_,99051,437
Claire_Danes_,168583,1652
Claire_Hentzen_,114885,794
Claire_Leger_,149427,1507
Clara_Harris_,106275,592
Clare_Short_,120870,957
Claudia_Pechstein_,162607,1626
Claudia_Schiffer_,111631,710
Clay_Aiken_,112613,741
Clint_Eastwood_,133047,1248
Colin_Farrell_,146878,1482
Colin_Jackson_,109977,670
Colin_Montgomerie_,112316,728
Colin_Powell_,107951,629
Conan_OBrien_,97122,396
Conchita_Martinez_,104603,561
Condoleezza_Rice_,124082,1034
Constance_Marie_,0,7
Coretta_Scott_King_,113921,768
Corinne_Coman_,123268,1016
Costas_Simitis_,116435,832
Courtney_Love_,92783,333
Cristina_Fernandez_,138656,1357
Cristina_Saralegui_,87410,256
Cruz_Bustamante_,124203,1039
Cyndi_Thompson_,0,8
Dai_Bachtiar_,84740,229
Daisy_Fuentes_,142349,1423
Dalai_Lama_,0,9
Dale_Earnhardt_Jr_,106267,590
Damon_van_Dam_,136492,1315
Dan_Morales_,103972,545
Dan_Wheldon_,84906,233
Daniel_Day-Lewis_,80279,190
Daniel_Radcliffe_,120910,959
Daniela_Hantuchova_,128653,1146
Darrell_Issa_,128570,1143
Darrell_Porter_,144626,1464
Darren_Clarke_,90465,294
Daryl_Hannah_,113849,767
Dave_Campo_,96860,391
David_Anderson_,138072,1345
David_Beckham_,91938,321
David_Bell_,123608,1021
David_Caraway_,117443,851
David_Caruso_,124451,1045
David_Coulthard_,94378,355
David_Dodge_,119035,899
David_Heyman_,115929,822
David_Heymann_,123682,1026
David_Hyde_Pierce_,160518,1607
David_Kelley_,155731,1565
David_Leahy_,131852,1210
David_Myers_,90797,301
David_Nalbandian_,138490,1353
David_Spade_,99408,447
David_Stern_,93280,337
David_Trimble_,100583,475
David_Wells_,97150,397
David_Wolf_,113978,770
Dean_Barkley_,96395,387
Debbie_Reynolds_,0,10
Debra_Brown_,130564,1185
Debra_Messing_,144019,1455
Demetrius_Ferraciu_,65433,109
Demi_Moore_,126034,1083
Denise_Johnson_,110295,679
Dennis_Erickson_,134625,1281
Dennis_Hastert_,157727,1584
Dennis_Kozlowski_,120950,960
Dennis_Kucinich_,97853,412
Dennis_Powell_,104551,558
Denzel_Washington_,152422,1538
Derek_Jeter_,133270,1256
Derek_Lowe_,59169,90
Desiree_Lemosi_,130349,1181
Dexter_Jackson_,128397,1136
Diana_Krall_,130138,1177
Diana_Munz_,123985,1033
Diana_Taurasi_,138486,1352
Diane_Green_,95909,375
Dianne_Feinstein_,140852,1395
Dick_Cheney_,91078,308
Dick_Clark_,99197,440
Dick_Latessa_,89192,273
Dick_Vermeil_,136837,1318
Dino_de_Laurentis_,131456,1202
Dolly_Parton_,136836,1317
Dolma_Tsering_,0,11
Dominik_Garcia-Lorido_,125842,1078
Dominique_de_Villepin_,86031,247
Don_Nickles_,147822,1492
Don_Siegelman_,143135,1440
Donald_Evans_,155245,1560
Donald_Fehr_,100552,474
Donald_Pettit_,164844,1637
Donald_Rumsfeld_,87047,253
Donatella_Versace_,158891,1597
Donna_Shalala_,100469,471
Doris_Roberts_,113819,765
Doris_Schroeder_,126403,1090
Dorthy_Moxley_,75001,149
Doug_Collins_,144237,1459
Doug_Duncan_,135871,1297
Doug_Melvin_,92733,332
Drew_Barrymore_,136353,1310
Duane_Lee_Chapman_,139020,1364
Dwayne_Johnson_,118148,867
Ed_Rosenthal_,106594,599
Ed_Smart_,101081,486
Eddie_Sutton_,132247,1227
Eddy_Merckx_,0,12
Edie_Falco_,81672,200
Edmund_Hillary_,85218,240
Edmund_Stoiber_,132327,1228
Eduard_Shevardnadze_,102789,517
Eduardo_Duhalde_,130763,1188
Edward_James_Olmos_,132132,1221
Edward_Kennedy_,109960,669
Edward_Lu_,145209,1468
Edward_Norton_,0,13
Edward_Said_,111259,702
Edwin_Edwards_,103897,542
Edwina_Currie_,121778,978
Eileen_Coparropa_,126603,1097
Elena_Bovina_,93926,349
Eliane_Karp_,113055,752
Elijah_Wood_,76861,161
Elin_Nordegren_,120194,930
Elinor_Caplan_,121624,974
Elisabeth_Schumacher_,161392,1616
Elizabeth_Dole_,127992,1122
Elizabeth_Hurley_,142230,1421
Elizabeth_Shue_,121554,970
Elizabeth_Smart_,155619,1564
Elizabeth_Taylor_,109908,667
Ellen_DeGeneres_,154579,1556
Ellen_Engleman_,171920,1660
Elsa_Zylberstein_,139095,1367
Elton_John_,152556,1539
Elvis_Presley_,117676,859
Emanuel_Ginobili_,131948,1215
Emile_Lahoud_,159686,1604
Emily_Robison_,106471,596
Emma_Thompson_,141000,1398
Emma_Watson_,123921,1031
Emmanuelle_Beart_,99840,457
Emmit_Smith_,104571,559
Enrique_Bolanos_,92346,328
Eric_Clapton_,146222,1475
Eric_Hinske_,80071,186
Eric_Robert_Rudolph_,149984,1512
Eric_Rosser_,121870,982
Erik_Morales_,157849,1585
Erika_Christensen_,120710,946
Erika_Harold_,0,14
Erin_Runnion_,128230,1130
Ernesto_Zedillo_,80541,194
Ernie_Els_,128309,1134
Ernie_Eves_,75711,156
Ernie_Fletcher_,148897,1503
Ethan_Hawke_,118438,878
Eunice_Barber_,87759,259
Eva_Dimas_,105435,576
Evan_Rachel_Wood_,113275,755
Evander_Holyfield_,152899,1542
Eve_Pelletier_,93072,335
Fabiola_Zuluaga_,130298,1180
Fabrice_Santoro_,96739,390
Farouk_al-Sharaa_,115940,823
Faye_Dunaway_,125754,1074
Fayssal_Mekdad_,155438,1561
Federico_Trillo_,97357,399
Felipe_Perez_Roque_,141740,1411
Felix_Mantilla_,127075,1107
Ferenc_Madl_,89421,277
Fernando_Gonzalez_,135496,1292
Fernando_Henrique_Cardoso_,143506,1448
Fernando_Vargas_,56070,82
Fidel_Castro_,122529,998
Filippo_Inzaghi_,83584,220
Flavia_Delaroli_,130988,1193
Flor_Montulo_,129016,1152
Fran_Drescher_,124757,1053
Frances_Fisher_,150898,1525
Francis_Ford_Coppola_,114308,783
Francis_George_,0,15
Francis_Mer_,98190,418
Francisco_Flores_,129600,1167
Franco_Dragone_,82819,214
Frank_Cassell_,153836,1547
Frank_Dunham_Jr_,110604,686
Frank_Griswold_,117019,842
Frank_Lautenberg_,133199,1251
Frank_Solich_,128587,1145
Frank_Stallone_,91052,307
Franko_Simatovic_,132563,1240
Franz_Beckenbauer_,68565,115
Franz_Fischler_,90551,296
Franz_Muentefering_,107326,610
Fred_Eckhard_,112503,736
Fred_Funk_,109775,660
Fred_Thompson_,63406,101
Freddy_Garcia_,95289,367
Fujio_Cho_,109805,663
GL_Peiris_,158218,1593
Gabriel_Batistuta_,124320,1043
Gabriel_Valdes_,71236,128
Gao_Qiang_,119907,925
Garry_Kasparov_,95975,378
Garry_Trudeau_,0,16
Gary_Bergeron_,0,17
Gary_Carter_,103073,523
Gary_Doer_,72687,135
Gary_Forsee_,147758,1491
Gary_Locke_,110426,681
Gary_Williams_,73105,138
Gary_Winnick_,111152,699
Gene_Robinson_,161103,1614
Geno_Auriemma_,85168,239
Geoff_Hoon_,125581,1072
George_Brumley_,124676,1052
George_Clooney_,133867,1270
George_Foreman_,116182,826
George_Galloway_,115191,804
George_HW_Bush_,109148,649
George_Karl_,140929,1397
George_Lopez_,156314,1571
George_P_Bush_,149842,1511
George_Papandreou_,103722,535
George_Pataki_,78156,170
George_Robertson_,114409,784
George_Roy_Hill_,0,18
George_Ryan_,124572,1047
George_Tenet_,112916,748
George_Voinovich_,95476,371
George_W_Bush_,129720,1170
Georgi_Parvanov_,106754,603
Geraldine_Chaplin_,90692,300
Gerard_Depardieu_,111806,715
Gerardo_Gambala_,0,19
Gerhard_Schroeder_,94839,362
Gerry_Adams_,84791,230
Gerry_Parsky_,71471,129
Gian_Marco_,148748,1501
Gianna_Angelopoulos-Daskalaki_,102908,521
Gil_de_Ferran_,115331,809
Gilberto_Rodriguez_Orejuela_,123820,1030
Gillian_Anderson_,82145,205
Gisele_Bundchen_,126821,1102
Giuseppe_Gibilisco_,105684,584
Glafcos_Clerides_,132389,1232
Gloria_Allred_,156311,1570
Gloria_Macapagal_Arroyo_,122255,993
Gloria_Trevi_,176371,1669
Goh_Kun_,140458,1387
Goldie_Hawn_,99884,458
Gonzalo_Sanchez_de_Lozada_,111952,721
Goran_Persson_,84180,223
Gordon_Brown_,117649,858
Gordon_Campbell_,97726,409
Grady_Irvin_Jr_,125804,1075
Grant_Hackett_,91652,318
Gray_Davis_,143012,1439
Greg_Gilbert_,83341,218
Greg_Ostertag_,93296,338
Greg_Owen_,126988,1105
Greg_Rusedski_,94663,360
Gregg_Popovich_,69005,118
Gregory_Geoffroy_,163340,1631
Gregory_Hines_,132110,1220
Gro_Harlem_Brundtland_,93856,347
Guido_Westerwelle_,171822,1658
Guillaume_Soro_,157960,1587
Guillermo_Canas_,89778,282
Guillermo_Coria_,151520,1529
Guillermo_Ortiz_,111721,712
Gunter_Pleuger_,142932,1436
Gus_Van_Sant_,97719,408
Gustavo_Kuerten_,119506,913
Guy_Hemmings_,104227,548
Guy_Ritchie_,113141,754
Gwendal_Peizerat_,116011,825
Gwyneth_Paltrow_,107982,630
Habib_Rizieq_,107390,612
Hal_Gehman_,94025,350
Hal_Sutton_,80086,188
Halle_Berry_,113709,762
Hamid_Karzai_,109985,671
Hamzah_Haz_,58317,89
Hanan_Ashrawi_,125526,1071
Hannah_Stockbauer_,77156,162
Hans_Blix_,120691,944
Hans_Eichel_,100666,476
Harbhajan_Singh_,90233,289
Harrison_Ford_,75473,152
Harry_Belafonte_,0,20
Harry_Kalas_,105660,583
Harry_Schmidt_,120811,952
Harvey_Weinstein_,116964,839
Hashim_Thaci_,59339,91
Hassan_Nasrallah_,93917,348
Hassan_Wirajuda_,86533,251
Hayley_Tullett_,64584,107
Heath_Ledger_,144820,1466
Heather_Mills_,118051,865
Hector_Babenco_,90007,286
Hee-Won_Han_,144427,1462
Heidi_Fleiss_,139390,1372
Heidi_Klum_,124243,1041
Heinz_Feldmann_,122929,1010
Heizo_Takenaka_,118391,876
Helen_Clark_,100511,472
Henrique_Meirelles_,151833,1531
Herb_Sendek_,114438,785
Hermann_Maier_,120847,956
Herta_Daeubler-Gmelin_,143473,1446
Hichiro_Naemura_,127107,1108
Hideki_Matsui_,81037,197
Hilary_Duff_,114300,782
Hillary_Clinton_,130842,1191
Hilmi_Ozkok_,108211,633
Hipolito_Mejia_,118749,887
Hisao_Oguchi_,125491,1070
Hitomi_Soga_,50434,73
Holly_Hunter_,115001,798
Hootie_Johnson_,0,21
Horst_Koehler_,141429,1404
Hosni_Mubarak_,177097,1671
Howard_Dean_,110874,692
Howard_Schultz_,132474,1236
Howard_Smith_,116613,834
Hu_Jintao_,138648,1356
Hugh_Grant_,122432,997
Hugo_Chavez_,93633,343
Hun_Sen_,134411,1277
Iain_Duncan_Smith_,79099,178
Ian_McKellen_,114949,796
Ian_Thorpe_,100935,482
Iban_Mayo_,131783,1209
Ibrahim_Jaafari_,151951,1533
Igor_Ivanov_,154068,1552
Ilan_Ramon_,107392,613
Imad_Moustapha_,152231,1535
Inam-ul-Haq_,135983,1300
Inocencio_Arias_,111431,706
Intisar_Ajouri_,128904,1149
Isabella_Rossellini_,109134,648
Isabelle_Huppert_,107269,608
Isaiah_Washington_,150381,1516
Ishaq_Shahryar_,109652,657
Ismail_Merchant_,183379,1677
Iva_Majoli_,156192,1567
JJ_Redick_,93835,346
JK_Rowling_,116948,837
Jack_Grubman_,114150,779
Jack_Nicholson_,130221,1179
Jack_Straw_,145375,1469
Jackie_Chan_,104310,550
Jacqueline_Obradors_,108929,645
Jacques_Chirac_,101941,501
Jacques_Rogge_,62992,98
Jada_Pinkett_Smith_,133994,1271
Jake_Gyllenhaal_,101555,493
James_Blake_,127415,1113
James_Butts_,128031,1125
James_Caan_,56082,83
James_Cameron_,122865,1009
James_Cunningham_,128020,1124
James_Franco_,153922,1551
James_Gandolfini_,130689,1187
James_Ivory_,0,22
James_Jones_,108653,641
James_Kelly_,85542,242
James_Kopp_,123708,1028
James_Maguire_,72341,132
James_McGreevey_,128401,1137
James_Morris_,81837,202
James_Parker_,158064,1590
James_Schultz_,98909,432
James_Smith_,146847,1481
James_Traficant_,99325,444
James_Wolfensohn_,93440,340
Jamie_Villafane_,32792,66
Jamling_Norgay_,156488,1573
Jan-Michael_Gambill_,87472,257
Jan_Ullrich_,150085,1513
Jane_Fonda_,136394,1311
Jane_Kaczmarek_,102706,516
Jane_Pauley_,0,23
Janet_Napolitano_,93766,345
Janet_Thorpe_,112011,724
Janica_Kostelic_,125843,1079
Jason_Alexander_,101320,489
Jason_Jennings_,105449,577
Jason_Kidd_,84507,225
Jason_Lezak_,63635,102
Javier_Solana_,144417,1461
Javier_Weber_,62899,96
Jay_Garner_,84845,231
Jay_Leno_,98889,431
Jay_Rasulo_,78173,172
Jayson_Williams_,124127,1036
Jean-Claude_Braquet_,134722,1282
Jean-Claude_Juncker_,114014,773
Jean-Claude_Trichet_,105490,579
Jean-David_Levitte_,104368,553
Jean-Francois_Pontal_,131496,1204
Jean-Marc_de_La_Sabliere_,112321,729
Jean-Pierre_Raffarin_,137892,1336
Jean-Sebastien_Giguere_,94180,353
Jean_Brumley_,166394,1647
Jean_Carnahan_,119733,918
Jean_Charest_,140847,1394
Jean_Chretien_,99780,456
Jeanne_Moreau_,144834,1467
Jeb_Bush_,150665,1522
Jeff_Van_Gundy_,97386,400
Jefferson_Perez_,136916,1320
Jeffrey_Archer_,95997,380
Jeffrey_Immelt_,95388,368
Jeffrey_Jones_,129551,1165
Jeffrey_Scott_Postell_,0,24
Jelena_Dokic_,100463,470
Jennifer_Aniston_,115412,812
Jennifer_Capriati_,99385,446
Jennifer_Connelly_,135282,1288
Jennifer_Garner_,108452,636
Jennifer_Keller_,137591,1328
Jennifer_Lopez_,84948,236
Jennifer_Reilly_,77524,165
Jennifer_Rodriguez_,149370,1506
Jennifer_Thompson_,44427,71
Jeong_Se-hyun_,112401,733
Jeremy_Greenstock_,140535,1390
Jeremy_Shockey_,175648,1667
Jerry_Falwell_,95911,376
Jerry_Regier_,91753,319
Jerry_Springer_,103931,543
Jesse_Harris_,125166,1060
Jesse_Jackson_,85057,237
Jesse_James_Leija_,158352,1595
Jesse_Ventura_,133449,1260
Jessica_Alba_,107600,618
Jessica_Lange_,113453,759
Jessica_Lynch_,157928,1586
Jia_Qinglin_,85891,244
Jiang_Zemin_,156935,1578
Jim_Carrey_,136486,1314
Jim_Edmonds_,99749,455
Jim_Furyk_,135433,1290
Jim_Hahn_,136027,1302
Jim_Harrick_,99956,459
Jim_OBrien_,94665,361
Jim_Tressel_,137548,1327
Jimmy_Carter_,94500,357
Jimmy_Kimmel_,129737,1171
Jiri_Novak_,74543,145
Jo_Dee_Messina_,130670,1186
Joan_Claybrook_,113285,756
Joan_Laporta_,93581,342
Job_Cohen_,0,25
Jodie_Foster_,142966,1437
Joe_Calzaghe_,91600,316
Joe_Dumars_,114865,793
Joe_Gatti_,133588,1263
Joe_Lieberman_,123694,1027
Joe_Mantello_,71907,130
Joe_Nichols_,137833,1332
Joe_Torre_,104352,552
Joerg_Haider_,181139,1675
John_Abizaid_,143896,1453
John_Allen_Muhammad_,100369,468
John_Ashcroft_,152300,1536
John_Banko_,119635,914
John_Blaney_,0,26
John_Bolton_,137254,1323
John_Brady_,85889,243
John_Cusack_,83461,219
John_Edwards_,99445,449
John_F_Kennedy_Jr_,98283,421
John_Garamendi_,119738,919
John_Howard_,109563,654
John_Jumper_,96598,388
John_Kerry_,111313,703
John_Malkovich_,90350,292
John_Manley_,112106,727
John_Mayer_,131036,1194
John_McCain_,121941,985
John_McCallum_,94847,363
John_McCormack_,82389,209
John_McEnroe_,76520,160
John_Negroponte_,80410,193
John_Paul_II_,142319,1422
John_Reid_,110294,678
John_Reilly_,111015,694
John_Rigas_,92150,322
John_Rosa_,0,27
John_Rowland_,131407,1201
John_Ruiz_,97894,413
John_Snow_,123666,1023
John_Spencer_,136347,1308
John_Stallworth_,132075,1218
John_Stockton_,129249,1159
John_Swofford_,90969,306
John_Taylor_,95970,377
John_Timoney_,68374,114
John_Travolta_,150533,1521
John_Walsh_,100325,465
John_Warner_,137019,1322
John_Wolf_,0,28
Johnny_Carson_,126662,1100
Johnny_Depp_,140552,1391
Johnny_Tapia_,162741,1627
Johnny_Unitas_,0,29
Johnson_Panjaitan_,146650,1480
Jolanta_Kwasniewski_,120425,936
Jon_Corzine_,113827,766
Jon_Gruden_,129496,1163
Jon_Voight_,137780,1330
Jonathan_Edwards_,77264,164
Jonathan_Mostow_,144067,1456
Jong_Thae_Hwa_,134357,1276
Jong_Wook_Lee_,90601,298
Jorge_Arce_,124655,1051
Jorge_Batlle_,122566,1001
Jorge_Castaneda_,94925,364
Jorge_Rodolfo_Canicoba_Corral_,76013,159
Jorge_Valdano_,167653,1649
Joschka_Fischer_,91520,315
Jose_Canseco_,126316,1088
Jose_Dirceu_,138717,1359
Jose_Manuel_Durao_Barroso_,133355,1258
Jose_Maria_Aznar_,90428,293
Jose_Mourinho_,128245,1132
Jose_Sarney_,101720,497
Jose_Serra_,108778,643
Jose_Theodore_,121725,975
Jose_Viegas_Filho_,111786,714
Joseph_Biden_,95282,366
Joseph_Blatter_,116932,836
Joseph_Deiss_,73819,142
Joseph_Estrada_,96717,389
Joseph_Ralston_,138864,1362
Juan_Carlos_Ferrero_,122405,995
Juan_Ignacio_Chela_,87107,255
Juan_Manuel_Marquez_,119065,901
Juan_Pablo_Montoya_,99717,454
Juan_Valencia_Osorio_,114510,787
Juanes_,138016,1341
Jude_Law_,179649,1672
Judi_Dench_,159271,1601
Judy_Genshaft_,103723,536
Juergen_Peters_,109752,659
Julia_Tymoshenko_,107783,623
Julianna_Margulies_,148447,1497
Julianne_Moore_,105592,581
Julie_Gerberding_,117410,850
Julie_Taymor_,111486,708
Julio_Iglesias_Jr_,158309,1594
Junichiro_Koizumi_,137968,1338
Justin_Gatlin_,68933,117
Justin_Guarini_,136395,1312
Justin_Leonard_,109553,653
Justin_Timberlake_,120692,945
Justine_Henin_,180029,1673
Justine_Pasek_,108550,639
Kalpana_Chawla_,141445,1406
Kamal_Kharrazi_,129508,1164
Karen_Mok_,157962,1588
Karin_Stoiber_,84913,234
Kate_Capshaw_,105335,574
Kate_Hudson_,144148,1458
Kate_Winslet_,117621,857
Katherine_Harris_,119685,917
Kathleen_Glynn_,146479,1478
Kathleen_Kennedy_Townsend_,153585,1545
Kathryn_Bigelow_,142067,1416
Kathy_Winters_,117450,852
Katie_Harman_,148457,1498
Keanu_Reeves_,128201,1128
Keira_Knightley_,105484,578
Keith_Bogans_,126410,1091
Kelli_White_,115686,818
Kelly_Clarkson_,0,30
Kelvin_Sampson_,113946,769
Kemal_Dervis_,96878,392
Ken_Macha_,124759,1054
Ken_Watanabe_,161271,1615
Kenneth_Bowersox_,95975,379
Kenneth_Branagh_,110931,693
Kenneth_Evans_,0,31
Kent_Rominger_,128523,1140
Kevin_Costner_,146010,1474
Kevin_Spacey_,142885,1434
Kevin_Stallings_,98997,435
Kieran_Prendergast_,131274,1199
Kifah_Ajouri_,142117,1419
Kiki_Vandeweghe_,114219,781
Kim_Clijsters_,98641,428
Kim_Dae-jung_,147740,1489
Kim_Jin-sun_,127049,1106
Kim_Jong-Il_,86014,246
Kim_Ryong-sung_,114798,792
Kim_Yong-il_,117121,846
Kimi_Raikkonen_,120803,950
King_Abdullah_II_,125213,1063
Kirk_Ferentz_,128216,1129
Kirk_Johnson_,146479,1479
Kjell_Magne_Bondevik_,112388,732
Klaus_Zwickel_,129070,1153
Kobe_Bryant_,138042,1342
Kofi_Annan_,75898,158
Kosuke_Kitajima_,78161,171
Kristanna_Loken_,117960,862
Kristen_Breitweiser_,122793,1006
Kristin_Davis_,117617,855
Kurt_Busch_,153857,1548
Kurt_Russell_,143796,1452
Kurt_Warner_,67751,112
Kwon_Yang-sook_,141456,1407
LK_Advani_,111825,716
Laila_Ali_,0,32
Lana_Clarkson_,117990,864
Lance_Armstrong_,117260,848
Lance_Bass_,82701,212
Larry_Bowa_,118310,874
Larry_Brown_,92537,330
Larry_Coker_,133268,1255
Larry_Ellison_,106563,598
Larry_Johnson_,131100,1196
Larry_Lindsey_,87103,254
Larry_Lucchino_,125272,1065
Larry_Thompson_,111223,701
Lars_Von_Trier_,137492,1326
Latrell_Sprewell_,110050,672
Laura_Bush_,157593,1582
Laura_Hernandez_,112540,739
Laura_Linney_,139555,1377
Lauren_Hutton_,114471,786
Lauren_Killian_,83041,215
Laurent_Gbagbo_,109880,666
Laurent_Jalabert_,147325,1487
Lawrence_MacAulay_,100854,481
LeAnn_Rimes_,108562,640
LeBron_James_,141261,1400
Lea_Fastow_,118708,883
Leander_Paes_,126793,1101
Lech_Walesa_,133722,1267
Lee_Hoi-chang_,162094,1622
Lee_Jun_,88083,262
Lee_Soo-hyuck_,139710,1380
Lee_Tae-sik_,128658,1147
Leland_Chapman_,123221,1014
Len_Jenoff_,75482,153
Lennox_Lewis_,151595,1530
Lenny_Wilkens_,88338,263
Leon_LaPorte_,134795,1284
Leonard_Hamilton_,106179,589
Leonardo_DiCaprio_,129756,1172
Leonid_Kuchma_,75364,151
Lesley_McCulloch_,126439,1092
Leslie_Ann_Woodward_,0,33
Leslie_Caldwell_,137887,1335
Leslie_Moonves_,142788,1432
Leszek_Miller_,158990,1598
Li_Peng_,121056,963
Li_Zhaoxing_,122787,1005
Liam_Neeson_,103988,546
Lili_Taylor_,142362,1424
Lily_Tomlin_,0,34
Lim_Dong-won_,118134,866
Lina_Krasnoroutskaya_,121880,983
Lindsay_Benko_,115361,810
Lindsay_Davenport_,123641,1022
Lindsey_Graham_,125133,1058
Lino_Oviedo_,147033,1483
Lionel_Richie_,112982,750
Lisa_Gottsegen_,138389,1351
Lisa_Ling_,139390,1371
Lisa_Marie_Presley_,109926,668
Lisa_Raymond_,103667,533
Liu_Mingkang_,168699,1653
Liza_Minnelli_,122562,1000
Lleyton_Hewitt_,110091,673
Lloyd_Ward_,127836,1120
Lon_Kruger_,92321,326
Lord_Hutton_,89174,272
Lou_Piniella_,84574,227
Luciano_Pavarotti_,138621,1355
Lucio_Gutierrez_,120161,928
Lucy_Liu_,101189,487
Ludivine_Sagnier_,200629,1679
Luis_Ernesto_Derbez_Bautista_,135166,1286
Luis_Figo_,86243,248
Luis_Gonzalez_Macchi_,114141,778
Luis_Horna_,99422,448
Luiz_Felipe_Scolari_,161071,1613
Luiz_Inacio_Lula_da_Silva_,119279,910
Luke_Walton_,63778,103
Lyle_Vanclief_,89747,281
Lynn_Abraham_,122201,991
Lynn_Redgrave_,112436,734
Lynne_Cheney_,104537,557
Mack_Brown_,139084,1366
Madeleine_Albright_,122428,996
Madonna_,107672,619
Magdalena_Maleeva_,70448,124
Maggie_Smith_,0,35
Magui_Serna_,126161,1086
Mahathir_Mohamad_,160834,1612
Mahmoud_Abbas_,127244,1111
Makhdoom_Amin_Fahim_,112093,726
Manfred_Stolpe_,109515,652
Manuel_Poggiali_,0,36
Marat_Safin_,89041,270
Marc-Andre_Fleury_,0,37
Marc_Grossman_,118794,888
Marcelo_Ebrard_,69885,121
Marcelo_Rios_,120982,962
Marcelo_Salas_,106959,605
Marco_Antonio_Barrera_,110830,691
Marcus_Gronholm_,141559,1409
Margaret_Thatcher_,105224,572
Maria_Luisa_Mendonca_,154661,1557
Maria_Shriver_,150706,1523
Maria_Soledad_Alvear_Valenzuela_,138242,1348
Mariah_Carey_,126554,1095
Mariana_Pollack_,116581,833
Mariangel_Ruiz_Torrealba_,68622,116
Marie-Reine_Le_Gougne_,159005,1599
Marieta_Chrousala_,125177,1062
Marilyn_Monroe_,112637,743
Marina_Anissina_,75056,150
Mario_Cipollini_,118988,897
Mario_Dumont_,104923,566
Mario_Kreutzberger_,147289,1486
Marisa_Tomei_,136083,1304
Marissa_Jaret_Winokur_,119444,912
Mark_Cuban_,131525,1206
Mark_Dacey_,169563,1654
Mark_Geragos_,115679,817
Mark_Gottfried_,137802,1331
Mark_Hamister_,115451,813
Mark_Heller_,152019,1534
Mark_Hurlbert_,132654,1241
Mark_Philippoussis_,96090,383
Mark_Richt_,88049,261
Mark_Schweiker_,104449,554
Mark_Wahlberg_,137868,1334
Mark_Warner_,138740,1360
Markus_Naslund_,63139,100
Marlene_Weingartner_,123484,1020
Martha_Beatriz_Roque_,140496,1388
Martha_Bowen_,84847,232
Martha_Burk_,125215,1064
Martha_Lucia_Ramirez_,120874,958
Martha_Stewart_,98998,436
Martin_Brodeur_,132492,1239
Martin_Cauchon_,137856,1333
Martin_Hoellwarth_,130365,1182
Martin_McCauley_,148640,1500
Martin_McGuinness_,132133,1222
Martin_Scorsese_,107696,620
Martin_Sheen_,143607,1450
Martin_Verkerk_,55222,80
Martina_Hingis_,69119,119
Martina_McBride_,132091,1219
Marty_Mornhinweg_,100274,464
Marwan_Barghouthi_,142369,1425
Mary-Kate_Olsen_,110252,677
Mary_Carey_,104263,549
Mary_Landrieu_,173445,1661
Mary_Steenburgen_,164799,1636
Mary_Tyler_Moore_,60743,94
Masahiko_Nagasawa_,115171,801
Masum_Turker_,110598,685
Mathias_Reichhold_,138045,1343
Matt_Damon_,118196,871
Matt_Dillon_,118867,890
Matt_Doherty_,88361,264
Matthew_Broderick_,103247,527
Matthew_Perry_,54465,79
Maureen_Fanning_,118473,879
Max_Mayfield_,135986,1301
Megan_Mullally_,154108,1553
Megawati_Sukarnoputri_,186288,1678
Meghann_Shaughnessy_,101539,492
Mel_Brooks_,119766,920
Mel_Gibson_,112727,745
Melanie_Griffith_,106699,600
Melissa_Etheridge_,0,38
Meryl_Streep_,101365,490
Mesut_Yilmaz_,118413,877
Mian_Khursheed_Mehmood_Kasuri_,164613,1635
Michael_Ballack_,101525,491
Michael_Bloomberg_,98240,420
Michael_Caine_,120841,954
Michael_Capellas_,73037,137
Michael_Chang_,137018,1321
Michael_Chiklis_,99301,443
Michael_Douglas_,107825,624
Michael_J_Sheehan_,98650,429
Michael_Jackson_,165433,1644
Michael_Jordan_,121839,980
Michael_Keaton_,159302,1602
Michael_Kostelnik_,119132,904
Michael_Leavitt_,110409,680
Michael_Moore_,0,39
Michael_Patrick_King_,139537,1376
Michael_Phelps_,95454,369
Michael_Powell_,100705,477
Michael_Schumacher_,110726,690
Michael_Sullivan_,97450,401
Michael_Winterbottom_,131973,1216
Michel_Duclos_,120733,947
Michel_Temer_,106501,597
Michel_Therrien_,156521,1574
Michelle_Branch_,107843,626
Michelle_Collins_,100191,462
Michelle_Kwan_,102476,510
Michelle_Pfeiffer_,119826,922
Michelle_Rodriguez_,107498,616
Michelle_Yeoh_,116259,828
Mick_Jagger_,116399,831
Miguel_Contreras_,0,40
Miguel_Estrada_,113790,763
Mike_Babcock_,162332,1624
Mike_Brey_,98578,426
Mike_Helton_,0,41
Mike_Holmgren_,132471,1235
Mike_Krzyzewski_,119286,911
Mike_Martz_,77194,163
Mike_Miller_,55984,81
Mike_Montgomery_,66800,110
Mike_Myers_,139451,1375
Mike_Price_,103840,541
Mike_Scioscia_,51303,75
Mike_Tyson_,82388,208
Mike_Weir_,102541,513
Mikhail_Gorbachev_,79351,180
Mikhail_Kasyanov_,121577,971
Mikhail_Wehbe_,84925,235
Mikhail_Youzhny_,111860,718
Mikulas_Dzurinda_,56921,87
Milo_Djukanovic_,0,42
Milo_Maestrecampo_,123181,1013
Minnie_Driver_,140269,1386
Mireya_Moscoso_,109570,655
Miroljub_,86490,250
Mitchell_Daniels_,112376,731
Mitoji_Yabunaka_,161828,1620
Miyako_Miyazaki_,165278,1643
Mohamed_Benaissa_,110165,675
Mohamed_ElBaradei_,95640,372
Mohammad_Khatami_,106814,604
Mohammed_Al-Douri_,118623,882
Mohammed_Baqir_al-Hakim_,140916,1396
Monica_Bellucci_,156200,1569
Monica_Lewinsky_,142831,1433
Monica_Seles_,98141,417
Monique_Garbrecht-Enfeldt_,87907,260
Morgan_Freeman_,113658,761
Moshe_Katsav_,93550,341
Muammar_Gaddafi_,124426,1044
Muhammad_Ali_,115384,811
Muhammad_Saeed_al-Sahhaf_,120657,942
Mukesh_Ambani_,111783,713
Munir_Akram_,102884,520
Nabil_Shaath_,97906,414
Nadia_Petrova_,102534,512
Nadine_Vinzens_,88405,265
Naji_Sabri_,121188,966
Nan_Wang_,161566,1617
Nancy_Demme_,80947,196
Nancy_Pelosi_,129098,1155
Nancy_Reagan_,0,43
Nancy_Sinatra_,103739,538
Nanni_Moretti_,111719,711
Naomi_Campbell_,138355,1350
Naomi_Watts_,118174,869
Naoto_Kan_,114686,788
Nasser_al-Kidwa_,99339,445
Nastassia_Kinski_,131932,1213
Natalie_Cole_,81814,201
Natalie_Coughlin_,75813,157
Natalie_Maines_,138790,1361
Natasha_McElhone_,148880,1502
Nathalie_Baye_,122752,1004
Nathan_Lane_,102666,514
Nebojsa_Pavkovic_,0,44
Nelson_Mandela_,125163,1059
Neri_Marcore_,142917,1435
Nestor_Kirchner_,83155,217
Nia_Vardalos_,99709,452
Nicanor_Duarte_Frutos_,119136,905
Nicholas_Byron_,111875,720
Nicholas_Tse_,0,45
Nick_Nolte_,94218,354
Nicolas_Cage_,125472,1069
Nicolas_Escude_,92603,331
Nicolas_Lapentti_,117618,856
Nicole_Kidman_,108515,637
Nikki_Reed_,165752,1645
Noah_Wyle_,106089,587
Noelle_Bush_,114075,775
Nora_Bendijo_,121171,965
Norah_Jones_,153061,1544
Norm_Coleman_,145483,1471
Norman_Jewison_,163310,1630
Norodom_Sihanouk_,94133,351
Nursultan_Nazarbayev_,103733,537
OJ_Simpson_,148291,1496
Oleksandr_Moroz_,128495,1139
Olesya_Bonabarenko_,63101,99
Olivia_Newton-John_,135643,1294
Omar_Sharif_,126163,1087
Oprah_Winfrey_,171208,1656
Orlando_Bloom_,128082,1127
Orrin_Hatch_,120808,951
Osama_bin_Laden_,113817,764
Oscar_De_La_Hoya_,110118,674
Oscar_Elias_Biscet_,152619,1540
Oswaldo_Paya_,105630,582
Owen_Wilson_,104313,551
Oxana_Fedorova_,143650,1451
Ozzy_Osbourne_,0,46
Padraig_Harrington_,74402,144
Pamela_Anderson_,120454,937
Paradorn_Srichaphan_,162109,1623
Paris_Hilton_,143382,1445
Parris_Glendening_,121982,987
Pascal_Lamy_,102826,519
Pascal_Quignard_,78655,176
Pat_Burns_,140216,1385
Pat_Cox_,126516,1093
Patrice_Chereau_,84533,226
Patricia_Clarkson_,175519,1666
Patricia_Heaton_,42382,69
Patrick_Ewing_,0,47
Patrick_Leahy_,97112,395
Patrick_McEnroe_,102268,507
Patrick_Roy_,147663,1488
Patrick_Stewart_,0,48
Patti_Labelle_,132057,1217
Patty_Schnyder_,105313,573
Paul-Henri_Mathieu_,78673,177
Paul_Bremer_,123262,1015
Paul_Burrell_,100340,466
Paul_Byrd_,75555,155
Paul_Coppin_,138287,1349
Paul_Gascoigne_,52707,77
Paul_Hogan_,102791,518
Paul_Kagame_,125296,1066
Paul_Martin_,116339,830
Paul_McCartney_,117616,854
Paul_McNulty_,133627,1265
Paul_ONeill_,101597,494
Paul_Patton_,140778,1393
Paul_Pierce_,101029,483
Paul_Sarbanes_,118890,892
Paul_Shanley_,104905,565
Paul_Tagliabue_,104611,562
Paul_Wellstone_,147184,1485
Paul_William_Hurley_,116754,835
Paul_Wolfowitz_,130836,1190
Paula_Radcliffe_,138080,1346
Paula_Zahn_,100745,479
Paulo_Cesar_Pinheiro_,121134,964
Pedro_Almodovar_,130415,1184
Pedro_Malan_,126947,1104
Pedro_Solbes_,107246,607
Penelope_Ann_Miller_,98364,423
Penelope_Cruz_,127853,1121
Pervez_Musharraf_,134870,1285
Pete_Carroll_,96947,393
Pete_Rose_,82304,207
Pete_Sampras_,73125,139
Peter_Arnett_,142968,1438
Peter_Bacanovic_,137475,1325
Peter_Costello_,142664,1431
Peter_Greenaway_,117983,863
Peter_Harrison_,89850,284
Peter_Hillary_,86318,249
Peter_Struck_,154437,1554
Petria_Thomas_,63812,104
Petro_Symonenko_,126079,1084
Phan_Van_Khai_,123674,1025
Phil_Gramm_,133846,1269
Phil_Mickelson_,95464,370
Phil_Vassar_,110558,684
Philippe_Noiret_,0,49
Pierce_Brosnan_,157111,1580
Pierre_Boulanger_,101801,498
Pierre_Pettigrew_,114950,797
Placido_Domingo_,142453,1428
Prince_Charles_,132390,1233
Prince_Claus_,133822,1268
Prince_Edward_,104931,567
Prince_Harry_,129132,1157
Prince_Naruhito_,116968,840
Prince_Willem-Alexander_,72155,131
Prince_William_,0,50
Princess_Aiko_,119120,903
Princess_Anne_,131463,1203
Princess_Caroline_,112601,740
Princess_Elisabeth_,84621,228
Princess_Masako_,121794,979
Priscilla_Owen_,103123,525
Priscilla_Presley_,109844,664
Pupi_Avati_,72867,136
Queen_Beatrix_,121462,968
Queen_Elizabeth_II_,79741,184
Queen_Latifah_,133260,1254
Queen_Rania_,77813,168
Rachel_Griffiths_,144515,1463
Rachel_Hunter_,0,51
Rafael_Ramirez_,147133,1484
Raghad_Saddam_Hussein_,70207,122
Rainer_Schuettler_,115712,819
Ralf_Schumacher_,127609,1115
Ralph_Firman_,102032,503
Ralph_Klein_,98412,425
Ralph_Lauren_,101045,485
Ranil_Wickremasinghe_,134773,1283
Raoul_Ruiz_,83141,216
Raquel_Welch_,132819,1245
Ray_Allen_,162992,1628
Ray_Nagin_,88738,268
Ray_Romano_,120499,940
Raymond_Odierno_,129696,1169
Rebecca_Romijn-Stamos_,109786,661
Rebekah_Chantay_Revels_,143321,1443
Recep_Tayyip_Erdogan_,126589,1096
Reese_Witherspoon_,102210,506
Reggie_Miller_,90265,290
Renee_Zellweger_,113078,753
Ricardo_Lagos_,132474,1237
Ricardo_Lopez_Murphy_,78413,174
Ricardo_Maduro_,102056,504
Ricardo_Monasterio_,90201,288
Ricardo_Sanchez_,59457,92
Rich_Gannon_,97538,405
Richard_Armitage_,97331,398
Richard_Branson_,139579,1378
Richard_Butler_,89878,285
Richard_Crenna_,136341,1307
Richard_Gephardt_,85063,238
Richard_Gere_,79565,181
Richard_Haass_,102027,502
Richard_Krajicek_,126883,1103
Richard_Myers_,91410,314
Richard_Norton-Taylor_,102097,505
Richard_Sambrook_,112633,742
Richard_Shelby_,103545,530
Richard_Virenque_,125375,1067
Richie_Adubato_,97811,411
Rick_Barnes_,89821,283
Rick_Carlisle_,95243,365
Rick_Dinse_,78527,175
Rick_Perry_,131140,1197
Rick_Pitino_,168507,1651
Rick_Romley_,90831,302
Rick_Santorum_,135184,1287
Rick_Stansbury_,74911,147
Rick_Wagoner_,0,52
Ricky_Barnes_,132169,1224
Ricky_Martin_,115455,814
Ricky_Ponting_,111475,707
Rio_Ferdinand_,118796,889
Rita_Grande_,89520,278
Rita_Moreno_,125177,1061
Rita_Wilson_,141436,1405
Rob_Lowe_,114111,777
Rob_Marshall_,160504,1606
Rob_Schneider_,0,53
Robbie_Fowler_,120846,955
Robbie_Williams_,109633,656
Robby_Ginepri_,99300,442
Robert_Blackwill_,146320,1476
Robert_Blake_,113321,757
Robert_Bonner_,122006,988
Robert_Bullock_,99224,441
Robert_DeFraites_,0,54
Robert_De_Niro_,116954,838
Robert_Duvall_,153880,1550
Robert_Ehrlich_,62031,95
Robert_Evans_,121727,976
Robert_Fico_,90170,287
Robert_Horan_,88622,267
Robert_Kocharian_,161868,1621
Robert_Mueller_,64793,108
Robert_Mugabe_,103807,539
Robert_Redford_,114162,780
Robert_Stack_,0,55
Robert_Torricelli_,139785,1381
Robert_Witt_,174545,1665
Robert_Zoellick_,93040,334
Roberto_Benigni_,110209,676
Roberto_Carlos_,163477,1632
Roberto_Marinho_,144346,1460
Robin_Cook_,82194,206
Robin_McLaurin_Williams_,163187,1629
Robinson_Stevenin_,79735,183
Rod_Blagojevich_,96030,381
Rod_Stewart_,136396,1313
Rodrigo_Borja_,86842,252
Roger_Clemens_,139661,1379
Roger_Federer_,173518,1662
Roger_Moore_,141935,1415
Rogerio_Romero_,121903,984
Roh_Moo-hyun_,136347,1309
Rolandas_Paksas_,111048,696
Rolf_Eckrodt_,124764,1055
Roman_Polanski_,103255,528
Romano_Prodi_,128245,1133
Ron_Dittemore_,94626,358
Ron_Howard_,117379,849
Ronald_Reagan_,129072,1154
Ronaldo_Luis_Nazario_de_Lima_,125457,1068
Roseanne_Barr_,161816,1618
Rosemarie_Stack_,129194,1158
Roy_Jones_Jr_,120968,961
Roy_Moore_,124601,1049
Roy_Williams_,155053,1559
Ruben_Studdard_,110462,682
Rubens_Barrichello_,124094,1035
Rudolph_Giuliani_,99063,439
Rupert_Grint_,118969,895
Rupert_Murdoch_,118721,886
Russell_Coutts_,90606,299
Russell_Crowe_,98933,433
Russell_Simmons_,132352,1229
Ruth_Dreifuss_,169572,1655
Ruth_Harlow_,0,56
S_Jayakumar_,131144,1198
Saburo_Kawabuchi_,145639,1472
Sachiko_Yamada_,96166,384
Saddam_Hussein_,108843,644
Sadie_Frost_,92238,323
Saeb_Erekat_,99975,460
Sally_Field_,84264,224
Sally_Kirkland_,116274,829
Sally_Ride_,104991,569
Salma_Hayek_,127815,1117
Salman_Rushdie_,107899,628
Sam_Bith_,136570,1316
Sam_Mendes_,0,57
Sam_Torrance_,142655,1430
Samira_Makhmalbaf_,0,58
Sammy_Sosa_,147845,1493
Samuel_Waksal_,109049,647
Sandra_Bullock_,104471,556
Saparmurat_Niyazov_,0,59
Sarah_Hughes_,122233,992
Sarah_Jessica_Parker_,119078,902
Sarah_Michelle_Gellar_,120315,934
Scott_McClellan_,122360,994
Scott_McNealy_,120196,931
Scott_Peterson_,128576,1144
Scott_Ritter_,165188,1641
Scott_Rudin_,153865,1549
Scott_Sullivan_,100728,478
Scott_Wolf_,133630,1266
Sean_Astin_,133195,1250
Sean_Hayes_,165266,1642
Sean_OKeefe_,100414,469
Sean_Patrick_OMalley_,115927,821
Sean_Penn_,125948,1080
Sebastian_Saja_,132482,1238
Sebastien_Grosjean_,150525,1520
Sepp_Blatter_,119243,909
Serena_Williams_,111848,717
Sergei_Ivanov_,77533,166
Sergey_Lavrov_,141774,1413
Sergio_Garcia_,80096,189
Sergio_Vieira_De_Mello_,120561,941
Shane_Mosley_,104887,564
Shane_Warne_,134136,1273
Shannon_OBrien_,121620,973
Sharon_Davis_,107074,606
Sharon_Frey_,104462,555
Sharon_Osbourne_,132184,1225
Sharon_Stone_,124894,1056
Shaukat_Aziz_,148950,1504
Shaul_Mofaz_,108435,635
Sheila_Copps_,123421,1017
Sheila_Fraser_,128918,1150
Sheila_Wellstone_,123764,1029
Sheryl_Crow_,119795,921
Shia_LaBeouf_,97483,404
Shimon_Peres_,125826,1076
Sila_Calderon_,96040,382
Silvan_Shalom_,117021,843
Silvia_Farina_Elia_,122051,990
Silvio_Berlusconi_,82029,204
Silvio_Fernandez_,171504,1657
Simon_Cowell_,134605,1279
Slobodan_Milosevic_,85533,241
Sonia_Gandhi_,133404,1259
Sophia_Loren_,138881,1363
Sourav_Ganguly_,176956,1670
Spencer_Abraham_,117008,841
Stacy_Dragila_,111604,709
Stan_Heath_,153716,1546
Stanley_McChrystal_,39684,68
Stanley_Tong_,131854,1211
Stefano_Accorsi_,105221,571
Steffi_Graf_,126403,1089
Stellan_Skarsgard_,57460,88
Stephen_Ambrose_,109046,646
Stephen_Daldry_,132780,1242
Stephen_Friedman_,120669,943
Steve_Backley_,103033,522
Steve_Ballmer_,102343,509
Steve_Lavin_,114090,776
Steve_Mariucci_,73595,141
Steve_Nash_,92312,325
Steve_Park_,118190,870
Steve_Spurrier_,56280,85
Steve_Waugh_,139924,1383
Steven_Hatfill_,101715,496
Steven_Seagal_,73357,140
Steven_Spielberg_,80845,195
Stockard_Channing_,134617,1280
Strom_Thurmond_,129109,1156
Sue_Wicks_,89609,279
Surakait_Sathirathai_,160575,1609
Susan_Collins_,127709,1116
Susan_Sarandon_,157987,1589
Susie_Castillo_,156198,1568
Susilo_Bambang_Yudhoyono_,132382,1230
Suzanne_Gaudet_,0,60
Svetlana_Koroleva_,98639,427
Sylvester_Stallone_,131041,1195
Taha_Yassin_Ramadan_,140770,1392
Takashi_Sorimachi_,111171,700
Tamara_Brooks_,132813,1244
Tammy_Lynn_Michaels_,135737,1295
Tang_Jiaxuan_,148037,1494
Tariq_Aziz_,130810,1189
Tassos_Papadopoulos_,149454,1509
Taufik_Hidayat_,158211,1592
Ted_Maher_,135879,1298
Terje_Roed-Larsen_,117909,861
Terrell_Suggs_,128532,1141
Terry_McAuliffe_,128557,1142
Terry_Stotts_,59853,93
Thabo_Mbeki_,118166,868
Thaksin_Shinawatra_,94137,352
Theo_Epstein_,117502,853
Theodore_Tweed_Roosevelt_,106282,593
Theresa_May_,89398,276
Thierry_Falise_,91164,311
Thomas_Birmingham_,133536,1261
Thomas_Bjorn_,114055,774
Thomas_Fargo_,156326,1572
Thomas_Malchow_,78412,173
Thomas_OBrien_,132929,1247
Thomas_Rupprath_,62981,97
Thomas_Wyman_,139026,1365
Tiger_Woods_,151175,1526
Tim_Allen_,98136,416
Tim_Chapman_,100255,463
Tim_Conway_,155498,1562
Tim_Curry_,152789,1541
Tim_Duncan_,129015,1151
Tim_Floyd_,114707,789
Tim_Henman_,138240,1347
Tim_Robbins_,107775,622
Tippi_Hedren_,130919,1192
Todd_Haynes_,137984,1339
Tom_Brady_,47420,72
Tom_Coverdale_,93124,336
Tom_Craddick_,88796,269
Tom_Crean_,119857,923
Tom_Cruise_,129399,1162
Tom_Daschle_,106343,594
Tom_Glavine_,131884,1212
Tom_Hanks_,128003,1123
Tom_Harkin_,167580,1648
Tom_Jones_,136888,1319
Tom_Reilly_,109853,665
Tom_Ridge_,107534,617
Tom_Watson_,141310,1402
Tommy_Franks_,115226,806
Tommy_Haas_,64559,106
Tommy_Robredo_,123483,1019
Tommy_Thompson_,106270,591
Tomoko_Hagiwara_,90574,297
Toni_Braxton_,136220,1306
Tony_Bennett_,139882,1382
Tony_Blair_,106369,595
Tony_Curtis_,0,61
Tony_Parker_,120295,933
Tony_Shalhoub_,143179,1441
Tony_Stewart_,87686,258
Torri_Edwards_,118953,894
Toshihiko_Fukui_,129568,1166
Tracee_Ellis_Ross_,0,62
Tracy_McGrady_,142223,1420
Trent_Lott_,112010,723
Tsutomu_Takebe_,0,63
Tubby_Smith_,67977,113
Tung_Chee-hwa_,127832,1119
Tyler_Hamilton_,101215,488
Tyra_Banks_,0,64
Tyron_Garner_,91800,320
Uma_Thurman_,108521,638
Vaclav_Havel_,105914,585
Vaclav_Klaus_,131342,1200
Valdas_Adamkus_,77620,167
Valentino_Rossi_,154855,1558
Valerie_Harper_,126002,1082
Valery_Giscard_dEstaing_,79610,182
Vanessa_Incontrada_,118884,891
Vanessa_Redgrave_,56237,84
Vanessa_Williams_,114760,790
Venus_Williams_,135379,1289
Vicente_Fernandez_,118716,884
Vicente_Fox_,175760,1668
Vicki_Zhao_Wei_,138004,1340
Victoria_Beckham_,133258,1253
Victoria_Clarke_,132140,1223
Vidar_Helgesen_,114760,791
Vin_Diesel_,85921,245
Vince_Carter_,101892,500
Vince_Gill_,145885,1473
Vincent_Brooks_,132824,1246
Vincent_Gallo_,37034,67
Vitali_Klitschko_,119945,926
Vivica_Fox_,129962,1174
Vladimir_Putin_,124902,1057
Vladimir_Spidla_,119195,906
Vladimir_Voltchkov_,91650,317
Vladimiro_Montesinos_,106727,601
Vojislav_Kostunica_,124305,1042
Walter_Mondale_,135931,1299
Wang_Yi_,128841,1148
Wang_Yingfan_,143924,1454
Warren_Beatty_,163993,1633
Warren_Buffett_,102672,515
Wayne_Ferreira_,82436,210
Wayne_Gretzky_,104584,560
Wen_Jiabao_,120474,938
Wesley_Clark_,111872,719
Will_Smith_,152960,1543
William_Bratton_,136058,1303
William_Bulger_,102500,511
William_Burns_,141760,1412
William_Donaldson_,135632,1293
William_Ford_Jr_,150507,1519
William_Hochul_,81190,198
William_Macy_,44316,70
William_Martin_,103579,531
William_Rehnquist_,139230,1368
Win_Aung_,128057,1126
Winona_Ryder_,100750,480
Wolfgang_Schuessel_,142115,1418
Woody_Allen_,155562,1563
Wu_Yi_,130193,1178
Xanana_Gusmao_,133179,1249
Xavier_Malisse_,89310,274
Yann_Martel_,109672,658
Yao_Ming_,115256,808
Yasar_Yakis_,121865,981
Yashwant_Sinha_,112534,738
Yasser_Arafat_,115152,800
Yevgeny_Kafelnikov_,79120,179
Yoko_Ono_,113420,758
Yoriko_Kawaguchi_,137301,1324
Yossi_Beilin_,115183,802
Yu_Shyi-kun_,148514,1499
Yukiko_Okudo_,127822,1118
Yuri_Fedotov_,131517,1205
Yuri_Malenchenko_,0,65
Zafarullah_Khan_Jamali_,151868,1532
Zarai_Toledo_,98090,415
Zhang_Wenkang_,152403,1537
Zhang_Ziyi_,121475,969
Zhu_Rongji_,115763,820
Zico_,77878,169
Zinedine_Zidane_,126633,1098
Zoran_Djindjic_,82657,211
