Name,Highest Rank,Fused Ranks
,,
,,
Aaron_Peirsol_,254,641
Aaron_Sorkin_,107,300
Abdel_Nasser_Assidi_,1,1
Abdoulaye_Wade_,592,1192
Abdullah_,651,1259
Abdullah_Gul_,303,734
Abdullah_al-Attiyah_,363,843
Abdullatif_Sener_,2,4
Abel_Pacheco_,1110,1593
Abid_Hamid_Mahmud_Al-Tikriti_,533,1106
Adam_Sandler_,496,1059
Adam_Scott_,767,1374
Adel_Al-Jubeir_,915,1494
Adolfo_Aguilar_Zinser_,1098,1589
Adolfo_Rodriguez_Saa_,937,1506
Adrian_McPherson_,569,1168
Adrian_Nastase_,75,212
Adrien_Brody_,392,892
Ahmad_Masood_,1397,1664
Ahmed_Chalabi_,389,884
Ahmet_Necdet_Sezer_,41,118
Ai_Sugiyama_,1089,1584
Aicha_El_Ouafi_,252,636
Aitor_Gonzalez_,1649,1679
Akbar_Hashemi_Rafsanjani_,258,649
Akhmed_Zakayev_,157,421
Al_Davis_,400,905
Al_Gore_,179,478
Al_Pacino_,457,1001
Al_Sharpton_,1255,1634
Alan_Ball_,440,978
Alan_Greenspan_,922,1496
Alan_Mulally_,62,179
Alastair_Campbell_,347,813
Albert_Costa_,501,1066
Alberto_Fujimori_,851,1447
Alberto_Ruiz_Gallardon_,3,7
Albrecht_Mentz_,440,979
Aldo_Paredes_,274,679
Alec_Baldwin_,208,543
Alejandro_Atchugarry_,301,729
Alejandro_Avila_,76,215
Alejandro_Toledo_,504,1071
Aleksander_Kwasniewski_,222,573
Alex_Barros_,366,848
Alex_Penelas_,321,769
Alex_Sink_,34,99
Alexander_Downer_,176,469
Alexander_Losyukov_,443,984
Alexander_Rumyantsev_,300,726
Alexandra_Stevenson_,163,436
Alexandra_Vodjanikova_,343,804
Ali_Abbas_,143,388
Ali_Khamenei_,1051,1569
Ali_Naimi_,429,959
Alice_Fisher_,106,297
Alicia_Silverstone_,346,810
Alimzhan_Tokhtakhounov_,510,1079
Alison_Lohman_,472,1032
Allen_Iverson_,585,1187
Allison_Janney_,779,1387
Allyson_Felix_,317,761
Alvaro_Noboa_,25,73
Alvaro_Silva_Calderon_,856,1451
Alvaro_Uribe_,148,400
Amanda_Beard_,425,952
Amanda_Bynes_,53,154
Amanda_Coetzer_,428,956
Amber_Tamblyn_,73,207
Amelia_Vega_,162,433
Amelie_Mauresmo_,571,1172
Amer_al-Saadi_,180,480
Amram_Mitzna_,78,221
Ana_Guevara_,769,1377
Ana_Palacio_,220,568
Anastasia_Myskina_,37,107
Anders_Ebbeson_,1229,1628
Anders_Fogh_Rasmussen_,769,1378
Andre_Agassi_,443,985
Andrei_Mikhnevich_,223,576
Andrew_Bunner_,417,934
Andrew_Cuomo_,178,475
Andrew_Niccol_,94,266
Andrew_Weissmann_,584,1186
Andy_Hebb_,378,869
Andy_Roddick_,970,1530
Angela_Bassett_,533,1107
Angela_Lansbury_,20,58
Angela_Merkel_,45,130
Angelina_Jolie_,449,992
Angelo_Reyes_,508,1076
Anibal_Ibarra_,534,1108
Ann_Veneman_,223,577
Anna_Kournikova_,138,376
Anna_Nicole_Smith_,458,1004
Anne_Krueger_,845,1442
Anne_McLellan_,281,691
Anneli_Jaatteenmaki_,101,283
Annette_Bening_,99,277
Annette_Lu_,11,31
Anthony_Fauci_,211,549
Anthony_Hopkins_,1040,1566
Anthony_LaPaglia_,1281,1637
Antonio_Banderas_,669,1277
Antonio_Palocci_,331,783
Antonio_Trillanes_,1022,1557
Antony_Leung_,968,1528
Anwar_Ibrahim_,353,823
Arantxa_Sanchez-Vicario_,467,1021
Ari_Fleischer_,39,112
Arianna_Huffington_,750,1360
Ariel_Sharon_,121,333
Arlen_Specter_,63,182
Arminio_Fraga_,947,1514
Arnaud_Clement_,556,1144
Arnold_Palmer_,985,1535
Arnold_Schwarzenegger_,667,1275
Arnoldo_Aleman_,269,671
Aron_Ralston_,152,409
Arsinee_Khanjian_,982,1534
Art_Hoffmann_,68,196
Art_Howe_,171,456
Arturo_Gatti_,298,722
Arye_Mekel_,831,1428
Asa_Hutchinson_,42,121
Ashanti_,888,1473
Ashton_Kutcher_,578,1180
Atal_Bihari_Vajpayee_,998,1541
Augustin_Calleri_,748,1357
Augusto_Pinochet_,110,306
Augusto_Roa_Bastos_,703,1319
Aung_San_Suu_Kyi_,939,1507
Azra_Akin_,376,865
Barbara_Brezigar_,156,419
Barbara_Walters_,362,840
Barbra_Streisand_,462,1011
Barrett_Jackman_,415,932
Barry_Alvarez_,108,302
Barry_Zito_,605,1205
Bashar_Assad_,555,1143
Begum_Khaleda_Zia_,842,1438
Ben_Affleck_,346,811
Ben_Curtis_,992,1537
Ben_Glisan_,410,920
Ben_Howland_,156,420
Benazir_Bhutto_,103,289
Benjamin_Netanyahu_,614,1215
Bernard_Landry_,44,127
Bernard_Law_,577,1178
Bernard_Lord_,247,626
Bernardo_Segura_,201,528
Bertie_Ahern_,324,776
Bertrand_Bonello_,1104,1591
Beth_Jones_,748,1358
Betsy_Smith_,54,157
Bijan_Darvish_,512,1080
Bijan_Namdar_Zangeneh_,636,1241
Biljana_Plavsic_,411,923
Bill_Belichick_,4,10
Bill_Callahan_,297,720
Bill_Clinton_,69,199
Bill_Frist_,320,767
Bill_Gates_,99,278
Bill_Graham_,117,323
Bill_McBride_,870,1461
Bill_Nelson_,271,674
Bill_Parcells_,669,1278
Bill_Paxton_,1204,1625
Bill_Simon_,554,1142
Bill_Sizemore_,199,524
Billy_Crystal_,146,395
Billy_Graham_,41,119
Billy_Sollie_,527,1098
Binyamin_Ben-Eliezer_,452,996
Blythe_Danner_,635,1239
Blythe_Hartley_,174,463
Bo_Pelini_,278,686
Bo_Ryan_,643,1248
Bob_Beauprez_,343,805
Bob_Colvin_,86,245
Bob_Dole_,49,142
Bob_Geldof_,164,438
Bob_Graham_,55,160
Bob_Hope_,38,109
Bob_Huggins_,641,1247
Bob_Stoops_,483,1043
Bobby_Goldwater_,1117,1597
Bobby_Robson_,700,1315
Bode_Miller_,509,1078
Bono_,12,34
Boris_Becker_,16,46
Boris_Berezovsky_,286,703
Boris_Yeltsin_,573,1176
Brad_Garrett_,944,1511
Brad_Johnson_,75,213
Branko_Crvenkovski_,975,1532
Brendan_Hansen_,28,82
Brian_Cowen_,1,2
Brian_Griese_,525,1095
Brian_Heidik_,692,1307
Brian_Mulroney_,252,637
Brian_Wells_,302,731
Bridget_Fonda_,592,1193
Bridgette_Wilson-Sampras_,613,1214
Brigitte_Boisselier_,582,1183
Britney_Spears_,48,139
Brooke_Shields_,224,579
Bruce_Springsteen_,363,844
Bruce_Van_De_Velde_,98,275
Bruce_Weber_,536,1111
Bud_Selig_,380,874
Bulent_Ecevit_,448,991
Butch_Davis_,190,505
Byron_Scott_,536,1112
Calista_Flockhart_,73,208
Cameron_Diaz_,671,1279
Camilla_Parker_Bowles_,539,1117
Candice_Bergen_,142,385
Candie_Kung_,549,1131
Carl_Reiner_,698,1313
Carla_Del_Ponte_,183,486
Carla_Myers_,176,470
Carlo_Ancelotti_,602,1202
Carlos_Bianchi_,892,1476
Carlos_Ghosn_,640,1245
Carlos_Manuel_Pruneda_,60,174
Carlos_Menem_,618,1219
Carlos_Mesa_,294,717
Carlos_Moya_,485,1044
Carlos_Ortega_,35,102
Carlos_Quintanilla_Schmidt_,841,1436
Carlos_Ruiz_,538,1115
Carlos_Vives_,186,494
Carly_Fiorina_,185,491
Carmen_Electra_,220,569
Carol_Burnett_,911,1490
Carol_Moseley_Braun_,498,1063
Carolina_Kluft_,74,209
Carolina_Moraes_,179,479
Caroline_Kennedy_,747,1356
Carolyn_Dawn_Johnson_,687,1301
Carrie-Anne_Moss_,543,1122
Carson_Daly_,149,402
Carson_Palmer_,355,826
Cate_Blanchett_,23,67
Catherine_Deneuve_,410,921
Catherine_Zeta-Jones_,680,1293
Cathy_Freeman_,744,1351
Cecilia_Bolocco_,1067,1577
Celine_Dion_,875,1463
Celso_Amorim_,63,183
Cesar_Gaviria_,950,1516
Cesar_Maia_,902,1485
Chakib_Khelil_,33,96
Chan_Gailey_,857,1452
Chanda_Rubin_,1135,1602
Chang_Dae-whan_,28,83
Charles_Bronson_,561,1152
Charles_Grassley_,320,768
Charles_Kartman_,957,1522
Charles_Mathews_,203,533
Charles_Moose_,531,1102
Charles_Schumer_,542,1121
Charles_Taylor_,386,880
Charlie_Zaa_,733,1342
Charlotte_Rampling_,905,1487
Charlton_Heston_,644,1249
Chen_Liang_Yu_,887,1471
Chen_Shui-bian_,126,346
Cherie_Blair_,113,314
Chick_Hearn_,456,998
Chita_Rivera_,124,342
Choi_Sung-hong_,154,413
Chok_Tong_Goh_,312,750
Chris_Bell_,353,824
Chris_Byrd_,87,247
Chris_Cooper_,104,292
Chris_Rock_,486,1046
Chris_Tucker_,662,1270
Christian_Fittipaldi_,314,754
Christian_Longo_,471,1030
Christian_Wulff_,3,8
Christina_Aguilera_,275,681
Christine_Baumgartner_,260,654
Christine_Ebersole_,144,391
Christine_Gregoire_,76,216
Christine_Todd_Whitman_,412,925
Christopher_Patten_,149,403
Christopher_Reeve_,37,108
Christopher_Walken_,341,800
Chuck_Amato_,134,367
Chuck_Yeager_,302,732
Chung_Mong-hun_,226,584
Chung_Mong-joon_,399,903
Cindy_Crawford_,5,13
Cindy_Margolis_,284,699
Ciro_Gomes_,400,906
Claire_Danes_,151,407
Claire_Hentzen_,155,416
Claire_Leger_,287,705
Clara_Harris_,422,947
Clare_Short_,352,821
Claudia_Pechstein_,719,1332
Claudia_Schiffer_,110,307
Clay_Aiken_,505,1073
Clint_Eastwood_,91,258
Colin_Farrell_,218,563
Colin_Jackson_,272,675
Colin_Montgomerie_,783,1391
Colin_Powell_,336,791
Conan_OBrien_,447,989
Conchita_Martinez_,219,566
Condoleezza_Rice_,172,458
Constance_Marie_,243,618
Coretta_Scott_King_,599,1199
Corinne_Coman_,536,1113
Costas_Simitis_,301,730
Courtney_Love_,339,797
Cristina_Fernandez_,317,762
Cristina_Saralegui_,192,509
Cruz_Bustamante_,277,685
Cyndi_Thompson_,202,531
Dai_Bachtiar_,30,88
Daisy_Fuentes_,517,1086
Dalai_Lama_,772,1384
Dale_Earnhardt_Jr_,396,897
Damon_van_Dam_,718,1331
Dan_Morales_,393,893
Dan_Wheldon_,753,1363
Daniel_Day-Lewis_,173,460
Daniel_Radcliffe_,706,1322
Daniela_Hantuchova_,208,544
Darrell_Issa_,239,609
Darrell_Porter_,229,589
Darren_Clarke_,739,1347
Daryl_Hannah_,771,1382
Dave_Campo_,153,411
David_Anderson_,648,1254
David_Beckham_,308,744
David_Bell_,261,656
David_Caraway_,781,1390
David_Caruso_,26,76
David_Coulthard_,563,1157
David_Dodge_,59,171
David_Heyman_,590,1190
David_Heymann_,395,896
David_Hyde_Pierce_,868,1459
David_Kelley_,225,581
David_Leahy_,496,1060
David_Myers_,12,35
David_Nalbandian_,860,1454
David_Spade_,423,948
David_Stern_,710,1324
David_Trimble_,99,279
David_Wells_,367,851
David_Wolf_,436,972
Dean_Barkley_,51,148
Debbie_Reynolds_,420,941
Debra_Brown_,243,619
Debra_Messing_,29,85
Demetrius_Ferraciu_,335,788
Demi_Moore_,847,1444
Denise_Johnson_,6,16
Dennis_Erickson_,21,61
Dennis_Hastert_,953,1518
Dennis_Kozlowski_,514,1082
Dennis_Kucinich_,2,5
Dennis_Powell_,647,1252
Denzel_Washington_,1166,1613
Derek_Jeter_,745,1352
Derek_Lowe_,1252,1633
Desiree_Lemosi_,479,1038
Dexter_Jackson_,1339,1653
Diana_Krall_,1099,1590
Diana_Munz_,562,1155
Diana_Taurasi_,768,1375
Diane_Green_,558,1147
Dianne_Feinstein_,230,592
Dick_Cheney_,837,1432
Dick_Clark_,170,453
Dick_Latessa_,114,316
Dick_Vermeil_,199,525
Dino_de_Laurentis_,532,1104
Dolly_Parton_,552,1137
Dolma_Tsering_,172,459
Dominik_Garcia-Lorido_,869,1460
Dominique_de_Villepin_,167,445
Don_Nickles_,812,1414
Don_Siegelman_,746,1353
Donald_Evans_,7,19
Donald_Fehr_,560,1151
Donald_Pettit_,406,915
Donald_Rumsfeld_,215,559
Donatella_Versace_,371,857
Donna_Shalala_,469,1025
Doris_Roberts_,72,205
Doris_Schroeder_,465,1017
Dorthy_Moxley_,82,233
Doug_Collins_,344,807
Doug_Duncan_,638,1244
Doug_Melvin_,162,434
Drew_Barrymore_,546,1126
Duane_Lee_Chapman_,679,1290
Dwayne_Johnson_,102,286
Ed_Rosenthal_,713,1325
Ed_Smart_,603,1204
Eddie_Sutton_,8,22
Eddy_Merckx_,346,812
Edie_Falco_,746,1354
Edmund_Hillary_,298,723
Edmund_Stoiber_,563,1158
Eduard_Shevardnadze_,609,1211
Eduardo_Duhalde_,248,629
Edward_James_Olmos_,64,185
Edward_Kennedy_,213,554
Edward_Lu_,175,466
Edward_Norton_,52,151
Edward_Said_,490,1051
Edwin_Edwards_,907,1489
Edwina_Currie_,140,380
Eileen_Coparropa_,787,1395
Elena_Bovina_,240,612
Eliane_Karp_,288,706
Elijah_Wood_,393,894
Elin_Nordegren_,127,349
Elinor_Caplan_,52,152
Elisabeth_Schumacher_,520,1089
Elizabeth_Dole_,966,1526
Elizabeth_Hurley_,1149,1604
Elizabeth_Shue_,257,647
Elizabeth_Smart_,265,663
Elizabeth_Taylor_,55,161
Ellen_DeGeneres_,9,25
Ellen_Engleman_,691,1306
Elsa_Zylberstein_,679,1291
Elton_John_,695,1310
Elvis_Presley_,102,287
Emanuel_Ginobili_,822,1421
Emile_Lahoud_,950,1517
Emily_Robison_,262,658
Emma_Thompson_,333,786
Emma_Watson_,241,613
Emmanuelle_Beart_,423,949
Emmit_Smith_,81,230
Enrique_Bolanos_,689,1304
Eric_Clapton_,887,1472
Eric_Hinske_,1282,1639
Eric_Robert_Rudolph_,729,1340
Eric_Rosser_,417,935
Erik_Morales_,882,1467
Erika_Christensen_,336,792
Erika_Harold_,1074,1580
Erin_Runnion_,702,1318
Ernesto_Zedillo_,222,574
Ernie_Els_,409,918
Ernie_Eves_,348,816
Ernie_Fletcher_,223,578
Ethan_Hawke_,249,632
Eunice_Barber_,544,1123
Eva_Dimas_,351,819
Evan_Rachel_Wood_,425,953
Evander_Holyfield_,946,1512
Eve_Pelletier_,80,227
Fabiola_Zuluaga_,377,868
Fabrice_Santoro_,429,960
Farouk_al-Sharaa_,1013,1553
Faye_Dunaway_,610,1213
Fayssal_Mekdad_,408,916
Federico_Trillo_,580,1181
Felipe_Perez_Roque_,955,1520
Felix_Mantilla_,627,1232
Ferenc_Madl_,43,124
Fernando_Gonzalez_,768,1376
Fernando_Henrique_Cardoso_,622,1226
Fernando_Vargas_,177,472
Fidel_Castro_,245,622
Filippo_Inzaghi_,23,68
Flavia_Delaroli_,385,878
Flor_Montulo_,112,311
Fran_Drescher_,168,447
Frances_Fisher_,224,580
Francis_Ford_Coppola_,290,710
Francis_George_,733,1343
Francis_Mer_,602,1203
Francisco_Flores_,849,1445
Franco_Dragone_,810,1412
Frank_Cassell_,644,1250
Frank_Dunham_Jr_,464,1015
Frank_Griswold_,142,386
Frank_Lautenberg_,175,467
Frank_Solich_,421,944
Frank_Stallone_,387,882
Franko_Simatovic_,616,1217
Franz_Beckenbauer_,197,520
Franz_Fischler_,405,914
Franz_Muentefering_,492,1053
Fred_Eckhard_,19,55
Fred_Funk_,148,401
Fred_Thompson_,940,1508
Freddy_Garcia_,376,866
Fujio_Cho_,996,1539
GL_Peiris_,283,696
Gabriel_Batistuta_,932,1502
Gabriel_Valdes_,640,1246
Gao_Qiang_,155,417
Garry_Kasparov_,91,259
Garry_Trudeau_,469,1026
Gary_Bergeron_,231,595
Gary_Carter_,1052,1570
Gary_Doer_,108,303
Gary_Forsee_,312,751
Gary_Locke_,410,922
Gary_Williams_,5,14
Gary_Winnick_,68,197
Gene_Robinson_,814,1415
Geno_Auriemma_,158,423
Geoff_Hoon_,83,236
George_Brumley_,562,1156
George_Clooney_,36,105
George_Foreman_,1012,1551
George_Galloway_,933,1503
George_HW_Bush_,357,832
George_Karl_,319,764
George_Lopez_,678,1288
George_P_Bush_,254,642
George_Papandreou_,811,1413
George_Pataki_,549,1132
George_Robertson_,34,100
George_Roy_Hill_,280,689
George_Ryan_,87,248
George_Tenet_,673,1281
George_Voinovich_,117,324
George_W_Bush_,66,190
Georgi_Parvanov_,186,495
Geraldine_Chaplin_,1187,1616
Gerard_Depardieu_,124,343
Gerardo_Gambala_,10,28
Gerhard_Schroeder_,304,737
Gerry_Adams_,154,414
Gerry_Parsky_,735,1344
Gian_Marco_,446,988
Gianna_Angelopoulos-Daskalaki_,482,1042
Gil_de_Ferran_,630,1234
Gilberto_Rodriguez_Orejuela_,620,1222
Gillian_Anderson_,60,175
Gisele_Bundchen_,550,1134
Giuseppe_Gibilisco_,383,876
Glafcos_Clerides_,715,1328
Gloria_Allred_,369,853
Gloria_Macapagal_Arroyo_,138,377
Gloria_Trevi_,661,1267
Goh_Kun_,171,457
Goldie_Hawn_,306,740
Gonzalo_Sanchez_de_Lozada_,42,122
Goran_Persson_,187,497
Gordon_Brown_,507,1075
Gordon_Campbell_,4,11
Grady_Irvin_Jr_,129,355
Grant_Hackett_,661,1268
Gray_Davis_,601,1200
Greg_Gilbert_,1290,1642
Greg_Ostertag_,3,9
Greg_Owen_,843,1440
Greg_Rusedski_,1189,1618
Gregg_Popovich_,243,620
Gregory_Geoffroy_,366,849
Gregory_Hines_,1035,1565
Gro_Harlem_Brundtland_,202,532
Guido_Westerwelle_,164,439
Guillaume_Soro_,1378,1660
Guillermo_Canas_,881,1466
Guillermo_Coria_,1091,1586
Guillermo_Ortiz_,835,1430
Gunter_Pleuger_,624,1228
Gus_Van_Sant_,400,907
Gustavo_Kuerten_,890,1474
Guy_Hemmings_,46,133
Guy_Ritchie_,770,1380
Gwendal_Peizerat_,114,317
Gwyneth_Paltrow_,61,177
Habib_Rizieq_,456,999
Hal_Gehman_,15,43
Hal_Sutton_,321,770
Halle_Berry_,291,711
Hamid_Karzai_,150,405
Hamzah_Haz_,242,616
Hanan_Ashrawi_,282,694
Hannah_Stockbauer_,185,492
Hans_Blix_,360,836
Hans_Eichel_,303,735
Harbhajan_Singh_,131,359
Harrison_Ford_,191,507
Harry_Belafonte_,1063,1574
Harry_Kalas_,6,17
Harry_Schmidt_,210,548
Harvey_Weinstein_,7,20
Hashim_Thaci_,58,169
Hassan_Nasrallah_,285,701
Hassan_Wirajuda_,91,260
Hayley_Tullett_,63,184
Heath_Ledger_,16,47
Heather_Mills_,44,128
Hector_Babenco_,1084,1582
Hee-Won_Han_,247,627
Heidi_Fleiss_,549,1133
Heidi_Klum_,805,1407
Heinz_Feldmann_,22,64
Heizo_Takenaka_,999,1542
Helen_Clark_,695,1311
Henrique_Meirelles_,451,994
Herb_Sendek_,356,829
Hermann_Maier_,185,493
Herta_Daeubler-Gmelin_,25,74
Hichiro_Naemura_,539,1118
Hideki_Matsui_,1095,1588
Hilary_Duff_,1012,1552
Hillary_Clinton_,6,18
Hilmi_Ozkok_,593,1195
Hipolito_Mejia_,1506,1674
Hisao_Oguchi_,74,210
Hitomi_Soga_,402,911
Holly_Hunter_,192,510
Hootie_Johnson_,688,1303
Horst_Koehler_,696,1312
Hosni_Mubarak_,333,787
Howard_Dean_,672,1280
Howard_Schultz_,231,596
Howard_Smith_,109,304
Hu_Jintao_,273,678
Hugh_Grant_,203,534
Hugo_Chavez_,159,425
Hun_Sen_,625,1230
Iain_Duncan_Smith_,105,295
Ian_McKellen_,558,1148
Ian_Thorpe_,112,312
Iban_Mayo_,661,1269
Ibrahim_Jaafari_,412,926
Igor_Ivanov_,230,593
Ilan_Ramon_,714,1327
Imad_Moustapha_,565,1162
Inam-ul-Haq_,56,163
Inocencio_Arias_,967,1527
Intisar_Ajouri_,1062,1573
Isabella_Rossellini_,158,424
Isabelle_Huppert_,721,1333
Isaiah_Washington_,1508,1675
Ishaq_Shahryar_,594,1196
Ismail_Merchant_,11,32
Iva_Majoli_,786,1394
JJ_Redick_,229,590
JK_Rowling_,686,1300
Jack_Grubman_,789,1397
Jack_Nicholson_,1007,1546
Jack_Straw_,539,1119
Jackie_Chan_,245,623
Jacqueline_Obradors_,461,1010
Jacques_Chirac_,125,344
Jacques_Rogge_,165,441
Jada_Pinkett_Smith_,236,603
Jake_Gyllenhaal_,332,784
James_Blake_,242,617
James_Butts_,693,1308
James_Caan_,204,536
James_Cameron_,198,522
James_Cunningham_,1063,1575
James_Franco_,150,406
James_Gandolfini_,1351,1655
James_Ivory_,118,326
James_Jones_,426,954
James_Kelly_,130,357
James_Kopp_,480,1041
James_Maguire_,8,23
James_McGreevey_,420,942
James_Morris_,157,422
James_Parker_,796,1404
James_Schultz_,43,125
James_Smith_,143,389
James_Traficant_,564,1159
James_Wolfensohn_,20,59
Jamie_Villafane_,116,321
Jamling_Norgay_,925,1498
Jan-Michael_Gambill_,404,913
Jan_Ullrich_,103,290
Jane_Fonda_,307,742
Jane_Kaczmarek_,92,261
Jane_Pauley_,630,1235
Janet_Napolitano_,372,860
Janet_Thorpe_,67,193
Janica_Kostelic_,1284,1640
Jason_Alexander_,84,239
Jason_Jennings_,758,1367
Jason_Kidd_,48,140
Jason_Lezak_,329,781
Javier_Solana_,941,1509
Javier_Weber_,9,26
Jay_Garner_,917,1495
Jay_Leno_,146,396
Jay_Rasulo_,123,339
Jayson_Williams_,166,443
Jean-Claude_Braquet_,1032,1562
Jean-Claude_Juncker_,1033,1563
Jean-Claude_Trichet_,227,586
Jean-David_Levitte_,432,965
Jean-Francois_Pontal_,218,564
Jean-Marc_de_La_Sabliere_,341,801
Jean-Pierre_Raffarin_,1009,1549
Jean-Sebastien_Giguere_,89,253
Jean_Brumley_,1131,1599
Jean_Carnahan_,370,855
Jean_Charest_,178,476
Jean_Chretien_,717,1330
Jeanne_Moreau_,298,724
Jeb_Bush_,439,977
Jeff_Van_Gundy_,1,3
Jefferson_Perez_,14,40
Jeffrey_Archer_,225,582
Jeffrey_Immelt_,154,415
Jeffrey_Jones_,759,1368
Jeffrey_Scott_Postell_,1291,1643
Jelena_Dokic_,460,1008
Jennifer_Aniston_,31,91
Jennifer_Capriati_,359,835
Jennifer_Connelly_,458,1005
Jennifer_Garner_,144,392
Jennifer_Keller_,196,517
Jennifer_Lopez_,1392,1662
Jennifer_Reilly_,89,254
Jennifer_Rodriguez_,631,1236
Jennifer_Thompson_,716,1329
Jeong_Se-hyun_,183,487
Jeremy_Greenstock_,342,802
Jeremy_Shockey_,431,963
Jerry_Falwell_,135,369
Jerry_Regier_,164,440
Jerry_Springer_,609,1212
Jesse_Harris_,494,1055
Jesse_Jackson_,442,982
Jesse_James_Leija_,651,1260
Jesse_Ventura_,1041,1567
Jessica_Alba_,142,387
Jessica_Lange_,92,262
Jessica_Lynch_,1134,1601
Jia_Qinglin_,424,950
Jiang_Zemin_,1025,1559
Jim_Carrey_,570,1171
Jim_Edmonds_,912,1492
Jim_Furyk_,678,1289
Jim_Hahn_,805,1408
Jim_Harrick_,391,889
Jim_OBrien_,447,990
Jim_Tressel_,679,1292
Jimmy_Carter_,263,661
Jimmy_Kimmel_,285,702
Jiri_Novak_,364,846
Jo_Dee_Messina_,326,778
Joan_Claybrook_,217,562
Joan_Laporta_,51,149
Job_Cohen_,1000,1543
Jodie_Foster_,930,1500
Joe_Calzaghe_,100,280
Joe_Dumars_,126,347
Joe_Gatti_,327,780
Joe_Lieberman_,235,600
Joe_Mantello_,216,561
Joe_Nichols_,253,639
Joe_Torre_,79,224
Joerg_Haider_,401,908
John_Abizaid_,759,1369
John_Allen_Muhammad_,500,1065
John_Ashcroft_,753,1364
John_Banko_,451,995
John_Blaney_,201,529
John_Bolton_,352,822
John_Brady_,841,1437
John_Cusack_,188,500
John_Edwards_,649,1255
John_F_Kennedy_Jr_,906,1488
John_Garamendi_,39,113
John_Howard_,619,1220
John_Jumper_,694,1309
John_Kerry_,551,1136
John_Malkovich_,517,1087
John_Manley_,54,158
John_Mayer_,212,551
John_McCain_,39,114
John_McCallum_,649,1256
John_McCormack_,36,106
John_McEnroe_,93,264
John_Negroponte_,520,1090
John_Paul_II_,176,471
John_Reid_,96,271
John_Reilly_,299,725
John_Rigas_,272,676
John_Rosa_,10,29
John_Rowland_,122,336
John_Ruiz_,373,861
John_Snow_,140,381
John_Spencer_,457,1002
John_Stallworth_,1331,1651
John_Stockton_,953,1519
John_Swofford_,572,1175
John_Taylor_,145,394
John_Timoney_,468,1023
John_Travolta_,303,736
John_Walsh_,469,1027
John_Warner_,87,249
John_Wolf_,136,371
Johnny_Carson_,833,1429
Johnny_Depp_,1078,1581
Johnny_Tapia_,463,1014
Johnny_Unitas_,268,669
Johnson_Panjaitan_,12,36
Jolanta_Kwasniewski_,50,145
Jon_Corzine_,498,1064
Jon_Gruden_,1008,1547
Jon_Voight_,314,755
Jonathan_Edwards_,315,756
Jonathan_Mostow_,571,1173
Jong_Thae_Hwa_,664,1272
Jong_Wook_Lee_,561,1153
Jorge_Arce_,873,1462
Jorge_Batlle_,430,962
Jorge_Castaneda_,137,373
Jorge_Rodolfo_Canicoba_Corral_,237,606
Jorge_Valdano_,390,887
Joschka_Fischer_,131,360
Jose_Canseco_,479,1039
Jose_Dirceu_,30,89
Jose_Manuel_Durao_Barroso_,208,545
Jose_Maria_Aznar_,247,628
Jose_Mourinho_,793,1400
Jose_Sarney_,288,707
Jose_Serra_,1189,1619
Jose_Theodore_,310,746
Jose_Viegas_Filho_,339,798
Joseph_Biden_,209,546
Joseph_Blatter_,853,1450
Joseph_Deiss_,211,550
Joseph_Estrada_,674,1283
Joseph_Ralston_,748,1359
Juan_Carlos_Ferrero_,960,1523
Juan_Ignacio_Chela_,470,1028
Juan_Manuel_Marquez_,501,1067
Juan_Pablo_Montoya_,1478,1671
Juan_Valencia_Osorio_,527,1099
Juanes_,826,1424
Jude_Law_,311,747
Judi_Dench_,297,721
Judy_Genshaft_,843,1441
Juergen_Peters_,104,293
Julia_Tymoshenko_,15,44
Julianna_Margulies_,332,785
Julianne_Moore_,348,817
Julie_Gerberding_,840,1435
Julie_Taymor_,550,1135
Julio_Iglesias_Jr_,421,945
Junichiro_Koizumi_,189,503
Justin_Gatlin_,442,983
Justin_Guarini_,1109,1592
Justin_Leonard_,60,176
Justin_Timberlake_,381,875
Justine_Henin_,357,833
Justine_Pasek_,128,352
Kalpana_Chawla_,700,1316
Kamal_Kharrazi_,736,1345
Karen_Mok_,433,966
Karin_Stoiber_,146,397
Kate_Capshaw_,118,327
Kate_Hudson_,488,1047
Kate_Winslet_,362,841
Katherine_Harris_,824,1423
Kathleen_Glynn_,594,1197
Kathleen_Kennedy_Townsend_,174,464
Kathryn_Bigelow_,120,331
Kathy_Winters_,193,511
Katie_Harman_,35,103
Keanu_Reeves_,214,556
Keira_Knightley_,57,166
Keith_Bogans_,122,337
Kelli_White_,1502,1673
Kelly_Clarkson_,585,1188
Kelvin_Sampson_,707,1323
Kemal_Dervis_,936,1505
Ken_Macha_,255,644
Ken_Watanabe_,141,383
Kenneth_Bowersox_,64,186
Kenneth_Branagh_,50,146
Kenneth_Evans_,477,1036
Kent_Rominger_,43,126
Kevin_Costner_,571,1174
Kevin_Spacey_,441,981
Kevin_Stallings_,45,131
Kieran_Prendergast_,362,842
Kifah_Ajouri_,1115,1595
Kiki_Vandeweghe_,494,1056
Kim_Clijsters_,100,281
Kim_Dae-jung_,203,535
Kim_Jin-sun_,118,328
Kim_Jong-Il_,140,382
Kim_Ryong-sung_,366,850
Kim_Yong-il_,608,1210
Kimi_Raikkonen_,601,1201
King_Abdullah_II_,752,1361
Kirk_Ferentz_,13,37
Kirk_Johnson_,218,565
Kjell_Magne_Bondevik_,488,1048
Klaus_Zwickel_,360,837
Kobe_Bryant_,1001,1544
Kofi_Annan_,655,1262
Kosuke_Kitajima_,450,993
Kristanna_Loken_,167,446
Kristen_Breitweiser_,56,164
Kristin_Davis_,434,969
Kurt_Busch_,893,1478
Kurt_Russell_,544,1124
Kurt_Warner_,201,530
Kwon_Yang-sook_,174,465
LK_Advani_,569,1169
Laila_Ali_,61,178
Lana_Clarkson_,27,79
Lance_Armstrong_,251,635
Lance_Bass_,459,1007
Larry_Bowa_,371,858
Larry_Brown_,114,318
Larry_Coker_,926,1499
Larry_Ellison_,1332,1652
Larry_Johnson_,809,1410
Larry_Lindsey_,29,86
Larry_Lucchino_,433,967
Larry_Thompson_,1094,1587
Lars_Von_Trier_,88,250
Latrell_Sprewell_,468,1024
Laura_Bush_,368,852
Laura_Hernandez_,207,541
Laura_Linney_,144,393
Lauren_Hutton_,436,973
Lauren_Killian_,465,1018
Laurent_Gbagbo_,175,468
Laurent_Jalabert_,14,41
Lawrence_MacAulay_,28,84
LeAnn_Rimes_,76,217
LeBron_James_,322,771
Lea_Fastow_,438,976
Leander_Paes_,18,52
Lech_Walesa_,74,211
Lee_Hoi-chang_,191,508
Lee_Jun_,64,187
Lee_Soo-hyuck_,385,879
Lee_Tae-sik_,96,272
Leland_Chapman_,732,1341
Len_Jenoff_,777,1385
Lennox_Lewis_,1194,1623
Lenny_Wilkens_,259,652
Leon_LaPorte_,340,799
Leonard_Hamilton_,170,454
Leonardo_DiCaprio_,675,1285
Leonid_Kuchma_,178,477
Lesley_McCulloch_,779,1388
Leslie_Ann_Woodward_,83,237
Leslie_Caldwell_,1024,1558
Leslie_Moonves_,137,374
Leszek_Miller_,131,361
Li_Peng_,1233,1629
Li_Zhaoxing_,787,1396
Liam_Neeson_,1073,1579
Lili_Taylor_,103,291
Lily_Tomlin_,15,45
Lim_Dong-won_,471,1031
Lina_Krasnoroutskaya_,1535,1677
Lindsay_Benko_,133,365
Lindsay_Davenport_,650,1257
Lindsey_Graham_,106,298
Lino_Oviedo_,780,1389
Lionel_Richie_,311,748
Lisa_Gottsegen_,414,930
Lisa_Ling_,521,1091
Lisa_Marie_Presley_,522,1093
Lisa_Raymond_,1196,1624
Liu_Mingkang_,434,970
Liza_Minnelli_,212,552
Lleyton_Hewitt_,267,667
Lloyd_Ward_,27,80
Lon_Kruger_,115,319
Lord_Hutton_,16,48
Lou_Piniella_,1357,1656
Luciano_Pavarotti_,652,1261
Lucio_Gutierrez_,85,242
Lucy_Liu_,256,645
Ludivine_Sagnier_,465,1019
Luis_Ernesto_Derbez_Bautista_,92,263
Luis_Figo_,268,670
Luis_Gonzalez_Macchi_,658,1264
Luis_Horna_,78,222
Luiz_Felipe_Scolari_,1157,1607
Luiz_Inacio_Lula_da_Silva_,752,1362
Luke_Walton_,130,358
Lyle_Vanclief_,183,488
Lynn_Abraham_,428,957
Lynn_Redgrave_,14,42
Lynne_Cheney_,286,704
Mack_Brown_,195,514
Madeleine_Albright_,159,426
Madonna_,236,604
Magdalena_Maleeva_,101,284
Maggie_Smith_,67,194
Magui_Serna_,852,1448
Mahathir_Mohamad_,790,1398
Mahmoud_Abbas_,292,713
Makhdoom_Amin_Fahim_,681,1294
Manfred_Stolpe_,623,1227
Manuel_Poggiali_,817,1418
Marat_Safin_,576,1177
Marc-Andre_Fleury_,497,1061
Marc_Grossman_,190,506
Marcelo_Ebrard_,291,712
Marcelo_Rios_,66,191
Marcelo_Salas_,244,621
Marco_Antonio_Barrera_,491,1052
Marcus_Gronholm_,17,49
Maria_Luisa_Mendonca_,883,1469
Maria_Shriver_,307,743
Maria_Soledad_Alvear_Valenzuela_,107,301
Mariah_Carey_,514,1083
Mariana_Pollack_,66,192
Mariangel_Ruiz_Torrealba_,205,537
Marie-Reine_Le_Gougne_,325,777
Marieta_Chrousala_,784,1392
Marilyn_Monroe_,519,1088
Marina_Anissina_,50,147
Mario_Cipollini_,1116,1596
Mario_Dumont_,262,659
Mario_Kreutzberger_,1159,1610
Marisa_Tomei_,559,1149
Marissa_Jaret_Winokur_,258,650
Mark_Cuban_,257,648
Mark_Dacey_,141,384
Mark_Geragos_,433,968
Mark_Gottfried_,143,390
Mark_Hamister_,65,188
Mark_Heller_,760,1370
Mark_Hurlbert_,239,610
Mark_Philippoussis_,229,591
Mark_Richt_,705,1321
Mark_Schweiker_,100,282
Mark_Wahlberg_,568,1167
Mark_Warner_,1020,1555
Markus_Naslund_,424,951
Marlene_Weingartner_,1330,1649
Martha_Beatriz_Roque_,165,442
Martha_Bowen_,620,1223
Martha_Burk_,1090,1585
Martha_Lucia_Ramirez_,1154,1606
Martha_Stewart_,19,56
Martin_Brodeur_,51,150
Martin_Cauchon_,777,1386
Martin_Hoellwarth_,347,814
Martin_McCauley_,566,1164
Martin_McGuinness_,369,854
Martin_Scorsese_,431,964
Martin_Sheen_,46,134
Martin_Verkerk_,235,601
Martina_Hingis_,624,1229
Martina_McBride_,399,904
Marty_Mornhinweg_,161,430
Marwan_Barghouthi_,1034,1564
Mary-Kate_Olsen_,863,1456
Mary_Carey_,591,1191
Mary_Landrieu_,315,757
Mary_Steenburgen_,607,1208
Mary_Tyler_Moore_,283,697
Masahiko_Nagasawa_,389,885
Masum_Turker_,358,834
Mathias_Reichhold_,547,1128
Matt_Damon_,294,718
Matt_Dillon_,1026,1560
Matt_Doherty_,33,97
Matthew_Broderick_,13,38
Matthew_Perry_,44,129
Maureen_Fanning_,93,265
Max_Mayfield_,1088,1583
Megan_Mullally_,995,1538
Megawati_Sukarnoputri_,860,1455
Meghann_Shaughnessy_,830,1426
Mel_Brooks_,265,664
Mel_Gibson_,267,668
Melanie_Griffith_,556,1145
Melissa_Etheridge_,70,201
Meryl_Streep_,59,172
Mesut_Yilmaz_,68,198
Mian_Khursheed_Mehmood_Kasuri_,935,1504
Michael_Ballack_,330,782
Michael_Bloomberg_,65,189
Michael_Caine_,198,523
Michael_Capellas_,794,1402
Michael_Chang_,682,1295
Michael_Chiklis_,379,871
Michael_Douglas_,186,496
Michael_J_Sheehan_,225,583
Michael_Jackson_,996,1540
Michael_Jordan_,323,773
Michael_Keaton_,1365,1657
Michael_Kostelnik_,111,309
Michael_Leavitt_,182,484
Michael_Moore_,765,1372
Michael_Patrick_King_,552,1138
Michael_Phelps_,525,1096
Michael_Powell_,531,1103
Michael_Schumacher_,1020,1556
Michael_Sullivan_,88,251
Michael_Winterbottom_,657,1263
Michel_Duclos_,77,218
Michel_Temer_,561,1154
Michel_Therrien_,650,1258
Michelle_Branch_,355,827
Michelle_Collins_,885,1470
Michelle_Kwan_,416,933
Michelle_Pfeiffer_,62,180
Michelle_Rodriguez_,526,1097
Michelle_Yeoh_,147,398
Mick_Jagger_,149,404
Miguel_Contreras_,794,1403
Miguel_Estrada_,489,1049
Mike_Babcock_,740,1349
Mike_Brey_,17,50
Mike_Helton_,106,299
Mike_Holmgren_,206,539
Mike_Krzyzewski_,569,1170
Mike_Martz_,553,1139
Mike_Miller_,1244,1631
Mike_Montgomery_,205,538
Mike_Myers_,1184,1615
Mike_Price_,282,695
Mike_Scioscia_,275,682
Mike_Tyson_,553,1140
Mike_Weir_,1325,1646
Mikhail_Gorbachev_,238,607
Mikhail_Kasyanov_,56,165
Mikhail_Wehbe_,494,1057
Mikhail_Youzhny_,67,195
Mikulas_Dzurinda_,725,1337
Milo_Djukanovic_,71,203
Milo_Maestrecampo_,489,1050
Minnie_Driver_,18,53
Mireya_Moscoso_,1281,1638
Miroljub_,876,1464
Mitchell_Daniels_,187,498
Mitoji_Yabunaka_,1383,1661
Miyako_Miyazaki_,34,101
Mohamed_Benaissa_,761,1371
Mohamed_ElBaradei_,553,1141
Mohammad_Khatami_,195,515
Mohammed_Al-Douri_,647,1253
Mohammed_Baqir_al-Hakim_,13,39
Monica_Bellucci_,209,547
Monica_Lewinsky_,417,936
Monica_Seles_,222,575
Monique_Garbrecht-Enfeldt_,161,431
Morgan_Freeman_,1273,1636
Moshe_Katsav_,40,115
Muammar_Gaddafi_,263,662
Muhammad_Ali_,497,1062
Muhammad_Saeed_al-Sahhaf_,504,1072
Mukesh_Ambani_,418,937
Munir_Akram_,137,375
Nabil_Shaath_,101,285
Nadia_Petrova_,1457,1669
Nadine_Vinzens_,166,444
Naji_Sabri_,646,1251
Nan_Wang_,272,677
Nancy_Demme_,136,372
Nancy_Pelosi_,898,1482
Nancy_Reagan_,343,806
Nancy_Sinatra_,502,1068
Nanni_Moretti_,530,1101
Naomi_Campbell_,969,1529
Naomi_Watts_,322,772
Naoto_Kan_,830,1427
Nasser_al-Kidwa_,1428,1667
Nastassia_Kinski_,326,779
Natalie_Cole_,882,1468
Natalie_Coughlin_,123,340
Natalie_Maines_,700,1317
Natasha_McElhone_,163,437
Nathalie_Baye_,619,1221
Nathan_Lane_,597,1198
Nebojsa_Pavkovic_,429,961
Nelson_Mandela_,413,928
Neri_Marcore_,188,501
Nestor_Kirchner_,283,698
Nia_Vardalos_,188,502
Nicanor_Duarte_Frutos_,676,1287
Nicholas_Byron_,462,1012
Nicholas_Tse_,1005,1545
Nick_Nolte_,115,320
Nicolas_Cage_,674,1284
Nicolas_Escude_,846,1443
Nicolas_Lapentti_,1187,1617
Nicole_Kidman_,53,155
Nikki_Reed_,284,700
Noah_Wyle_,248,630
Noelle_Bush_,246,625
Nora_Bendijo_,33,98
Norah_Jones_,976,1533
Norm_Coleman_,279,688
Norman_Jewison_,891,1475
Norodom_Sihanouk_,109,305
Nursultan_Nazarbayev_,625,1231
OJ_Simpson_,19,57
Oleksandr_Moroz_,95,269
Olesya_Bonabarenko_,155,418
Olivia_Newton-John_,495,1058
Omar_Sharif_,254,643
Oprah_Winfrey_,821,1420
Orlando_Bloom_,827,1425
Orrin_Hatch_,1377,1659
Osama_bin_Laden_,837,1433
Oscar_De_La_Hoya_,582,1184
Oscar_Elias_Biscet_,960,1524
Oswaldo_Paya_,88,252
Owen_Wilson_,1492,1672
Oxana_Fedorova_,792,1399
Ozzy_Osbourne_,724,1336
Padraig_Harrington_,32,94
Pamela_Anderson_,770,1381
Paradorn_Srichaphan_,189,504
Paris_Hilton_,902,1486
Parris_Glendening_,721,1334
Pascal_Lamy_,838,1434
Pascal_Quignard_,259,653
Pat_Burns_,508,1077
Pat_Cox_,82,234
Patrice_Chereau_,440,980
Patricia_Clarkson_,249,633
Patricia_Heaton_,280,690
Patrick_Ewing_,1284,1641
Patrick_Leahy_,739,1348
Patrick_McEnroe_,47,136
Patrick_Roy_,79,225
Patrick_Stewart_,503,1070
Patti_Labelle_,241,614
Patty_Schnyder_,194,513
Paul-Henri_Mathieu_,234,599
Paul_Bremer_,445,987
Paul_Burrell_,316,758
Paul_Byrd_,675,1286
Paul_Coppin_,20,60
Paul_Gascoigne_,300,727
Paul_Hogan_,214,557
Paul_Kagame_,577,1179
Paul_Martin_,215,560
Paul_McCartney_,342,803
Paul_McNulty_,57,167
Paul_ONeill_,401,909
Paul_Patton_,245,624
Paul_Pierce_,55,162
Paul_Sarbanes_,634,1238
Paul_Shanley_,168,448
Paul_Tagliabue_,398,901
Paul_Wellstone_,627,1233
Paul_William_Hurley_,419,940
Paul_Wolfowitz_,1026,1561
Paula_Radcliffe_,335,789
Paula_Zahn_,319,765
Paulo_Cesar_Pinheiro_,370,856
Pedro_Almodovar_,318,763
Pedro_Malan_,668,1276
Pedro_Solbes_,684,1298
Penelope_Ann_Miller_,338,795
Penelope_Cruz_,276,683
Pervez_Musharraf_,219,567
Pete_Carroll_,122,338
Pete_Rose_,230,594
Pete_Sampras_,354,825
Peter_Arnett_,274,680
Peter_Bacanovic_,305,738
Peter_Costello_,32,95
Peter_Greenaway_,455,997
Peter_Harrison_,898,1483
Peter_Hillary_,102,288
Peter_Struck_,10,30
Petria_Thomas_,80,228
Petro_Symonenko_,356,830
Phan_Van_Khai_,559,1150
Phil_Gramm_,241,615
Phil_Mickelson_,206,540
Phil_Vassar_,685,1299
Philippe_Noiret_,580,1182
Pierce_Brosnan_,713,1326
Pierre_Boulanger_,139,378
Pierre_Pettigrew_,379,872
Placido_Domingo_,379,873
Prince_Charles_,30,90
Prince_Claus_,49,143
Prince_Edward_,125,345
Prince_Harry_,228,588
Prince_Naruhito_,754,1365
Prince_Willem-Alexander_,110,308
Prince_William_,1418,1665
Princess_Aiko_,78,223
Princess_Anne_,435,971
Princess_Caroline_,365,847
Princess_Elisabeth_,31,92
Princess_Masako_,931,1501
Priscilla_Owen_,35,104
Priscilla_Presley_,355,828
Pupi_Avati_,7,21
Queen_Beatrix_,22,65
Queen_Elizabeth_II_,250,634
Queen_Latifah_,682,1296
Queen_Rania_,77,219
Rachel_Griffiths_,479,1040
Rachel_Hunter_,337,793
Rafael_Ramirez_,29,87
Raghad_Saddam_Hussein_,94,267
Rainer_Schuettler_,401,910
Ralf_Schumacher_,540,1120
Ralph_Firman_,521,1092
Ralph_Klein_,248,631
Ralph_Lauren_,397,899
Ranil_Wickremasinghe_,798,1405
Raoul_Ruiz_,485,1045
Raquel_Welch_,351,820
Ray_Allen_,460,1009
Ray_Nagin_,305,739
Ray_Romano_,397,900
Raymond_Odierno_,311,749
Rebecca_Romijn-Stamos_,5,15
Rebekah_Chantay_Revels_,169,450
Recep_Tayyip_Erdogan_,663,1271
Reese_Witherspoon_,8,24
Reggie_Miller_,181,482
Renee_Zellweger_,24,70
Ricardo_Lagos_,312,752
Ricardo_Lopez_Murphy_,548,1129
Ricardo_Maduro_,428,958
Ricardo_Monasterio_,740,1350
Ricardo_Sanchez_,300,728
Rich_Gannon_,127,350
Richard_Armitage_,40,116
Richard_Branson_,80,229
Richard_Butler_,127,351
Richard_Crenna_,266,665
Richard_Gephardt_,704,1320
Richard_Gere_,418,938
Richard_Haass_,564,1160
Richard_Krajicek_,472,1033
Richard_Myers_,350,818
Richard_Norton-Taylor_,57,168
Richard_Sambrook_,389,886
Richard_Shelby_,170,455
Richard_Virenque_,588,1189
Richie_Adubato_,128,353
Rick_Barnes_,79,226
Rick_Carlisle_,269,672
Rick_Dinse_,236,605
Rick_Perry_,85,243
Rick_Pitino_,635,1240
Rick_Romley_,152,410
Rick_Santorum_,1510,1676
Rick_Stansbury_,84,240
Rick_Wagoner_,70,202
Ricky_Barnes_,492,1054
Ricky_Martin_,850,1446
Ricky_Ponting_,1329,1647
Rio_Ferdinand_,1048,1568
Rita_Grande_,606,1207
Rita_Moreno_,620,1224
Rita_Wilson_,4,12
Rob_Lowe_,1147,1603
Rob_Marshall_,537,1114
Rob_Schneider_,1249,1632
Robbie_Fowler_,863,1457
Robbie_Williams_,270,673
Robby_Ginepri_,196,518
Robert_Blackwill_,617,1218
Robert_Blake_,132,362
Robert_Bonner_,266,666
Robert_Bullock_,390,888
Robert_DeFraites_,21,62
Robert_De_Niro_,323,774
Robert_Duvall_,278,687
Robert_Ehrlich_,24,71
Robert_Evans_,865,1458
Robert_Fico_,414,931
Robert_Horan_,302,733
Robert_Kocharian_,583,1185
Robert_Mueller_,347,815
Robert_Mugabe_,53,156
Robert_Redford_,544,1125
Robert_Stack_,538,1116
Robert_Torricelli_,1303,1644
Robert_Witt_,386,881
Robert_Zoellick_,859,1453
Roberto_Benigni_,444,986
Roberto_Carlos_,784,1393
Roberto_Marinho_,235,602
Robin_Cook_,81,231
Robin_McLaurin_Williams_,1157,1608
Robinson_Stevenin_,466,1020
Rod_Blagojevich_,132,363
Rod_Stewart_,387,883
Rodrigo_Borja_,112,313
Roger_Clemens_,1205,1626
Roger_Federer_,1238,1630
Roger_Moore_,276,684
Rogerio_Romero_,633,1237
Roh_Moo-hyun_,21,63
Rolandas_Paksas_,75,214
Rolf_Eckrodt_,664,1273
Roman_Polanski_,48,141
Romano_Prodi_,81,232
Ron_Dittemore_,173,461
Ron_Howard_,621,1225
Ronald_Reagan_,197,521
Ronaldo_Luis_Nazario_de_Lima_,373,862
Roseanne_Barr_,1422,1666
Rosemarie_Stack_,1010,1550
Roy_Jones_Jr_,384,877
Roy_Moore_,522,1094
Roy_Williams_,1068,1578
Ruben_Studdard_,22,66
Rubens_Barrichello_,769,1379
Rudolph_Giuliani_,464,1016
Rupert_Grint_,9,27
Rupert_Murdoch_,258,651
Russell_Coutts_,592,1194
Russell_Crowe_,147,399
Russell_Simmons_,946,1513
Ruth_Dreifuss_,200,526
Ruth_Harlow_,23,69
S_Jayakumar_,535,1109
Saburo_Kawabuchi_,475,1034
Sachiko_Yamada_,374,863
Saddam_Hussein_,756,1366
Sadie_Frost_,42,123
Saeb_Erekat_,323,775
Sally_Field_,457,1003
Sally_Kirkland_,1065,1576
Sally_Ride_,313,753
Salma_Hayek_,898,1484
Salman_Rushdie_,46,135
Sam_Bith_,687,1302
Sam_Mendes_,1193,1621
Sam_Torrance_,418,939
Samira_Makhmalbaf_,24,72
Sammy_Sosa_,1057,1572
Samuel_Waksal_,822,1422
Sandra_Bullock_,41,120
Saparmurat_Niyazov_,338,796
Sarah_Hughes_,567,1166
Sarah_Jessica_Parker_,356,831
Sarah_Michelle_Gellar_,262,660
Scott_McClellan_,637,1242
Scott_McNealy_,221,570
Scott_Peterson_,566,1165
Scott_Ritter_,914,1493
Scott_Rudin_,409,919
Scott_Sullivan_,177,473
Scott_Wolf_,94,268
Sean_Astin_,842,1439
Sean_Hayes_,45,132
Sean_OKeefe_,121,334
Sean_Patrick_OMalley_,683,1297
Sean_Penn_,659,1265
Sebastian_Saja_,1207,1627
Sebastien_Grosjean_,892,1477
Sepp_Blatter_,132,364
Serena_Williams_,515,1084
Sergei_Ivanov_,374,864
Sergey_Lavrov_,659,1266
Sergio_Garcia_,478,1037
Sergio_Vieira_De_Mello_,437,974
Shane_Mosley_,1591,1678
Shane_Warne_,1150,1605
Shannon_OBrien_,121,335
Sharon_Davis_,316,759
Sharon_Frey_,161,432
Sharon_Osbourne_,83,238
Sharon_Stone_,345,808
Shaukat_Aziz_,852,1449
Shaul_Mofaz_,77,220
Sheila_Copps_,181,483
Sheila_Fraser_,177,474
Sheila_Wellstone_,394,895
Sheryl_Crow_,293,715
Shia_LaBeouf_,162,435
Shimon_Peres_,462,1013
Sila_Calderon_,261,657
Silvan_Shalom_,467,1022
Silvia_Farina_Elia_,637,1243
Silvio_Berlusconi_,281,692
Silvio_Fernandez_,117,325
Simon_Cowell_,159,427
Slobodan_Milosevic_,62,181
Sonia_Gandhi_,180,481
Sophia_Loren_,319,766
Sourav_Ganguly_,546,1127
Spencer_Abraham_,288,708
Stacy_Dragila_,614,1216
Stan_Heath_,548,1130
Stanley_McChrystal_,169,451
Stanley_Tong_,25,75
Stefano_Accorsi_,818,1419
Steffi_Graf_,513,1081
Stellan_Skarsgard_,296,719
Stephen_Ambrose_,226,585
Stephen_Daldry_,880,1465
Stephen_Friedman_,470,1029
Steve_Backley_,31,93
Steve_Ballmer_,69,200
Steve_Lavin_,771,1383
Steve_Mariucci_,502,1069
Steve_Nash_,335,790
Steve_Park_,960,1525
Steve_Spurrier_,293,716
Steve_Waugh_,17,51
Steven_Hatfill_,54,159
Steven_Seagal_,97,273
Steven_Spielberg_,213,555
Stockard_Channing_,942,1510
Strom_Thurmond_,38,110
Sue_Wicks_,281,693
Surakait_Sathirathai_,26,77
Susan_Collins_,27,81
Susan_Sarandon_,134,368
Susie_Castillo_,133,366
Susilo_Bambang_Yudhoyono_,391,890
Suzanne_Gaudet_,337,794
Svetlana_Koroleva_,182,485
Sylvester_Stallone_,420,943
Taha_Yassin_Ramadan_,371,859
Takashi_Sorimachi_,47,137
Tamara_Brooks_,437,975
Tammy_Lynn_Michaels_,516,1085
Tang_Jiaxuan_,151,408
Tariq_Aziz_,1374,1658
Tassos_Papadopoulos_,835,1431
Taufik_Hidayat_,196,519
Ted_Maher_,82,235
Terje_Roed-Larsen_,260,655
Terrell_Suggs_,1465,1670
Terry_McAuliffe_,974,1531
Terry_Stotts_,90,256
Thabo_Mbeki_,665,1274
Thaksin_Shinawatra_,2,6
Theo_Epstein_,95,270
Theodore_Tweed_Roosevelt_,104,294
Theresa_May_,105,296
Thierry_Falise_,316,760
Thomas_Birmingham_,1053,1571
Thomas_Bjorn_,403,912
Thomas_Fargo_,139,379
Thomas_Malchow_,38,111
Thomas_OBrien_,120,332
Thomas_Rupprath_,195,516
Thomas_Wyman_,1330,1650
Tiger_Woods_,911,1491
Tim_Allen_,47,138
Tim_Chapman_,256,646
Tim_Conway_,806,1409
Tim_Curry_,532,1105
Tim_Duncan_,361,838
Tim_Floyd_,233,598
Tim_Henman_,1329,1648
Tim_Robbins_,98,276
Tippi_Hedren_,59,173
Todd_Haynes_,378,870
Tom_Brady_,193,512
Tom_Coverdale_,26,78
Tom_Craddick_,289,709
Tom_Crean_,200,527
Tom_Cruise_,895,1480
Tom_Daschle_,408,917
Tom_Glavine_,227,587
Tom_Hanks_,411,924
Tom_Harkin_,168,449
Tom_Jones_,673,1282
Tom_Reilly_,40,117
Tom_Ridge_,221,571
Tom_Watson_,894,1479
Tommy_Franks_,292,714
Tommy_Haas_,528,1100
Tommy_Robredo_,725,1338
Tommy_Thompson_,413,929
Tomoko_Hagiwara_,113,315
Toni_Braxton_,535,1110
Tony_Bennett_,252,638
Tony_Blair_,605,1206
Tony_Curtis_,565,1163
Tony_Parker_,1349,1654
Tony_Shalhoub_,728,1339
Tony_Stewart_,173,462
Torri_Edwards_,396,898
Toshihiko_Fukui_,815,1416
Tracee_Ellis_Ross_,897,1481
Tracy_McGrady_,793,1401
Trent_Lott_,1267,1635
Tsutomu_Takebe_,11,33
Tubby_Smith_,49,144
Tung_Chee-hwa_,412,927
Tyler_Hamilton_,607,1209
Tyra_Banks_,1165,1611
Tyron_Garner_,1454,1668
Uma_Thurman_,89,255
Vaclav_Havel_,184,489
Vaclav_Klaus_,456,1000
Valdas_Adamkus_,72,206
Valentino_Rossi_,1158,1609
Valerie_Harper_,458,1006
Valery_Giscard_dEstaing_,803,1406
Vanessa_Incontrada_,111,310
Vanessa_Redgrave_,126,348
Vanessa_Williams_,86,246
Venus_Williams_,1305,1645
Vicente_Fernandez_,924,1497
Vicente_Fox_,58,170
Vicki_Zhao_Wei_,391,891
Victoria_Beckham_,1014,1554
Victoria_Clarke_,1165,1612
Vidar_Helgesen_,689,1305
Vin_Diesel_,421,946
Vince_Carter_,476,1035
Vince_Gill_,308,745
Vincent_Brooks_,90,257
Vincent_Gallo_,212,553
Vitali_Klitschko_,214,558
Vivica_Fox_,1110,1594
Vladimir_Putin_,699,1314
Vladimir_Spidla_,816,1417
Vladimir_Voltchkov_,505,1074
Vladimiro_Montesinos_,956,1521
Vojislav_Kostunica_,238,608
Walter_Mondale_,306,741
Wang_Yi_,1175,1614
Wang_Yingfan_,85,244
Warren_Beatty_,1008,1548
Warren_Buffett_,239,611
Wayne_Ferreira_,169,452
Wayne_Gretzky_,184,490
Wen_Jiabao_,128,354
Wesley_Clark_,1128,1598
Will_Smith_,1133,1600
William_Bratton_,723,1335
William_Bulger_,376,867
William_Burns_,746,1355
William_Donaldson_,123,341
William_Ford_Jr_,557,1146
William_Hochul_,135,370
William_Macy_,129,356
William_Martin_,363,845
William_Rehnquist_,738,1346
Win_Aung_,160,428
Winona_Ryder_,119,329
Wolfgang_Schuessel_,345,809
Woody_Allen_,1393,1663
Wu_Yi_,84,241
Xanana_Gusmao_,991,1536
Xavier_Malisse_,97,274
Yann_Martel_,253,640
Yao_Ming_,765,1373
Yasar_Yakis_,1193,1622
Yashwant_Sinha_,947,1515
Yasser_Arafat_,71,204
Yevgeny_Kafelnikov_,231,597
Yoko_Ono_,160,429
Yoriko_Kawaguchi_,119,330
Yossi_Beilin_,1192,1620
Yu_Shyi-kun_,221,572
Yukiko_Okudo_,187,499
Yuri_Fedotov_,426,955
Yuri_Malenchenko_,116,322
Zafarullah_Khan_Jamali_,361,839
Zarai_Toledo_,52,153
Zhang_Wenkang_,809,1411
Zhang_Ziyi_,207,542
Zhu_Rongji_,18,54
Zico_,564,1161
Zinedine_Zidane_,153,412
Zoran_Djindjic_,398,902
