Name,Scores,Fused Ranks
,,,
,,,
Aaron_Peirsol_,1118,94
Aaron_Sorkin_,2501,807
Abdel_Nasser_Assidi_,2706,978
Abdoulaye_Wade_,3681,1505
Abdullah_,2548,841
Abdullah_Gul_,1918,431
Abdullah_al-Attiyah_,3803,1554
Abdullatif_Sener_,3022,1190
Abel_Pacheco_,3998,1605
Abid_Hamid_Mahmud_Al-Tikriti_,3874,1582
Adam_Sandler_,3433,1404
Adam_Scott_,3909,1593
Adel_Al-Jubeir_,2472,790
Adolfo_Aguilar_Zinser_,2632,913
Adolfo_Rodriguez_Saa_,4198,1644
Adrian_McPherson_,3815,1562
Adrian_Nastase_,2696,972
Adrien_Brody_,2545,838
Ahmad_Masood_,3823,1563
Ahmed_Chalabi_,2604,893
Ahmet_Necdet_Sezer_,2629,909
Ai_Sugiyama_,3176,1278
Aicha_El_Ouafi_,2276,664
Aitor_Gonzalez_,3354,1360
Akbar_Hashemi_Rafsanjani_,1620,275
Akhmed_Zakayev_,3090,1237
Al_Davis_,1836,383
Al_Gore_,3352,1357
Al_Pacino_,2738,1006
Al_Sharpton_,3781,1547
Alan_Ball_,2607,894
Alan_Greenspan_,4003,1606
Alan_Mulally_,1440,192
Alastair_Campbell_,1632,281
Albert_Costa_,3148,1272
Alberto_Fujimori_,1766,344
Alberto_Ruiz_Gallardon_,4117,1629
Albrecht_Mentz_,2910,1124
Aldo_Paredes_,3701,1516
Alec_Baldwin_,3649,1492
Alejandro_Atchugarry_,1063,84
Alejandro_Avila_,1785,353
Alejandro_Toledo_,1674,302
Aleksander_Kwasniewski_,3497,1432
Alex_Barros_,1948,449
Alex_Penelas_,480,10
Alex_Sink_,842,45
Alexander_Downer_,2516,816
Alexander_Losyukov_,1939,440
Alexander_Rumyantsev_,2552,843
Alexandra_Stevenson_,2816,1059
Alexandra_Vodjanikova_,3199,1287
Ali_Abbas_,3063,1220
Ali_Khamenei_,2586,880
Ali_Naimi_,825,40
Alice_Fisher_,2775,1031
Alicia_Silverstone_,3842,1569
Alimzhan_Tokhtakhounov_,2540,834
Alison_Lohman_,1635,283
Allen_Iverson_,1422,183
Allison_Janney_,2484,796
Allyson_Felix_,2686,961
Alvaro_Noboa_,2123,555
Alvaro_Silva_Calderon_,1050,80
Alvaro_Uribe_,1456,203
Amanda_Beard_,1036,78
Amanda_Bynes_,2443,774
Amanda_Coetzer_,3473,1417
Amber_Tamblyn_,2050,509
Amelia_Vega_,3129,1262
Amelie_Mauresmo_,3280,1321
Amer_al-Saadi_,921,62
Amram_Mitzna_,1679,309
Ana_Guevara_,2579,872
Anastasia_Myskina_,2027,495
Anders_Ebbeson_,3837,1568
Anders_Fogh_Rasmussen_,4285,1655
Andre_Agassi_,1168,111
Andrei_Mikhnevich_,1451,198
Andrew_Bunner_,616,18
Andrew_Cuomo_,1869,402
Andrew_Niccol_,1578,255
Andrew_Weissmann_,3653,1494
Andy_Hebb_,1154,104
Andy_Roddick_,2608,896
Angela_Bassett_,2268,651
Angela_Lansbury_,2804,1051
Angela_Merkel_,1907,426
Angelina_Jolie_,1439,191
Angelo_Reyes_,2945,1145
Anibal_Ibarra_,2539,833
Ann_Veneman_,1004,73
Anna_Kournikova_,3335,1348
Anna_Nicole_Smith_,2380,736
Anne_Krueger_,2257,640
Anne_McLellan_,1523,226
Anneli_Jaatteenmaki_,2510,812
Annette_Bening_,3107,1246
Annette_Lu_,1736,331
Anthony_Fauci_,1642,286
Anthony_Hopkins_,3155,1273
Anthony_LaPaglia_,4393,1664
Antonio_Banderas_,3539,1450
Antonio_Palocci_,1867,399
Antonio_Trillanes_,3272,1319
Antony_Leung_,2616,902
Anwar_Ibrahim_,2618,903
Arantxa_Sanchez-Vicario_,2161,582
Ari_Fleischer_,2537,831
Arianna_Huffington_,2843,1076
Ariel_Sharon_,2847,1078
Arlen_Specter_,2744,1016
Arminio_Fraga_,3520,1443
Arnaud_Clement_,1399,174
Arnold_Palmer_,2651,932
Arnold_Schwarzenegger_,3063,1221
Arnoldo_Aleman_,3353,1359
Aron_Ralston_,1263,133
Arsinee_Khanjian_,2594,887
Art_Hoffmann_,1038,79
Art_Howe_,3214,1299
Arturo_Gatti_,643,20
Arye_Mekel_,3580,1474
Asa_Hutchinson_,1728,327
Ashanti_,1614,271
Ashton_Kutcher_,2483,795
Atal_Bihari_Vajpayee_,4181,1642
Augustin_Calleri_,3865,1577
Augusto_Pinochet_,3047,1209
Augusto_Roa_Bastos_,2635,918
Aung_San_Suu_Kyi_,2543,837
Azra_Akin_,3235,1304
Barbara_Brezigar_,1942,442
Barbara_Walters_,2214,616
Barbra_Streisand_,3038,1202
Barrett_Jackman_,3514,1441
Barry_Alvarez_,2737,1005
Barry_Zito_,3368,1369
Bashar_Assad_,1978,468
Begum_Khaleda_Zia_,2144,573
Ben_Affleck_,703,26
Ben_Curtis_,2963,1160
Ben_Glisan_,2534,827
Ben_Howland_,2333,713
Benazir_Bhutto_,3576,1472
Benjamin_Netanyahu_,2080,528
Bernard_Landry_,2952,1155
Bernard_Law_,1472,207
Bernard_Lord_,833,42
Bernardo_Segura_,3200,1289
Bertie_Ahern_,1109,92
Bertrand_Bonello_,3540,1451
Beth_Jones_,3038,1203
Betsy_Smith_,1602,263
Bijan_Darvish_,4046,1613
Bijan_Namdar_Zangeneh_,3257,1314
Biljana_Plavsic_,1114,93
Bill_Belichick_,1677,305
Bill_Callahan_,843,48
Bill_Clinton_,1594,262
Bill_Frist_,1628,280
Bill_Gates_,855,51
Bill_Graham_,443,8
Bill_McBride_,2583,879
Bill_Nelson_,4339,1661
Bill_Parcells_,1881,410
Bill_Paxton_,4059,1616
Bill_Simon_,1779,350
Bill_Sizemore_,2639,920
Billy_Crystal_,3081,1232
Billy_Graham_,2581,876
Billy_Sollie_,2577,869
Binyamin_Ben-Eliezer_,2861,1084
Blythe_Danner_,2499,805
Blythe_Hartley_,2643,925
Bo_Pelini_,1799,362
Bo_Ryan_,2369,732
Bob_Beauprez_,4316,1658
Bob_Colvin_,725,29
Bob_Dole_,4066,1618
Bob_Geldof_,3597,1477
Bob_Graham_,3775,1544
Bob_Hope_,1216,123
Bob_Huggins_,2329,710
Bob_Stoops_,2192,609
Bobby_Goldwater_,2684,958
Bobby_Robson_,2295,674
Bode_Miller_,2647,928
Bono_,1575,253
Boris_Becker_,3228,1301
Boris_Berezovsky_,2686,962
Boris_Yeltsin_,3128,1261
Brad_Garrett_,2382,739
Brad_Johnson_,1826,372
Branko_Crvenkovski_,3207,1296
Brendan_Hansen_,2049,508
Brian_Cowen_,1441,193
Brian_Griese_,3135,1265
Brian_Heidik_,3510,1439
Brian_Mulroney_,1900,421
Brian_Wells_,1108,91
Bridget_Fonda_,1540,238
Bridgette_Wilson-Sampras_,3344,1351
Brigitte_Boisselier_,2273,660
Britney_Spears_,2906,1120
Brooke_Shields_,3143,1268
Bruce_Springsteen_,2684,959
Bruce_Van_De_Velde_,2349,723
Bruce_Weber_,2686,963
Bud_Selig_,2820,1065
Bulent_Ecevit_,2267,650
Butch_Davis_,1525,227
Byron_Scott_,3441,1410
Calista_Flockhart_,1969,462
Cameron_Diaz_,3114,1247
Camilla_Parker_Bowles_,2574,862
Candice_Bergen_,2173,589
Candie_Kung_,4195,1643
Carl_Reiner_,3765,1541
Carla_Del_Ponte_,1651,295
Carla_Myers_,2810,1055
Carlo_Ancelotti_,2826,1066
Carlos_Bianchi_,2669,944
Carlos_Ghosn_,3745,1533
Carlos_Manuel_Pruneda_,1880,409
Carlos_Menem_,2097,542
Carlos_Mesa_,2414,761
Carlos_Moya_,2681,955
Carlos_Ortega_,1612,268
Carlos_Quintanilla_Schmidt_,3290,1326
Carlos_Ruiz_,3973,1599
Carlos_Vives_,2108,547
Carly_Fiorina_,1163,107
Carmen_Electra_,3079,1228
Carol_Burnett_,3828,1565
Carol_Moseley_Braun_,3123,1254
Carolina_Kluft_,2691,967
Carolina_Moraes_,2525,823
Caroline_Kennedy_,3205,1291
Carolyn_Dawn_Johnson_,3354,1361
Carrie-Anne_Moss_,3748,1534
Carson_Daly_,2181,598
Carson_Palmer_,3284,1324
Cate_Blanchett_,3869,1578
Catherine_Deneuve_,1987,471
Catherine_Zeta-Jones_,2186,603
Cathy_Freeman_,2766,1022
Cecilia_Bolocco_,4069,1619
Celine_Dion_,3392,1379
Celso_Amorim_,1641,285
Cesar_Gaviria_,2574,863
Cesar_Maia_,3597,1478
Chakib_Khelil_,2591,886
Chan_Gailey_,2124,559
Chanda_Rubin_,3895,1587
Chang_Dae-whan_,2063,516
Charles_Bronson_,2875,1095
Charles_Grassley_,2870,1090
Charles_Kartman_,2350,724
Charles_Mathews_,2571,857
Charles_Moose_,2885,1105
Charles_Schumer_,3739,1531
Charles_Taylor_,2428,771
Charlie_Zaa_,1957,456
Charlotte_Rampling_,2328,708
Charlton_Heston_,3503,1435
Chen_Liang_Yu_,4100,1626
Chen_Shui-bian_,1309,144
Cherie_Blair_,2221,622
Chick_Hearn_,4328,1660
Chita_Rivera_,2488,800
Choi_Sung-hong_,2813,1058
Chok_Tong_Goh_,3553,1460
Chris_Bell_,769,34
Chris_Byrd_,2381,737
Chris_Cooper_,2066,518
Chris_Rock_,3439,1407
Chris_Tucker_,4274,1653
Christian_Fittipaldi_,3398,1385
Christian_Longo_,2876,1096
Christian_Wulff_,2387,746
Christina_Aguilera_,2344,721
Christine_Baumgartner_,1807,367
Christine_Ebersole_,3421,1399
Christine_Gregoire_,491,12
Christine_Todd_Whitman_,988,69
Christopher_Patten_,2581,877
Christopher_Reeve_,460,9
Christopher_Walken_,1944,445
Chuck_Amato_,848,49
Chuck_Yeager_,4117,1630
Chung_Mong-hun_,1307,143
Chung_Mong-joon_,1500,219
Cindy_Crawford_,3525,1445
Cindy_Margolis_,3658,1498
Ciro_Gomes_,2727,999
Claire_Danes_,2726,996
Claire_Hentzen_,2720,993
Claire_Leger_,2231,628
Clara_Harris_,1664,299
Clare_Short_,2239,634
Claudia_Pechstein_,3549,1458
Claudia_Schiffer_,2776,1032
Clay_Aiken_,2466,786
Clint_Eastwood_,1532,234
Colin_Farrell_,780,35
Colin_Jackson_,2530,825
Colin_Montgomerie_,3397,1384
Colin_Powell_,2174,591
Conan_OBrien_,3487,1425
Conchita_Martinez_,1059,82
Condoleezza_Rice_,2566,852
Constance_Marie_,3369,1371
Coretta_Scott_King_,2580,874
Corinne_Coman_,3010,1188
Costas_Simitis_,2303,681
Courtney_Love_,1892,416
Cristina_Fernandez_,1134,98
Cristina_Saralegui_,1614,272
Cruz_Bustamante_,3035,1201
Cyndi_Thompson_,2726,997
Dai_Bachtiar_,2947,1150
Daisy_Fuentes_,1729,328
Dalai_Lama_,1208,121
Dale_Earnhardt_Jr_,1567,249
Damon_van_Dam_,2984,1173
Dan_Morales_,2500,806
Dan_Wheldon_,1646,289
Daniel_Day-Lewis_,1711,322
Daniel_Radcliffe_,3124,1258
Daniela_Hantuchova_,1172,114
Darrell_Issa_,1826,373
Darrell_Porter_,2048,507
Darren_Clarke_,2965,1162
Daryl_Hannah_,3662,1501
Dave_Campo_,805,39
David_Anderson_,2293,671
David_Beckham_,2807,1052
David_Bell_,2614,901
David_Caraway_,2424,766
David_Caruso_,1351,157
David_Coulthard_,1560,246
David_Dodge_,2032,500
David_Heyman_,3482,1422
David_Heymann_,2569,854
David_Hyde_Pierce_,2970,1164
David_Kelley_,2367,730
David_Leahy_,3547,1454
David_Myers_,1864,395
David_Nalbandian_,2450,777
David_Spade_,1827,375
David_Stern_,2031,498
David_Trimble_,3072,1225
David_Wells_,1146,102
David_Wolf_,3422,1400
Dean_Barkley_,1828,377
Debbie_Reynolds_,2792,1042
Debra_Brown_,3020,1189
Debra_Messing_,3026,1194
Demetrius_Ferraciu_,1677,306
Demi_Moore_,2774,1030
Denise_Johnson_,2090,535
Dennis_Erickson_,1642,287
Dennis_Hastert_,3464,1414
Dennis_Kozlowski_,4177,1641
Dennis_Kucinich_,1866,397
Dennis_Powell_,3372,1375
Denzel_Washington_,1902,424
Derek_Jeter_,2083,530
Derek_Lowe_,2603,892
Desiree_Lemosi_,2632,914
Dexter_Jackson_,2642,922
Diana_Krall_,2897,1114
Diana_Munz_,1275,138
Diana_Taurasi_,2175,595
Diane_Green_,2504,810
Dianne_Feinstein_,1992,475
Dick_Cheney_,2873,1092
Dick_Clark_,2221,623
Dick_Latessa_,1678,307
Dick_Vermeil_,2068,520
Dino_de_Laurentis_,2141,570
Dolly_Parton_,2045,506
Dolma_Tsering_,3774,1543
Dominik_Garcia-Lorido_,3079,1229
Dominique_de_Villepin_,1911,429
Don_Nickles_,3983,1603
Don_Siegelman_,4096,1625
Donald_Evans_,3807,1558
Donald_Fehr_,1956,455
Donald_Pettit_,2331,711
Donald_Rumsfeld_,1195,118
Donatella_Versace_,2339,715
Donna_Shalala_,2100,545
Doris_Roberts_,1970,465
Doris_Schroeder_,3304,1332
Dorthy_Moxley_,1458,204
Doug_Collins_,1624,279
Doug_Duncan_,2734,1001
Doug_Melvin_,1839,384
Drew_Barrymore_,3344,1352
Duane_Lee_Chapman_,1133,97
Dwayne_Johnson_,4409,1665
Ed_Rosenthal_,2381,738
Ed_Smart_,3123,1255
Eddie_Sutton_,2269,654
Eddy_Merckx_,1479,210
Edie_Falco_,3704,1518
Edmund_Hillary_,2932,1138
Edmund_Stoiber_,3494,1431
Eduard_Shevardnadze_,3310,1336
Eduardo_Duhalde_,2353,725
Edward_James_Olmos_,1067,86
Edward_Kennedy_,2571,858
Edward_Lu_,2945,1146
Edward_Norton_,1953,454
Edward_Said_,2832,1069
Edwin_Edwards_,1451,199
Edwina_Currie_,656,21
Eileen_Coparropa_,4602,1678
Elena_Bovina_,1193,117
Eliane_Karp_,3332,1347
Elijah_Wood_,3560,1463
Elin_Nordegren_,1139,100
Elinor_Caplan_,1920,432
Elisabeth_Schumacher_,2129,563
Elizabeth_Dole_,3843,1570
Elizabeth_Hurley_,2388,748
Elizabeth_Shue_,2298,678
Elizabeth_Smart_,2826,1067
Elizabeth_Taylor_,1335,152
Ellen_DeGeneres_,1833,382
Ellen_Engleman_,3565,1465
Elsa_Zylberstein_,2293,672
Elton_John_,2010,484
Elvis_Presley_,1347,156
Emanuel_Ginobili_,1444,194
Emile_Lahoud_,3387,1378
Emily_Robison_,1772,346
Emma_Thompson_,587,17
Emma_Watson_,2324,705
Emmanuelle_Beart_,1435,187
Emmit_Smith_,2816,1060
Enrique_Bolanos_,2576,868
Eric_Clapton_,2837,1071
Eric_Hinske_,2982,1171
Eric_Robert_Rudolph_,3055,1213
Eric_Rosser_,2090,536
Erik_Morales_,3285,1325
Erika_Christensen_,1436,188
Erika_Harold_,2513,813
Erin_Runnion_,3046,1208
Ernesto_Zedillo_,1399,175
Ernie_Els_,2979,1168
Ernie_Eves_,1364,163
Ernie_Fletcher_,1701,316
Ethan_Hawke_,1248,129
Eunice_Barber_,2582,878
Eva_Dimas_,4513,1671
Evan_Rachel_Wood_,2841,1075
Evander_Holyfield_,3844,1572
Eve_Pelletier_,1708,320
Fabiola_Zuluaga_,1544,239
Fabrice_Santoro_,2322,701
Farouk_al-Sharaa_,2837,1072
Faye_Dunaway_,1445,196
Fayssal_Mekdad_,4487,1669
Federico_Trillo_,2898,1115
Felipe_Perez_Roque_,969,67
Felix_Mantilla_,3792,1550
Ferenc_Madl_,1517,225
Fernando_Gonzalez_,2271,656
Fernando_Henrique_Cardoso_,2711,983
Fernando_Vargas_,2028,496
Fidel_Castro_,3808,1559
Filippo_Inzaghi_,2220,619
Flavia_Delaroli_,3581,1476
Flor_Montulo_,3329,1343
Fran_Drescher_,2894,1112
Frances_Fisher_,2080,529
Francis_Ford_Coppola_,1743,333
Francis_George_,1198,119
Francis_Mer_,1553,243
Francisco_Flores_,1846,386
Franco_Dragone_,4292,1657
Frank_Cassell_,2058,515
Frank_Dunham_Jr_,1157,105
Frank_Griswold_,3000,1184
Frank_Lautenberg_,1948,450
Frank_Solich_,2986,1175
Frank_Stallone_,2798,1048
Franko_Simatovic_,2432,772
Franz_Beckenbauer_,3127,1259
Franz_Fischler_,2552,844
Franz_Muentefering_,2300,680
Fred_Eckhard_,849,50
Fred_Funk_,3038,1204
Fred_Thompson_,3258,1315
Freddy_Garcia_,1135,99
Fujio_Cho_,2421,764
GL_Peiris_,2690,966
Gabriel_Batistuta_,2275,663
Gabriel_Valdes_,2291,669
Gao_Qiang_,4128,1632
Garry_Kasparov_,1331,149
Garry_Trudeau_,3548,1456
Gary_Bergeron_,783,37
Gary_Carter_,2717,989
Gary_Doer_,4176,1640
Gary_Forsee_,2715,986
Gary_Locke_,2681,956
Gary_Williams_,893,58
Gary_Winnick_,3911,1594
Gene_Robinson_,4065,1617
Geno_Auriemma_,886,57
Geoff_Hoon_,1305,142
George_Brumley_,2568,853
George_Clooney_,2670,945
George_Foreman_,2292,670
George_Galloway_,3235,1305
George_HW_Bush_,3683,1507
George_Karl_,2666,943
George_Lopez_,2757,1021
George_P_Bush_,1454,202
George_Papandreou_,3508,1436
George_Pataki_,1151,103
George_Robertson_,1060,83
George_Roy_Hill_,2501,808
George_Ryan_,2133,565
George_Tenet_,3559,1462
George_Voinovich_,3690,1514
George_W_Bush_,1530,231
Georgi_Parvanov_,1173,115
Geraldine_Chaplin_,2973,1166
Gerard_Depardieu_,2918,1132
Gerardo_Gambala_,2066,519
Gerhard_Schroeder_,2392,750
Gerry_Adams_,4162,1637
Gerry_Parsky_,2946,1149
Gian_Marco_,3638,1485
Gianna_Angelopoulos-Daskalaki_,3779,1546
Gil_de_Ferran_,3074,1227
Gilberto_Rodriguez_Orejuela_,3763,1540
Gillian_Anderson_,175,1
Gisele_Bundchen_,2742,1011
Giuseppe_Gibilisco_,558,16
Glafcos_Clerides_,2721,994
Gloria_Allred_,2874,1093
Gloria_Macapagal_Arroyo_,1297,140
Gloria_Trevi_,3145,1270
Goh_Kun_,2711,984
Goldie_Hawn_,1602,264
Gonzalo_Sanchez_de_Lozada_,1575,254
Goran_Persson_,3569,1469
Gordon_Brown_,1364,164
Gordon_Campbell_,1619,274
Grady_Irvin_Jr_,3031,1198
Grant_Hackett_,2025,493
Gray_Davis_,1588,261
Greg_Gilbert_,2575,865
Greg_Ostertag_,1427,185
Greg_Owen_,1998,479
Greg_Rusedski_,2025,494
Gregg_Popovich_,2743,1015
Gregory_Geoffroy_,2032,501
Gregory_Hines_,4321,1659
Gro_Harlem_Brundtland_,1762,341
Guido_Westerwelle_,1528,229
Guillaume_Soro_,3106,1245
Guillermo_Canas_,1856,390
Guillermo_Coria_,2545,839
Guillermo_Ortiz_,4437,1667
Gunter_Pleuger_,2816,1061
Gus_Van_Sant_,1765,343
Gustavo_Kuerten_,2258,643
Guy_Hemmings_,2384,742
Guy_Ritchie_,4082,1621
Gwendal_Peizerat_,2378,735
Gwyneth_Paltrow_,1525,228
Habib_Rizieq_,2368,731
Hal_Gehman_,3235,1306
Hal_Sutton_,1868,401
Halle_Berry_,842,46
Hamid_Karzai_,3758,1538
Hamzah_Haz_,723,28
Hanan_Ashrawi_,1066,85
Hannah_Stockbauer_,1969,463
Hans_Blix_,2390,749
Hans_Eichel_,3509,1438
Harbhajan_Singh_,3146,1271
Harrison_Ford_,2485,797
Harry_Belafonte_,3769,1542
Harry_Kalas_,3366,1367
Harry_Schmidt_,782,36
Harvey_Weinstein_,3092,1239
Hashim_Thaci_,2575,866
Hassan_Nasrallah_,2975,1167
Hassan_Wirajuda_,1701,317
Hayley_Tullett_,3040,1205
Heath_Ledger_,2608,897
Heather_Mills_,1649,292
Hector_Babenco_,2939,1141
Hee-Won_Han_,3547,1455
Heidi_Fleiss_,3630,1483
Heidi_Klum_,3182,1280
Heinz_Feldmann_,1497,216
Heizo_Takenaka_,3058,1216
Helen_Clark_,2064,517
Henrique_Meirelles_,3364,1366
Herb_Sendek_,2843,1077
Hermann_Maier_,1976,466
Herta_Daeubler-Gmelin_,1839,385
Hichiro_Naemura_,2425,767
Hideki_Matsui_,3654,1495
Hilary_Duff_,3211,1298
Hillary_Clinton_,2020,489
Hilmi_Ozkok_,2955,1157
Hipolito_Mejia_,4109,1628
Hisao_Oguchi_,2248,638
Hitomi_Soga_,2384,743
Holly_Hunter_,2316,696
Hootie_Johnson_,3134,1264
Horst_Koehler_,1622,277
Hosni_Mubarak_,3300,1330
Howard_Dean_,1804,364
Howard_Schultz_,2311,687
Howard_Smith_,3155,1274
Hu_Jintao_,2377,734
Hugh_Grant_,2700,974
Hugo_Chavez_,1102,90
Hun_Sen_,1499,218
Iain_Duncan_Smith_,2872,1091
Ian_McKellen_,2637,919
Ian_Thorpe_,2339,716
Iban_Mayo_,2187,605
Ibrahim_Jaafari_,2997,1181
Igor_Ivanov_,1130,96
Ilan_Ramon_,2123,556
Imad_Moustapha_,3725,1524
Inam-ul-Haq_,3206,1295
Inocencio_Arias_,2497,804
Intisar_Ajouri_,1860,394
Isabella_Rossellini_,1900,422
Isabelle_Huppert_,2865,1087
Isaiah_Washington_,4478,1668
Ishaq_Shahryar_,1950,452
Ismail_Merchant_,3057,1214
Iva_Majoli_,2003,481
JJ_Redick_,2298,679
JK_Rowling_,2268,652
Jack_Grubman_,1804,365
Jack_Nicholson_,2577,870
Jack_Straw_,2273,661
Jackie_Chan_,3202,1290
Jacqueline_Obradors_,2219,618
Jacques_Chirac_,3115,1248
Jacques_Rogge_,3030,1197
Jada_Pinkett_Smith_,4037,1610
Jake_Gyllenhaal_,2257,641
James_Blake_,1547,240
James_Butts_,2634,916
James_Caan_,2171,587
James_Cameron_,3903,1591
James_Cunningham_,3725,1525
James_Franco_,2079,525
James_Gandolfini_,4214,1648
James_Ivory_,1354,159
James_Jones_,2797,1047
James_Kelly_,1094,88
James_Kopp_,1621,276
James_Maguire_,754,32
James_McGreevey_,3395,1383
James_Morris_,922,63
James_Parker_,2587,882
James_Schultz_,1270,136
James_Smith_,2936,1140
James_Traficant_,3646,1491
James_Wolfensohn_,2999,1183
Jamie_Villafane_,1966,461
Jamling_Norgay_,3064,1222
Jan-Michael_Gambill_,2470,787
Jan_Ullrich_,3340,1350
Jane_Fonda_,3532,1447
Jane_Kaczmarek_,2705,976
Jane_Pauley_,3330,1345
Janet_Napolitano_,1647,291
Janet_Thorpe_,1731,329
Janica_Kostelic_,2569,855
Jason_Alexander_,2572,860
Jason_Jennings_,2303,682
Jason_Kidd_,1168,112
Jason_Lezak_,2723,995
Javier_Solana_,1472,208
Javier_Weber_,2450,778
Jay_Garner_,3467,1415
Jay_Leno_,2676,952
Jay_Rasulo_,2707,981
Jayson_Williams_,2331,712
Jean-Claude_Braquet_,2127,562
Jean-Claude_Juncker_,3976,1600
Jean-Claude_Trichet_,3314,1338
Jean-David_Levitte_,2023,492
Jean-Francois_Pontal_,1008,74
Jean-Marc_de_La_Sabliere_,2693,968
Jean-Pierre_Raffarin_,2773,1027
Jean-Sebastien_Giguere_,3352,1358
Jean_Brumley_,1569,250
Jean_Carnahan_,1529,230
Jean_Charest_,3722,1523
Jean_Chretien_,2520,820
Jeanne_Moreau_,2687,964
Jeb_Bush_,1547,241
Jeff_Van_Gundy_,1572,252
Jefferson_Perez_,4147,1634
Jeffrey_Archer_,2718,990
Jeffrey_Immelt_,2341,718
Jeffrey_Jones_,3328,1341
Jeffrey_Scott_Postell_,4009,1608
Jelena_Dokic_,2168,585
Jennifer_Aniston_,3186,1282
Jennifer_Capriati_,1743,334
Jennifer_Connelly_,2696,973
Jennifer_Garner_,3104,1243
Jennifer_Keller_,625,19
Jennifer_Lopez_,3367,1368
Jennifer_Reilly_,2225,626
Jennifer_Rodriguez_,3797,1551
Jennifer_Thompson_,1580,256
Jeong_Se-hyun_,3961,1598
Jeremy_Greenstock_,3639,1487
Jeremy_Shockey_,1939,441
Jerry_Falwell_,2552,845
Jerry_Regier_,1474,209
Jerry_Springer_,3378,1376
Jesse_Harris_,3621,1482
Jesse_Jackson_,2642,923
Jesse_James_Leija_,1787,356
Jesse_Ventura_,2706,979
Jessica_Alba_,2189,607
Jessica_Lange_,3329,1344
Jessica_Lynch_,2899,1116
Jia_Qinglin_,1690,313
Jiang_Zemin_,4085,1623
Jim_Carrey_,2109,549
Jim_Edmonds_,3444,1412
Jim_Furyk_,2959,1159
Jim_Hahn_,2712,985
Jim_Harrick_,3264,1318
Jim_OBrien_,1264,134
Jim_Tressel_,3542,1453
Jimmy_Carter_,2572,861
Jimmy_Kimmel_,3880,1584
Jiri_Novak_,2705,977
Jo_Dee_Messina_,2881,1102
Joan_Claybrook_,832,41
Joan_Laporta_,2235,631
Job_Cohen_,3899,1590
Jodie_Foster_,2772,1026
Joe_Calzaghe_,3429,1403
Joe_Dumars_,2610,900
Joe_Gatti_,1486,212
Joe_Lieberman_,2387,747
Joe_Mantello_,2095,540
Joe_Nichols_,3762,1539
Joe_Torre_,1408,177
Joerg_Haider_,1683,310
John_Abizaid_,3433,1405
John_Allen_Muhammad_,2481,792
John_Ashcroft_,3803,1555
John_Banko_,1380,169
John_Blaney_,3687,1509
John_Bolton_,2323,702
John_Brady_,2342,719
John_Cusack_,3047,1210
John_Edwards_,2288,668
John_F_Kennedy_Jr_,188,2
John_Garamendi_,2631,911
John_Howard_,2912,1126
John_Jumper_,3784,1548
John_Kerry_,2039,503
John_Malkovich_,3683,1508
John_Manley_,1180,116
John_Mayer_,1512,222
John_McCain_,2404,754
John_McCallum_,2123,557
John_McCormack_,861,54
John_McEnroe_,3860,1576
John_Negroponte_,2719,991
John_Paul_II_,2681,957
John_Reid_,2609,899
John_Reilly_,2922,1134
John_Rigas_,3896,1588
John_Rosa_,3159,1275
John_Rowland_,1674,303
John_Ruiz_,2916,1129
John_Snow_,3944,1597
John_Spencer_,3615,1481
John_Stallworth_,2984,1174
John_Stockton_,3520,1444
John_Swofford_,1512,223
John_Taylor_,423,6
John_Timoney_,1670,300
John_Travolta_,2410,758
John_Walsh_,1419,182
John_Warner_,2957,1158
John_Wolf_,1418,181
Johnny_Carson_,2356,726
Johnny_Depp_,2647,929
Johnny_Tapia_,3702,1517
Johnny_Unitas_,3849,1573
Johnson_Panjaitan_,3199,1288
Jolanta_Kwasniewski_,2136,569
Jon_Corzine_,3142,1266
Jon_Gruden_,2791,1039
Jon_Voight_,3325,1340
Jonathan_Edwards_,2031,499
Jonathan_Mostow_,3473,1418
Jong_Thae_Hwa_,2560,849
Jong_Wook_Lee_,2742,1012
Jorge_Arce_,2738,1007
Jorge_Batlle_,1649,293
Jorge_Castaneda_,2482,793
Jorge_Rodolfo_Canicoba_Corral_,2565,851
Jorge_Valdano_,1623,278
Joschka_Fischer_,1021,76
Jose_Canseco_,2253,639
Jose_Dirceu_,2449,776
Jose_Manuel_Durao_Barroso_,2687,965
Jose_Maria_Aznar_,1796,361
Jose_Mourinho_,2427,769
Jose_Sarney_,3024,1192
Jose_Serra_,3565,1466
Jose_Theodore_,2672,947
Jose_Viegas_Filho_,3262,1317
Joseph_Biden_,3689,1511
Joseph_Blatter_,2095,541
Joseph_Deiss_,2414,762
Joseph_Estrada_,2523,822
Joseph_Ralston_,1898,420
Juan_Carlos_Ferrero_,2768,1025
Juan_Ignacio_Chela_,2673,949
Juan_Manuel_Marquez_,1220,125
Juan_Pablo_Montoya_,2948,1151
Juan_Valencia_Osorio_,3803,1556
Juanes_,1662,298
Jude_Law_,1786,355
Judi_Dench_,1891,415
Judy_Genshaft_,1747,335
Juergen_Peters_,4174,1639
Julia_Tymoshenko_,2185,601
Julianna_Margulies_,3571,1470
Julianne_Moore_,3346,1353
Julie_Gerberding_,2588,883
Julie_Taymor_,2465,785
Julio_Iglesias_Jr_,1301,141
Junichiro_Koizumi_,3250,1313
Justin_Gatlin_,2943,1144
Justin_Guarini_,2168,586
Justin_Leonard_,1396,172
Justin_Timberlake_,1979,469
Justine_Henin_,1949,451
Justine_Pasek_,1886,413
Kalpana_Chawla_,2397,751
Kamal_Kharrazi_,1554,244
Karen_Mok_,1938,439
Karin_Stoiber_,533,14
Kate_Capshaw_,2010,485
Kate_Hudson_,2303,683
Kate_Winslet_,842,47
Katherine_Harris_,3897,1589
Kathleen_Glynn_,3799,1552
Kathleen_Kennedy_Townsend_,2195,612
Kathryn_Bigelow_,1931,436
Kathy_Winters_,980,68
Katie_Harman_,2099,544
Keanu_Reeves_,3243,1309
Keira_Knightley_,1719,325
Keith_Bogans_,1539,237
Kelli_White_,3538,1449
Kelly_Clarkson_,2313,692
Kelvin_Sampson_,1017,75
Kemal_Dervis_,2982,1172
Ken_Macha_,2412,759
Ken_Watanabe_,3714,1520
Kenneth_Bowersox_,2316,697
Kenneth_Branagh_,2115,551
Kenneth_Evans_,3057,1215
Kent_Rominger_,2648,930
Kevin_Costner_,4212,1646
Kevin_Spacey_,1962,458
Kevin_Stallings_,2005,482
Kieran_Prendergast_,3784,1549
Kifah_Ajouri_,2259,644
Kiki_Vandeweghe_,2648,931
Kim_Clijsters_,1352,158
Kim_Dae-jung_,2186,604
Kim_Jin-sun_,3534,1448
Kim_Jong-Il_,1608,265
Kim_Ryong-sung_,3468,1416
Kim_Yong-il_,2660,939
Kimi_Raikkonen_,2056,514
King_Abdullah_II_,2363,728
Kirk_Ferentz_,3681,1506
Kirk_Johnson_,2149,577
Kjell_Magne_Bondevik_,2233,629
Klaus_Zwickel_,2627,906
Kobe_Bryant_,3871,1580
Kofi_Annan_,3244,1310
Kosuke_Kitajima_,2233,630
Kristanna_Loken_,2949,1153
Kristen_Breitweiser_,1736,332
Kristin_Davis_,3426,1402
Kurt_Busch_,4147,1635
Kurt_Russell_,2726,998
Kurt_Warner_,1943,444
Kwon_Yang-sook_,2425,768
LK_Advani_,1559,245
Laila_Ali_,1997,477
Lana_Clarkson_,1343,154
Lance_Armstrong_,2986,1176
Lance_Bass_,2158,581
Larry_Bowa_,2312,688
Larry_Brown_,2876,1097
Larry_Coker_,2994,1179
Larry_Ellison_,3810,1561
Larry_Johnson_,2386,745
Larry_Lindsey_,2456,782
Larry_Lucchino_,2781,1034
Larry_Thompson_,2939,1142
Lars_Von_Trier_,2274,662
Latrell_Sprewell_,2708,982
Laura_Bush_,1781,351
Laura_Hernandez_,2141,571
Laura_Linney_,2257,642
Lauren_Hutton_,2269,655
Lauren_Killian_,2412,760
Laurent_Gbagbo_,3143,1269
Laurent_Jalabert_,2854,1079
Lawrence_MacAulay_,2656,935
LeAnn_Rimes_,1673,301
LeBron_James_,3305,1334
Lea_Fastow_,1496,215
Leander_Paes_,3410,1392
Lech_Walesa_,901,59
Lee_Hoi-chang_,2703,975
Lee_Jun_,1787,357
Lee_Soo-hyuck_,3843,1571
Lee_Tae-sik_,1581,257
Leland_Chapman_,1674,304
Len_Jenoff_,2540,835
Lennox_Lewis_,3748,1535
Lenny_Wilkens_,2118,554
Leon_LaPorte_,3419,1395
Leonard_Hamilton_,2295,675
Leonardo_DiCaprio_,2608,898
Leonid_Kuchma_,2535,830
Lesley_McCulloch_,2472,791
Leslie_Ann_Woodward_,2522,821
Leslie_Caldwell_,2597,890
Leslie_Moonves_,3241,1308
Leszek_Miller_,3369,1372
Li_Peng_,3097,1240
Li_Zhaoxing_,1584,259
Liam_Neeson_,1613,269
Lili_Taylor_,2104,546
Lily_Tomlin_,694,25
Lim_Dong-won_,3499,1434
Lina_Krasnoroutskaya_,4237,1650
Lindsay_Benko_,2079,526
Lindsay_Davenport_,2917,1130
Lindsey_Graham_,1826,374
Lino_Oviedo_,2221,624
Lionel_Richie_,3718,1521
Lisa_Gottsegen_,3687,1510
Lisa_Ling_,3508,1437
Lisa_Marie_Presley_,2588,884
Lisa_Raymond_,3489,1428
Liu_Mingkang_,3080,1230
Liza_Minnelli_,3561,1464
Lleyton_Hewitt_,3028,1196
Lloyd_Ward_,2829,1068
Lon_Kruger_,3086,1236
Lord_Hutton_,2204,614
Lou_Piniella_,3401,1388
Luciano_Pavarotti_,4009,1609
Lucio_Gutierrez_,3644,1490
Lucy_Liu_,2739,1009
Ludivine_Sagnier_,758,33
Luis_Ernesto_Derbez_Bautista_,3346,1354
Luis_Figo_,1866,398
Luis_Gonzalez_Macchi_,1355,160
Luis_Horna_,2312,689
Luiz_Felipe_Scolari_,2313,693
Luiz_Inacio_Lula_da_Silva_,3650,1493
Luke_Walton_,4057,1615
Lyle_Vanclief_,2044,505
Lynn_Abraham_,1374,167
Lynn_Redgrave_,3080,1231
Lynne_Cheney_,3730,1528
Mack_Brown_,1678,308
Madeleine_Albright_,2033,502
Madonna_,2693,969
Magdalena_Maleeva_,2489,801
Maggie_Smith_,2141,572
Magui_Serna_,1751,337
Mahathir_Mohamad_,1324,148
Mahmoud_Abbas_,2050,510
Makhdoom_Amin_Fahim_,3497,1433
Manfred_Stolpe_,2264,649
Manuel_Poggiali_,3461,1413
Marat_Safin_,3177,1279
Marc-Andre_Fleury_,2021,491
Marc_Grossman_,1824,371
Marcelo_Ebrard_,1885,412
Marcelo_Rios_,3808,1560
Marcelo_Salas_,3009,1186
Marco_Antonio_Barrera_,2627,907
Marcus_Gronholm_,783,38
Margaret_Thatcher_,536,15
Maria_Luisa_Mendonca_,3044,1207
Maria_Shriver_,2227,627
Maria_Soledad_Alvear_Valenzuela_,2134,566
Mariah_Carey_,3399,1386
Mariana_Pollack_,1782,352
Mariangel_Ruiz_Torrealba_,1984,470
Marie-Reine_Le_Gougne_,3439,1408
Marieta_Chrousala_,2116,552
Marilyn_Monroe_,3009,1187
Marina_Anissina_,1815,370
Mario_Cipollini_,2674,950
Mario_Dumont_,1200,120
Mario_Kreutzberger_,3854,1575
Marisa_Tomei_,2802,1050
Marissa_Jaret_Winokur_,1563,247
Mark_Cuban_,1714,323
Mark_Dacey_,903,61
Mark_Geragos_,1140,101
Mark_Gottfried_,1530,232
Mark_Hamister_,1444,195
Mark_Heller_,3853,1574
Mark_Hurlbert_,2880,1100
Mark_Philippoussis_,1962,459
Mark_Richt_,2945,1147
Mark_Schweiker_,2741,1010
Mark_Wahlberg_,2283,666
Mark_Warner_,3892,1586
Markus_Naslund_,2263,648
Marlene_Weingartner_,1632,282
Martha_Beatriz_Roque_,2658,938
Martha_Bowen_,3419,1396
Martha_Burk_,1465,206
Martha_Lucia_Ramirez_,2914,1127
Martha_Stewart_,1909,427
Martin_Brodeur_,2860,1083
Martin_Cauchon_,1246,128
Martin_Hoellwarth_,1909,428
Martin_McCauley_,2866,1088
Martin_McGuinness_,1160,106
Martin_Scorsese_,2271,657
Martin_Sheen_,2884,1104
Martin_Verkerk_,2778,1033
Martina_Hingis_,2050,511
Martina_McBride_,3371,1374
Marty_Mornhinweg_,1295,139
Marwan_Barghouthi_,4563,1675
Mary-Kate_Olsen_,1731,330
Mary_Carey_,2076,524
Mary_Landrieu_,2672,948
Mary_Steenburgen_,1856,391
Mary_Tyler_Moore_,4047,1614
Masahiko_Nagasawa_,3182,1281
Masum_Turker_,1893,417
Mathias_Reichhold_,2406,756
Matt_Damon_,2192,610
Matt_Dillon_,2166,584
Matt_Doherty_,1724,326
Matthew_Broderick_,3776,1545
Matthew_Perry_,2373,733
Maureen_Fanning_,1506,220
Max_Mayfield_,3205,1292
Megan_Mullally_,2968,1163
Megawati_Sukarnoputri_,2642,924
Meghann_Shaughnessy_,2016,488
Mel_Brooks_,2079,527
Mel_Gibson_,2440,773
Melanie_Griffith_,2220,620
Melissa_Etheridge_,1969,464
Meryl_Streep_,1850,388
Mesut_Yilmaz_,2588,885
Mian_Khursheed_Mehmood_Kasuri_,3261,1316
Michael_Ballack_,1401,176
Michael_Bloomberg_,3123,1256
Michael_Caine_,2190,608
Michael_Capellas_,2261,646
Michael_Chang_,2146,574
Michael_Chiklis_,2211,615
Michael_Douglas_,3160,1276
Michael_J_Sheehan_,2174,592
Michael_Jackson_,3194,1283
Michael_Jordan_,2402,753
Michael_Keaton_,3412,1394
Michael_Kostelnik_,1872,405
Michael_Leavitt_,1461,205
Michael_Moore_,3878,1583
Michael_Patrick_King_,3024,1193
Michael_Phelps_,2073,522
Michael_Powell_,2877,1098
Michael_Schumacher_,2742,1013
Michael_Sullivan_,1208,122
Michael_Winterbottom_,3659,1499
Michel_Duclos_,1551,242
Michel_Temer_,1685,311
Michel_Therrien_,3529,1446
Michelle_Branch_,2607,895
Michelle_Collins_,2652,933
Michelle_Kwan_,1581,258
Michelle_Pfeiffer_,3198,1285
Michelle_Rodriguez_,4208,1645
Michelle_Yeoh_,3368,1370
Mick_Jagger_,3123,1257
Miguel_Contreras_,2530,826
Miguel_Estrada_,2784,1036
Mike_Babcock_,1585,260
Mike_Brey_,692,24
Mike_Helton_,1807,368
Mike_Holmgren_,2320,700
Mike_Krzyzewski_,3081,1233
Mike_Martz_,1976,467
Mike_Miller_,3689,1512
Mike_Montgomery_,860,53
Mike_Myers_,2795,1045
Mike_Price_,1710,321
Mike_Scioscia_,2885,1106
Mike_Tyson_,3121,1251
Mike_Weir_,2147,575
Mikhail_Gorbachev_,3602,1480
Mikhail_Kasyanov_,2383,741
Mikhail_Wehbe_,2534,828
Mikhail_Youzhny_,2296,676
Mikulas_Dzurinda_,3346,1355
Milo_Djukanovic_,362,4
Milo_Maestrecampo_,1859,392
Minnie_Driver_,1495,214
Mireya_Moscoso_,2893,1111
Miroljub_,3116,1249
Mitchell_Daniels_,1693,314
Mitoji_Yabunaka_,3419,1397
Miyako_Miyazaki_,3656,1497
Mohamed_Benaissa_,3519,1442
Mohamed_ElBaradei_,2537,832
Mohammad_Khatami_,3888,1585
Mohammed_Al-Douri_,4250,1652
Mohammed_Baqir_al-Hakim_,1748,336
Monica_Bellucci_,3120,1250
Monica_Lewinsky_,2794,1044
Monica_Seles_,2323,703
Monique_Garbrecht-Enfeldt_,2621,905
Morgan_Freeman_,2629,910
Moshe_Katsav_,2662,940
Muammar_Gaddafi_,3023,1191
Muhammad_Ali_,2685,960
Muhammad_Saeed_al-Sahhaf_,2880,1101
Mukesh_Ambani_,901,60
Munir_Akram_,2735,1002
Nabil_Shaath_,2316,698
Nadia_Petrova_,2188,606
Nadine_Vinzens_,2486,798
Naji_Sabri_,3280,1322
Nan_Wang_,1000,71
Nancy_Demme_,673,22
Nancy_Pelosi_,3328,1342
Nancy_Reagan_,1314,146
Nancy_Sinatra_,2948,1152
Nanni_Moretti_,2184,599
Naomi_Campbell_,3405,1391
Naomi_Watts_,2541,836
Naoto_Kan_,2268,653
Nasser_al-Kidwa_,2931,1137
Nastassia_Kinski_,2124,560
Natalie_Cole_,2954,1156
Natalie_Coughlin_,2695,971
Natalie_Maines_,2766,1023
Natasha_McElhone_,2312,690
Nathalie_Baye_,3059,1217
Nathan_Lane_,1234,126
Nebojsa_Pavkovic_,2693,970
Nelson_Mandela_,2179,597
Neri_Marcore_,2996,1180
Nestor_Kirchner_,3061,1219
Nia_Vardalos_,3122,1252
Nicanor_Duarte_Frutos_,2631,912
Nicholas_Byron_,2859,1082
Nicholas_Tse_,3085,1234
Nick_Nolte_,1894,418
Nicolas_Cage_,3303,1331
Nicolas_Escude_,1947,448
Nicolas_Lapentti_,1806,366
Nicole_Kidman_,2674,951
Nikki_Reed_,1689,312
Noah_Wyle_,2323,704
Noelle_Bush_,2123,558
Nora_Bendijo_,1877,408
Norah_Jones_,2914,1128
Norm_Coleman_,885,56
Norman_Jewison_,4511,1670
Norodom_Sihanouk_,4103,1627
Nursultan_Nazarbayev_,3378,1377
OJ_Simpson_,2791,1040
Oleksandr_Moroz_,2237,632
Olesya_Bonabarenko_,1414,180
Olivia_Newton-John_,2921,1133
Omar_Sharif_,3048,1212
Oprah_Winfrey_,3800,1553
Orlando_Bloom_,335,3
Orrin_Hatch_,3869,1579
Osama_bin_Laden_,4240,1651
Oscar_De_La_Hoya_,2134,567
Oscar_Elias_Biscet_,3730,1529
Oswaldo_Paya_,3633,1484
Owen_Wilson_,3440,1409
Oxana_Fedorova_,3481,1420
Ozzy_Osbourne_,1913,430
Padraig_Harrington_,1886,414
Pamela_Anderson_,2756,1020
Paradorn_Srichaphan_,1410,178
Paris_Hilton_,2857,1081
Parris_Glendening_,1933,438
Pascal_Lamy_,3122,1253
Pascal_Quignard_,3401,1389
Pat_Burns_,2020,490
Pat_Cox_,1644,288
Patrice_Chereau_,1991,472
Patricia_Clarkson_,2184,600
Patricia_Heaton_,1763,342
Patrick_Ewing_,4606,1679
Patrick_Leahy_,3565,1467
Patrick_McEnroe_,1832,381
Patrick_Roy_,1946,446
Patrick_Stewart_,3692,1515
Patti_Labelle_,2314,695
Patty_Schnyder_,1248,130
Paul-Henri_Mathieu_,3488,1427
Paul_Bremer_,4548,1674
Paul_Burrell_,3689,1513
Paul_Byrd_,2906,1121
Paul_Coppin_,3744,1532
Paul_Gascoigne_,408,5
Paul_Hogan_,1761,340
Paul_Kagame_,3981,1602
Paul_Martin_,1097,89
Paul_McCartney_,1390,171
Paul_McNulty_,1171,113
Paul_ONeill_,964,65
Paul_Patton_,2917,1131
Paul_Pierce_,2890,1110
Paul_Sarbanes_,2634,917
Paul_Shanley_,2513,814
Paul_Tagliabue_,1705,319
Paul_Wellstone_,3072,1226
Paul_William_Hurley_,3392,1380
Paul_Wolfowitz_,2492,802
Paula_Radcliffe_,3577,1473
Paula_Zahn_,2404,755
Paulo_Cesar_Pinheiro_,1536,235
Pedro_Almodovar_,1337,153
Pedro_Malan_,2113,550
Pedro_Solbes_,2164,583
Penelope_Ann_Miller_,2628,908
Penelope_Cruz_,1791,360
Pervez_Musharraf_,1236,127
Pete_Carroll_,1362,162
Pete_Rose_,2217,617
Pete_Sampras_,1942,443
Peter_Arnett_,2939,1143
Peter_Bacanovic_,1274,137
Peter_Costello_,4038,1611
Peter_Greenaway_,2071,521
Peter_Harrison_,3548,1457
Peter_Hillary_,2908,1122
Peter_Struck_,2445,775
Petria_Thomas_,1333,150
Petro_Symonenko_,2934,1139
Phan_Van_Khai_,750,31
Phil_Gramm_,2905,1119
Phil_Mickelson_,1769,345
Phil_Vassar_,2924,1136
Philippe_Noiret_,4087,1624
Pierce_Brosnan_,3568,1468
Pierre_Boulanger_,2053,512
Pierre_Pettigrew_,1646,290
Placido_Domingo_,1564,248
Prince_Charles_,2881,1103
Prince_Claus_,1759,339
Prince_Edward_,1901,423
Prince_Harry_,1322,147
Prince_Naruhito_,2619,904
Prince_Willem-Alexander_,2503,809
Prince_William_,4287,1656
Princess_Aiko_,855,52
Princess_Anne_,2910,1125
Princess_Caroline_,3721,1522
Princess_Elisabeth_,2837,1073
Princess_Masako_,2561,850
Priscilla_Owen_,2089,534
Priscilla_Presley_,1864,396
Pupi_Avati_,2719,992
Queen_Beatrix_,2260,645
Queen_Elizabeth_II_,2090,537
Queen_Latifah_,3705,1519
Queen_Rania_,1530,233
Rachel_Griffiths_,2645,926
Rachel_Hunter_,2833,1070
Rafael_Ramirez_,1057,81
Raghad_Saddam_Hussein_,1613,270
Rainer_Schuettler_,2894,1113
Ralf_Schumacher_,3105,1244
Ralph_Firman_,2382,740
Ralph_Klein_,1217,124
Ralph_Lauren_,2487,799
Ranil_Wickremasinghe_,3661,1500
Raoul_Ruiz_,2557,848
Raquel_Welch_,2271,658
Ray_Allen_,2470,788
Ray_Nagin_,1425,184
Ray_Romano_,2979,1169
Raymond_Odierno_,2312,691
Rebecca_Romijn-Stamos_,2173,590
Rebekah_Chantay_Revels_,3168,1277
Recep_Tayyip_Erdogan_,2632,915
Reese_Witherspoon_,718,27
Reggie_Miller_,1870,403
Renee_Zellweger_,2509,811
Ricardo_Lagos_,2641,921
Ricardo_Lopez_Murphy_,3360,1364
Ricardo_Maduro_,4122,1631
Ricardo_Monasterio_,1922,434
Ricardo_Sanchez_,2817,1062
Rich_Gannon_,1658,297
Richard_Armitage_,1163,108
Richard_Branson_,1774,347
Richard_Butler_,3205,1293
Richard_Crenna_,3641,1488
Richard_Gephardt_,3410,1393
Richard_Gere_,3194,1284
Richard_Haass_,1828,378
Richard_Krajicek_,3580,1475
Richard_Myers_,515,13
Richard_Norton-Taylor_,1991,473
Richard_Sambrook_,2785,1038
Richard_Shelby_,2222,625
Richard_Virenque_,2343,720
Richie_Adubato_,2073,523
Rick_Barnes_,1993,476
Rick_Carlisle_,683,23
Rick_Dinse_,1428,186
Rick_Perry_,1029,77
Rick_Pitino_,3085,1235
Rick_Romley_,435,7
Rick_Santorum_,3932,1596
Rick_Stansbury_,2773,1028
Rick_Wagoner_,2571,859
Ricky_Barnes_,3320,1339
Ricky_Martin_,2407,757
Ricky_Ponting_,2294,673
Rio_Ferdinand_,3350,1356
Rita_Grande_,2601,891
Rita_Moreno_,1569,251
Rita_Wilson_,3553,1461
Rob_Lowe_,2362,727
Rob_Marshall_,3295,1329
Rob_Schneider_,4172,1638
Robbie_Fowler_,2594,888
Robbie_Williams_,1758,338
Robby_Ginepri_,3312,1337
Robert_Blackwill_,2154,580
Robert_Blake_,2574,864
Robert_Bonner_,3273,1320
Robert_Bullock_,1254,131
Robert_DeFraites_,1091,87
Robert_De_Niro_,3280,1323
Robert_Duvall_,3487,1426
Robert_Ehrlich_,482,11
Robert_Evans_,2220,621
Robert_Fico_,1334,151
Robert_Horan_,2784,1037
Robert_Kocharian_,3198,1286
Robert_Mueller_,988,70
Robert_Mugabe_,3481,1421
Robert_Redford_,2864,1086
Robert_Stack_,2575,867
Robert_Torricelli_,3906,1592
Robert_Witt_,1774,348
Robert_Zoellick_,2808,1053
Roberto_Benigni_,3222,1300
Roberto_Carlos_,2242,637
Roberto_Marinho_,1367,166
Robin_Cook_,2793,1043
Robin_McLaurin_Williams_,3638,1486
Robinson_Stevenin_,1310,145
Rod_Blagojevich_,936,64
Rod_Stewart_,2041,504
Rodrigo_Borja_,2579,873
Roger_Clemens_,2423,765
Roger_Federer_,4007,1607
Roger_Moore_,2781,1035
Rogerio_Romero_,3836,1567
Roh_Moo-hyun_,2185,602
Rolandas_Paksas_,2922,1135
Rolf_Eckrodt_,1515,224
Roman_Polanski_,2199,613
Romano_Prodi_,2981,1170
Ron_Dittemore_,3674,1503
Ron_Howard_,1882,411
Ronald_Reagan_,2262,647
Ronaldo_Luis_Nazario_de_Lima_,2147,576
Roseanne_Barr_,1453,200
Rosemarie_Stack_,2662,941
Roy_Jones_Jr_,3493,1430
Roy_Moore_,2464,784
Roy_Williams_,2305,684
Ruben_Studdard_,4518,1672
Rubens_Barrichello_,3339,1349
Rudolph_Giuliani_,2030,497
Rupert_Grint_,2874,1094
Rupert_Murdoch_,1827,376
Russell_Coutts_,4151,1636
Russell_Crowe_,2278,665
Russell_Simmons_,4525,1673
Ruth_Dreifuss_,1608,266
Ruth_Harlow_,1453,201
S_Jayakumar_,3209,1297
Saburo_Kawabuchi_,2309,686
Sachiko_Yamada_,1999,480
Saddam_Hussein_,2773,1029
Sadie_Frost_,1925,435
Saeb_Erekat_,3034,1200
Sally_Field_,878,55
Sally_Kirkland_,3641,1489
Sally_Ride_,3091,1238
Salma_Hayek_,2887,1109
Salman_Rushdie_,1867,400
Sam_Bith_,2909,1123
Sam_Mendes_,4213,1647
Sam_Torrance_,4418,1666
Samira_Makhmalbaf_,2798,1049
Sammy_Sosa_,3068,1224
Samuel_Waksal_,2819,1063
Sandra_Bullock_,1398,173
Saparmurat_Niyazov_,2569,856
Sarah_Hughes_,2886,1108
Sarah_Jessica_Parker_,1657,296
Sarah_Michelle_Gellar_,1636,284
Scott_McClellan_,1870,404
Scott_McNealy_,2867,1089
Scott_Peterson_,2736,1004
Scott_Ritter_,3228,1302
Scott_Rudin_,2339,717
Scott_Sullivan_,1166,109
Scott_Wolf_,2384,744
Sean_Astin_,3871,1581
Sean_Hayes_,1264,135
Sean_OKeefe_,2595,889
Sean_Patrick_OMalley_,2091,538
Sean_Penn_,1961,457
Sebastian_Saja_,2657,937
Sebastien_Grosjean_,2177,596
Sepp_Blatter_,2172,588
Serena_Williams_,3356,1363
Sergei_Ivanov_,2344,722
Sergey_Lavrov_,2680,954
Sergio_Garcia_,1847,387
Sergio_Vieira_De_Mello_,1964,460
Shane_Mosley_,3667,1502
Shane_Warne_,3748,1536
Shannon_OBrien_,3540,1452
Sharon_Davis_,1364,165
Sharon_Frey_,2810,1056
Sharon_Osbourne_,3127,1260
Sharon_Stone_,2427,770
Shaukat_Aziz_,1814,369
Shaul_Mofaz_,2194,611
Sheila_Copps_,2313,694
Sheila_Fraser_,3238,1307
Sheila_Wellstone_,4081,1620
Sheryl_Crow_,2517,818
Shia_LaBeouf_,2296,677
Shimon_Peres_,2656,936
Sila_Calderon_,2496,803
Silvan_Shalom_,2086,532
Silvia_Farina_Elia_,2654,934
Silvio_Berlusconi_,3492,1429
Silvio_Fernandez_,1859,393
Simon_Cowell_,2174,593
Slobodan_Milosevic_,841,44
Sonia_Gandhi_,2364,729
Sophia_Loren_,2318,699
Sourav_Ganguly_,2152,579
Spencer_Abraham_,2809,1054
Stacy_Dragila_,3403,1390
Stan_Heath_,3369,1373
Stanley_McChrystal_,1436,189
Stanley_Tong_,1377,168
Stefano_Accorsi_,3478,1419
Steffi_Graf_,3004,1185
Stellan_Skarsgard_,1650,294
Stephen_Ambrose_,2083,531
Stephen_Daldry_,3654,1496
Stephen_Friedman_,2901,1117
Steve_Backley_,2670,946
Steve_Ballmer_,2885,1107
Steve_Lavin_,2451,779
Steve_Mariucci_,2554,847
Steve_Nash_,2307,685
Steve_Park_,2129,564
Steve_Spurrier_,3511,1440
Steve_Waugh_,1946,447
Steven_Hatfill_,1497,217
Steven_Seagal_,742,30
Steven_Spielberg_,3422,1401
Stockard_Channing_,3230,1303
Strom_Thurmond_,2108,548
Sue_Wicks_,2854,1080
Surakait_Sathirathai_,1875,407
Susan_Collins_,4279,1654
Susan_Sarandon_,2098,543
Susie_Castillo_,3728,1527
Susilo_Bambang_Yudhoyono_,2240,635
Suzanne_Gaudet_,3291,1328
Svetlana_Koroleva_,2519,819
Sylvester_Stallone_,833,43
Taha_Yassin_Ramadan_,2174,594
Takashi_Sorimachi_,2963,1161
Tamara_Brooks_,2735,1003
Tammy_Lynn_Michaels_,2819,1064
Tang_Jiaxuan_,3803,1557
Tariq_Aziz_,3552,1459
Tassos_Papadopoulos_,2549,842
Taufik_Hidayat_,1787,358
Ted_Maher_,2514,815
Terje_Roed-Larsen_,2664,942
Terrell_Suggs_,4363,1663
Terry_McAuliffe_,3304,1333
Terry_Stotts_,1950,453
Thabo_Mbeki_,4224,1649
Thaksin_Shinawatra_,2751,1018
Theo_Epstein_,2645,927
Theodore_Tweed_Roosevelt_,2902,1118
Theresa_May_,2126,561
Thierry_Falise_,1413,179
Thomas_Birmingham_,4136,1633
Thomas_Bjorn_,1715,324
Thomas_Fargo_,2134,568
Thomas_Malchow_,2454,781
Thomas_OBrien_,2945,1148
Thomas_Rupprath_,1803,363
Thomas_Wyman_,3726,1526
Tiger_Woods_,4569,1676
Tim_Allen_,2766,1024
Tim_Chapman_,3571,1471
Tim_Conway_,4038,1612
Tim_Curry_,3977,1601
Tim_Duncan_,2738,1008
Tim_Floyd_,2791,1041
Tim_Henman_,2715,987
Tim_Robbins_,1481,211
Tippi_Hedren_,2015,487
Todd_Haynes_,2733,1000
Tom_Brady_,2087,533
Tom_Coverdale_,2796,1046
Tom_Craddick_,1896,419
Tom_Crean_,2742,1014
Tom_Cruise_,3031,1199
Tom_Daschle_,1450,197
Tom_Glavine_,1831,379
Tom_Hanks_,3248,1312
Tom_Harkin_,3420,1398
Tom_Jones_,1851,389
Tom_Reilly_,2706,980
Tom_Ridge_,2116,553
Tom_Watson_,1536,236
Tommy_Franks_,1997,478
Tommy_Haas_,968,66
Tommy_Robredo_,3441,1411
Tommy_Thompson_,2482,794
Tomoko_Hagiwara_,1359,161
Toni_Braxton_,3027,1195
Tony_Bennett_,2749,1017
Tony_Blair_,3931,1595
Tony_Curtis_,3400,1387
Tony_Parker_,3142,1267
Tony_Shalhoub_,2580,875
Tony_Stewart_,2879,1099
Torri_Edwards_,3132,1263
Toshihiko_Fukui_,2287,667
Tracee_Ellis_Ross_,3832,1566
Tracy_McGrady_,3040,1206
Trent_Lott_,3363,1365
Tsutomu_Takebe_,3435,1406
Tubby_Smith_,2586,881
Tung_Chee-hwa_,3484,1423
Tyler_Hamilton_,2238,633
Tyra_Banks_,3067,1223
Tyron_Garner_,2716,988
Uma_Thurman_,3484,1424
Vaclav_Havel_,2470,789
Vaclav_Klaus_,1259,132
Valdas_Adamkus_,1991,474
Valentino_Rossi_,3600,1479
Valerie_Harper_,2241,636
Valery_Giscard_dEstaing_,3392,1381
Vanessa_Incontrada_,2970,1165
Vanessa_Redgrave_,1438,190
Vanessa_Williams_,1921,433
Venus_Williams_,3047,1211
Vicente_Fernandez_,3731,1530
Vicente_Fox_,2416,763
Vicki_Zhao_Wei_,2055,513
Victoria_Beckham_,3060,1218
Victoria_Clarke_,3392,1382
Vidar_Helgesen_,2545,840
Vin_Diesel_,1777,349
Vince_Carter_,3205,1294
Vince_Gill_,1704,318
Vincent_Brooks_,2997,1182
Vincent_Gallo_,3097,1241
Vitali_Klitschko_,1344,155
Vivica_Fox_,4601,1677
Vladimir_Putin_,2752,1019
Vladimir_Spidla_,3244,1311
Vladimir_Voltchkov_,2552,846
Vladimiro_Montesinos_,1785,354
Vojislav_Kostunica_,1831,380
Walter_Mondale_,3826,1564
Wang_Yi_,3674,1504
Wang_Yingfan_,3331,1346
Warren_Beatty_,1166,110
Warren_Buffett_,2328,709
Wayne_Ferreira_,2516,817
Wayne_Gretzky_,2325,706
Wen_Jiabao_,1493,213
Wesley_Clark_,4349,1662
Will_Smith_,3748,1537
William_Bratton_,1931,437
William_Bulger_,2862,1085
William_Burns_,3988,1604
William_Donaldson_,1608,267
William_Ford_Jr_,2271,659
William_Hochul_,2327,707
William_Macy_,1872,406
William_Martin_,2399,752
William_Rehnquist_,3307,1335
Win_Aung_,2839,1074
Winona_Ryder_,1002,72
Wolfgang_Schuessel_,2811,1057
Woody_Allen_,2336,714
Wu_Yi_,1790,359
Xanana_Gusmao_,2534,829
Xavier_Malisse_,2093,539
Yann_Martel_,3290,1327
Yao_Ming_,2526,824
Yasar_Yakis_,4082,1622
Yashwant_Sinha_,2578,871
Yasser_Arafat_,2950,1154
Yevgeny_Kafelnikov_,3355,1362
Yoko_Ono_,1386,170
Yoriko_Kawaguchi_,1697,315
Yossi_Beilin_,2452,780
Yu_Shyi-kun_,1614,273
Yukiko_Okudo_,1509,221
Yuri_Fedotov_,2992,1178
Yuri_Malenchenko_,2990,1177
Zafarullah_Khan_Jamali_,2006,483
Zarai_Toledo_,2012,486
Zhang_Wenkang_,2678,953
Zhang_Ziyi_,1902,425
Zhu_Rongji_,2150,578
Zico_,3100,1242
Zinedine_Zidane_,2462,783
Zoran_Djindjic_,1121,95
