Name,Scores,EMD Ranks
,,
,,
Aaron_Peirsol_,131.913,1022
Aaron_Sorkin_,134.489,1099
Abdel_Nasser_Assidi_,158.797,1578
Abdoulaye_Wade_,177.801,1664
Abdullah_,139.134,1224
Abdullah_Gul_,105.998,293
Abdullah_al-Attiyah_,139.386,1228
Abdullatif_Sener_,131.007,995
Abel_Pacheco_,135.919,1145
Abid_Hamid_Mahmud_Al-Tikriti_,116.784,550
Adam_Sandler_,115.312,509
Adam_Scott_,145.643,1369
Adel_Al-Jubeir_,148.603,1433
Adolfo_Aguilar_Zinser_,150.082,1453
Adolfo_Rodriguez_Saa_,139.59,1232
Adrian_McPherson_,155.064,1530
Adrian_Nastase_,141.543,1293
Adrien_Brody_,124.401,773
Ahmad_Masood_,126.393,843
Ahmed_Chalabi_,111.074,408
Ahmet_Necdet_Sezer_,135.084,1118
Ai_Sugiyama_,135.272,1123
Aicha_El_Ouafi_,151.211,1475
Aitor_Gonzalez_,174.409,1657
Akbar_Hashemi_Rafsanjani_,118.577,601
Akhmed_Zakayev_,128.834,927
Al_Davis_,140.201,1251
Al_Gore_,139.245,1226
Al_Pacino_,136.659,1158
Al_Sharpton_,144.178,1345
Alan_Ball_,123.315,737
Alan_Greenspan_,139.918,1239
Alan_Mulally_,110.233,395
Alastair_Campbell_,129.278,948
Albert_Costa_,168.728,1638
Alberto_Fujimori_,127.411,875
Alberto_Ruiz_Gallardon_,106.259,302
Albrecht_Mentz_,128.806,924
Aldo_Paredes_,113.538,466
Alec_Baldwin_,116.774,549
Alejandro_Atchugarry_,120.505,657
Alejandro_Avila_,160.742,1594
Alejandro_Toledo_,130.79,990
Aleksander_Kwasniewski_,138.482,1207
Alex_Barros_,109.245,375
Alex_Penelas_,106.831,315
Alex_Sink_,118.568,600
Alexander_Downer_,98.3806,171
Alexander_Losyukov_,112.925,454
Alexander_Rumyantsev_,105.96,291
Alexandra_Stevenson_,103.006,239
Alexandra_Vodjanikova_,155.257,1533
Ali_Abbas_,109.466,383
Ali_Khamenei_,138.23,1199
Ali_Naimi_,112.301,437
Alice_Fisher_,139.567,1231
Alicia_Silverstone_,129.911,969
Alimzhan_Tokhtakhounov_,117.409,568
Alison_Lohman_,106.452,308
Allen_Iverson_,142.208,1308
Allison_Janney_,131.412,1005
Allyson_Felix_,173.743,1654
Alvaro_Noboa_,111.053,407
Alvaro_Silva_Calderon_,106.668,314
Alvaro_Uribe_,137.368,1171
Amanda_Beard_,112.747,450
Amanda_Bynes_,87.4841,60
Amanda_Coetzer_,140.529,1261
Amber_Tamblyn_,109,371
Amelia_Vega_,104.651,268
Amelie_Mauresmo_,145.065,1358
Amer_al-Saadi_,98.9303,177
Amram_Mitzna_,126.958,855
Ana_Guevara_,147.605,1408
Ana_Palacio_,101.261,210
Anastasia_Myskina_,156.056,1544
Anders_Ebbeson_,162.853,1608
Anders_Fogh_Rasmussen_,166.935,1629
Andre_Agassi_,150.545,1461
Andrei_Mikhnevich_,144.283,1348
Andrew_Bunner_,111.777,421
Andrew_Cuomo_,98.5884,173
Andrew_Niccol_,128.938,933
Andrew_Weissmann_,160.883,1596
Andy_Hebb_,110.021,393
Andy_Roddick_,94.6255,116
Angela_Bassett_,151.925,1484
Angela_Lansbury_,78.8819,25
Angela_Merkel_,85.195,50
Angelina_Jolie_,113.118,462
Angelo_Reyes_,136.064,1150
Anibal_Ibarra_,125.949,823
Ann_Veneman_,94.8118,119
Anna_Kournikova_,165.14,1623
Anna_Nicole_Smith_,114.555,492
Anne_Krueger_,115.64,521
Anne_McLellan_,105.033,275
Anneli_Jaatteenmaki_,145.734,1373
Annette_Bening_,133.5,1074
Annette_Lu_,73.5422,12
Anthony_Fauci_,124.854,789
Anthony_Hopkins_,137.406,1174
Anthony_LaPaglia_,142.181,1307
Antonio_Banderas_,158.086,1571
Antonio_Palocci_,107.951,347
Antonio_Trillanes_,134.006,1085
Antony_Leung_,135.664,1140
Anwar_Ibrahim_,129.055,935
Arantxa_Sanchez-Vicario_,183.109,1674
Ari_Fleischer_,138.622,1210
Arianna_Huffington_,142.903,1318
Ariel_Sharon_,94.7354,118
Arlen_Specter_,120.435,654
Arminio_Fraga_,130.068,970
Arnaud_Clement_,156.971,1555
Arnold_Palmer_,134.15,1090
Arnold_Schwarzenegger_,145.387,1365
Arnoldo_Aleman_,153.649,1513
Aron_Ralston_,132.658,1038
Arsinee_Khanjian_,132.837,1050
Art_Hoffmann_,85.8577,56
Art_Howe_,134.595,1102
Arturo_Gatti_,150.505,1459
Arye_Mekel_,118.497,599
Asa_Hutchinson_,108.766,363
Ashanti_,128.449,914
Ashton_Kutcher_,135.14,1120
Atal_Bihari_Vajpayee_,154.572,1524
Augustin_Calleri_,177.189,1662
Augusto_Pinochet_,146.875,1396
Augusto_Roa_Bastos_,128.932,932
Aung_San_Suu_Kyi_,135.521,1136
Azra_Akin_,146.057,1379
Barbara_Brezigar_,115.802,525
Barbara_Walters_,110.458,399
Barbra_Streisand_,126.202,838
Barrett_Jackman_,98.3789,170
Barry_Alvarez_,142.935,1322
Barry_Zito_,119.385,625
Bashar_Assad_,117.483,572
Begum_Khaleda_Zia_,150.83,1466
Ben_Affleck_,107.978,348
Ben_Curtis_,110.493,401
Ben_Glisan_,111.624,417
Ben_Howland_,118.286,594
Benazir_Bhutto_,152.751,1498
Benjamin_Netanyahu_,149.236,1441
Bernard_Landry_,109.445,380
Bernard_Law_,113.593,468
Bernard_Lord_,103.244,242
Bernardo_Segura_,141.316,1288
Bertie_Ahern_,152.575,1494
Bertrand_Bonello_,141.977,1299
Beth_Jones_,142.082,1302
Betsy_Smith_,120.124,646
Bijan_Darvish_,148.234,1427
Bijan_Namdar_Zangeneh_,150.894,1468
Biljana_Plavsic_,111.646,418
Bill_Belichick_,97.3092,152
Bill_Callahan_,118.892,608
Bill_Clinton_,108.083,352
Bill_Frist_,115.823,526
Bill_Gates_,92.9516,98
Bill_Graham_,104.015,255
Bill_McBride_,129.206,945
Bill_Nelson_,102.32,224
Bill_Parcells_,136.855,1160
Bill_Paxton_,138.126,1195
Bill_Simon_,117.425,570
Bill_Sizemore_,144.182,1346
Billy_Crystal_,76.5849,18
Billy_Graham_,119.54,631
Billy_Sollie_,116.577,544
Binyamin_Ben-Eliezer_,146.373,1385
Blythe_Danner_,135.281,1124
Blythe_Hartley_,152.932,1499
Bo_Pelini_,127.283,869
Bo_Ryan_,130.677,988
Bob_Beauprez_,147.828,1415
Bob_Colvin_,90.5875,84
Bob_Dole_,151.247,1476
Bob_Geldof_,125.827,821
Bob_Graham_,147.861,1416
Bob_Hope_,83.4752,45
Bob_Huggins_,128.287,910
Bob_Stoops_,131.911,1021
Bobby_Goldwater_,130.627,986
Bobby_Robson_,112.42,442
Bode_Miller_,115.791,524
Bono_,127.982,894
Boris_Becker_,159.616,1587
Boris_Berezovsky_,105.074,277
Boris_Yeltsin_,121.645,691
Brad_Garrett_,131.04,996
Brad_Johnson_,112.958,456
Branko_Crvenkovski_,143.097,1326
Brendan_Hansen_,177.246,1663
Brian_Cowen_,64.501,3
Brian_Griese_,153.924,1520
Brian_Heidik_,116.189,535
Brian_Mulroney_,103.445,246
Brian_Wells_,105.005,273
Bridget_Fonda_,119.074,613
Bridgette_Wilson-Sampras_,119.575,632
Brigitte_Boisselier_,162.042,1604
Britney_Spears_,127.479,878
Brooke_Shields_,118.034,591
Bruce_Springsteen_,111.798,422
Bruce_Van_De_Velde_,157.612,1562
Bruce_Weber_,116.899,552
Bud_Selig_,120.737,665
Bulent_Ecevit_,151.454,1482
Butch_Davis_,124.933,792
Byron_Scott_,156.94,1554
Calista_Flockhart_,89.8443,79
Cameron_Diaz_,145.303,1363
Camilla_Parker_Bowles_,116.924,553
Candice_Bergen_,129.352,953
Candie_Kung_,117.302,565
Carl_Reiner_,88.5306,67
Carla_Del_Ponte_,146.969,1398
Carla_Myers_,99.9806,188
Carlo_Ancelotti_,144.093,1342
Carlos_Bianchi_,94.9397,120
Carlos_Ghosn_,120.717,662
Carlos_Manuel_Pruneda_,112.408,440
Carlos_Menem_,79.2748,28
Carlos_Mesa_,116.99,558
Carlos_Moya_,144.29,1349
Carlos_Ortega_,154.489,1523
Carlos_Quintanilla_Schmidt_,159.676,1588
Carlos_Ruiz_,132.663,1039
Carlos_Vives_,101.007,205
Carly_Fiorina_,112.864,453
Carmen_Electra_,137.414,1175
Carol_Burnett_,117.7,581
Carol_Moseley_Braun_,143.894,1340
Carolina_Kluft_,102.456,228
Carolina_Moraes_,127.765,888
Caroline_Kennedy_,107.348,327
Carolyn_Dawn_Johnson_,143.02,1323
Carrie-Anne_Moss_,123.464,742
Carson_Daly_,96.798,146
Carson_Palmer_,110.33,397
Cate_Blanchett_,80.2801,32
Catherine_Deneuve_,147.771,1412
Catherine_Zeta-Jones_,122.361,705
Cathy_Freeman_,147.267,1402
Cecilia_Bolocco_,76.2415,16
Celine_Dion_,128.14,900
Celso_Amorim_,88.7857,72
Cesar_Gaviria_,130.188,973
Cesar_Maia_,135.092,1119
Chakib_Khelil_,104.183,260
Chan_Gailey_,123.241,736
Chanda_Rubin_,152.527,1493
Chang_Dae-whan_,81.4073,39
Charles_Bronson_,113.634,470
Charles_Grassley_,157.678,1563
Charles_Kartman_,140.015,1242
Charles_Mathews_,117.198,561
Charles_Moose_,142.098,1303
Charles_Schumer_,135.925,1146
Charles_Taylor_,145.782,1376
Charlie_Zaa_,137.872,1190
Charlotte_Rampling_,129.035,934
Charlton_Heston_,126.002,826
Chen_Liang_Yu_,128.462,915
Chen_Shui-bian_,107.88,342
Cherie_Blair_,109.405,378
Chick_Hearn_,141.267,1287
Chita_Rivera_,127.218,867
Choi_Sung-hong_,109.966,392
Chok_Tong_Goh_,108.402,358
Chris_Bell_,119.679,637
Chris_Byrd_,163.714,1615
Chris_Cooper_,93.4825,104
Chris_Rock_,157.873,1567
Chris_Tucker_,169.23,1641
Christian_Fittipaldi_,131.763,1014
Christian_Longo_,128.189,904
Christian_Wulff_,122.586,714
Christina_Aguilera_,104.657,269
Christine_Baumgartner_,124.317,770
Christine_Ebersole_,125.938,822
Christine_Gregoire_,90.0257,81
Christine_Todd_Whitman_,111.663,419
Christopher_Patten_,120.815,669
Christopher_Reeve_,83.1389,43
Christopher_Walken_,123.074,729
Chuck_Amato_,108.985,369
Chuck_Yeager_,152.999,1501
Chung_Mong-hun_,117.812,586
Chung_Mong-joon_,111.298,411
Cindy_Crawford_,135.244,1122
Cindy_Margolis_,139.858,1237
Ciro_Gomes_,178.252,1665
Claire_Danes_,138.082,1193
Claire_Hentzen_,146.752,1394
Claire_Leger_,119.689,638
Clara_Harris_,129.521,957
Clare_Short_,117.043,559
Claudia_Pechstein_,123.811,753
Claudia_Schiffer_,86.6854,57
Clay_Aiken_,112.19,433
Clint_Eastwood_,115.573,519
Colin_Farrell_,139.85,1236
Colin_Jackson_,183.057,1673
Colin_Montgomerie_,140.64,1267
Colin_Powell_,124.305,769
Conan_OBrien_,113.099,460
Conchita_Martinez_,143.528,1336
Condoleezza_Rice_,120.778,666
Constance_Marie_,164.871,1622
Coretta_Scott_King_,145.687,1371
Corinne_Coman_,132.951,1054
Costas_Simitis_,123.151,731
Courtney_Love_,107.655,338
Cristina_Fernandez_,106.591,312
Cristina_Saralegui_,99.9198,187
Cruz_Bustamante_,130.476,981
Cyndi_Thompson_,136.027,1149
Dai_Bachtiar_,153.201,1505
Daisy_Fuentes_,129.33,950
Dalai_Lama_,125.033,794
Dale_Earnhardt_Jr_,123.214,733
Damon_van_Dam_,99.339,182
Dan_Morales_,122.269,700
Dan_Wheldon_,154.643,1526
Daniel_Day-Lewis_,98.2655,166
Daniel_Radcliffe_,123.322,738
Daniela_Hantuchova_,125.403,808
Darrell_Issa_,102.56,231
Darrell_Porter_,161.014,1598
Darren_Clarke_,141.083,1282
Daryl_Hannah_,149.472,1444
Dave_Campo_,109.671,385
David_Anderson_,155.123,1531
David_Beckham_,107.186,324
David_Bell_,141.26,1286
David_Caraway_,133.357,1067
David_Caruso_,81.0266,37
David_Coulthard_,126.809,853
David_Dodge_,106.916,320
David_Heyman_,127.028,857
David_Heymann_,108.267,356
David_Hyde_Pierce_,127.918,893
David_Kelley_,135.696,1142
David_Leahy_,141.028,1279
David_Myers_,132.16,1024
David_Nalbandian_,143.995,1341
David_Spade_,112.035,430
David_Stern_,124.719,786
David_Trimble_,103.387,244
David_Wells_,122.922,721
David_Wolf_,122.328,704
Dean_Barkley_,127.209,865
Debbie_Reynolds_,97.267,151
Debra_Brown_,101.069,206
Debra_Messing_,103.686,251
Demetrius_Ferraciu_,128.893,930
Demi_Moore_,127.343,871
Denise_Johnson_,128.82,926
Dennis_Erickson_,102.057,220
Dennis_Hastert_,138.272,1201
Dennis_Kozlowski_,79.0915,26
Dennis_Kucinich_,97.4663,153
Dennis_Powell_,119.383,624
Denzel_Washington_,148.459,1431
Derek_Jeter_,124.386,772
Derek_Lowe_,135.203,1121
Desiree_Lemosi_,114.727,495
Dexter_Jackson_,154.598,1525
Diana_Krall_,135.496,1132
Diana_Munz_,120.612,661
Diana_Taurasi_,135.503,1133
Diane_Green_,95.3926,125
Dianne_Feinstein_,118.586,602
Dick_Cheney_,127.116,859
Dick_Clark_,98.1445,165
Dick_Latessa_,146.715,1393
Dick_Vermeil_,140.152,1246
Dino_de_Laurentis_,116.745,548
Dolly_Parton_,150.947,1470
Dolma_Tsering_,127.554,884
Dominik_Garcia-Lorido_,111.918,427
Dominique_de_Villepin_,158.976,1579
Don_Nickles_,139.748,1235
Don_Siegelman_,140.258,1253
Donald_Evans_,128.325,911
Donald_Fehr_,137.573,1182
Donald_Pettit_,136.453,1154
Donald_Rumsfeld_,130.552,983
Donatella_Versace_,138.909,1218
Donna_Shalala_,139.397,1229
Doris_Roberts_,96.2465,136
Doris_Schroeder_,125.781,820
Dorthy_Moxley_,130.452,979
Doug_Collins_,145.743,1374
Doug_Duncan_,143.078,1325
Doug_Melvin_,127.526,880
Drew_Barrymore_,117.235,562
Duane_Lee_Chapman_,96.0987,133
Dwayne_Johnson_,166.547,1626
Ed_Rosenthal_,123.531,744
Ed_Smart_,119.35,621
Eddie_Sutton_,111.727,420
Eddy_Merckx_,116.469,543
Edie_Falco_,109.951,391
Edmund_Hillary_,105.891,290
Edmund_Stoiber_,117.686,579
Eduard_Shevardnadze_,124.594,779
Eduardo_Duhalde_,119.667,636
Edward_James_Olmos_,103.161,241
Edward_Kennedy_,107.55,335
Edward_Lu_,98.3502,168
Edward_Norton_,87.4946,61
Edward_Said_,132.672,1040
Edwin_Edwards_,129.069,937
Edwina_Currie_,96.3148,138
Eileen_Coparropa_,141.757,1297
Elena_Bovina_,114.507,490
Eliane_Karp_,123.923,756
Elijah_Wood_,145.278,1362
Elin_Nordegren_,95.3576,124
Elinor_Caplan_,123.874,754
Elisabeth_Schumacher_,116.25,537
Elizabeth_Dole_,120.541,658
Elizabeth_Hurley_,114.829,500
Elizabeth_Shue_,87.1307,58
Elizabeth_Smart_,121.567,688
Elizabeth_Taylor_,87.9638,63
Ellen_DeGeneres_,106.219,299
Ellen_Engleman_,131.862,1019
Elsa_Zylberstein_,153.717,1515
Elton_John_,128.144,901
Elvis_Presley_,93.0848,101
Emanuel_Ginobili_,126.658,848
Emile_Lahoud_,94.2395,112
Emily_Robison_,127.916,892
Emma_Thompson_,107.382,329
Emma_Watson_,81.6614,40
Emmanuelle_Beart_,121.446,680
Emmit_Smith_,178.707,1666
Enrique_Bolanos_,144.311,1350
Eric_Clapton_,135.439,1131
Eric_Hinske_,114.194,483
Eric_Robert_Rudolph_,102.966,238
Eric_Rosser_,114.378,487
Erik_Morales_,133.904,1083
Erika_Christensen_,108.04,350
Erika_Harold_,134.707,1109
Erin_Runnion_,148.724,1434
Ernesto_Zedillo_,101.381,213
Ernie_Els_,111.567,416
Ernie_Eves_,108.01,349
Ernie_Fletcher_,137.179,1164
Ethan_Hawke_,115.172,506
Eunice_Barber_,195.537,1679
Eva_Dimas_,143.119,1328
Evan_Rachel_Wood_,112.122,432
Evander_Holyfield_,138.136,1196
Eve_Pelletier_,129.116,941
Fabiola_Zuluaga_,155.343,1534
Fabrice_Santoro_,156.865,1553
Farouk_al-Sharaa_,132.728,1044
Faye_Dunaway_,119.468,628
Fayssal_Mekdad_,162.899,1609
Federico_Trillo_,134.864,1113
Felipe_Perez_Roque_,121.069,674
Felix_Mantilla_,152.304,1489
Ferenc_Madl_,106.037,295
Fernando_Gonzalez_,156.37,1547
Fernando_Henrique_Cardoso_,123.059,728
Fernando_Vargas_,149.785,1448
Fidel_Castro_,131.082,999
Filippo_Inzaghi_,175.174,1660
Flavia_Delaroli_,143.599,1337
Flor_Montulo_,112.855,452
Fran_Drescher_,134.825,1111
Frances_Fisher_,101.562,215
Francis_Ford_Coppola_,105.218,280
Francis_George_,133.408,1071
Francis_Mer_,122.101,695
Francisco_Flores_,161.057,1599
Franco_Dragone_,100.799,201
Frank_Cassell_,99.3191,181
Frank_Dunham_Jr_,119.466,626
Frank_Griswold_,137.42,1176
Frank_Lautenberg_,103.523,247
Frank_Solich_,76.3828,17
Frank_Stallone_,104.153,259
Franko_Simatovic_,146.509,1389
Franz_Beckenbauer_,157.026,1556
Franz_Fischler_,107.351,328
Franz_Muentefering_,120.344,652
Fred_Eckhard_,105.292,282
Fred_Funk_,150.971,1471
Fred_Thompson_,116.628,545
Freddy_Garcia_,109.764,389
Fujio_Cho_,121.531,685
GL_Peiris_,105.041,276
Gabriel_Batistuta_,161.905,1602
Gabriel_Valdes_,148.229,1426
Gao_Qiang_,137.529,1179
Garry_Kasparov_,105.303,283
Garry_Trudeau_,137.279,1169
Gary_Bergeron_,102.251,222
Gary_Carter_,133.976,1084
Gary_Doer_,116.4,540
Gary_Forsee_,116.673,547
Gary_Locke_,133.224,1061
Gary_Williams_,120.038,644
Gary_Winnick_,130.655,987
Gene_Robinson_,142.052,1301
Geno_Auriemma_,120.788,667
Geoff_Hoon_,125.588,815
George_Brumley_,137.465,1177
George_Clooney_,121.367,679
George_Foreman_,169.261,1643
George_Galloway_,104.202,261
George_HW_Bush_,49.9353,1
George_Karl_,113.047,458
George_Lopez_,129.413,954
George_P_Bush_,91.6077,90
George_Papandreou_,163.607,1613
George_Pataki_,124.619,781
George_Robertson_,83.0166,42
George_Roy_Hill_,105.007,274
George_Ryan_,127.428,876
George_Tenet_,146.773,1395
George_Voinovich_,94.233,111
George_W_Bush_,128.667,920
Georgi_Parvanov_,146.439,1386
Geraldine_Chaplin_,138.781,1214
Gerard_Depardieu_,139.661,1233
Gerardo_Gambala_,136.539,1156
Gerhard_Schroeder_,106.027,294
Gerry_Adams_,140.183,1249
Gerry_Parsky_,148.078,1421
Gian_Marco_,137.397,1173
Gianna_Angelopoulos-Daskalaki_,126.006,827
Gil_de_Ferran_,170.764,1647
Gilberto_Rodriguez_Orejuela_,148.93,1438
Gillian_Anderson_,88.7071,70
Gisele_Bundchen_,161.791,1601
Giuseppe_Gibilisco_,110.383,398
Glafcos_Clerides_,123.638,747
Gloria_Allred_,111.48,413
Gloria_Macapagal_Arroyo_,101.561,214
Gloria_Trevi_,129.5,956
Goh_Kun_,89.6072,77
Goldie_Hawn_,106.165,298
Gonzalo_Sanchez_de_Lozada_,84.6382,49
Goran_Persson_,132.848,1051
Gordon_Brown_,115.604,520
Gordon_Campbell_,106.406,305
Grady_Irvin_Jr_,165.944,1624
Grant_Hackett_,123.621,746
Gray_Davis_,130.15,972
Greg_Gilbert_,142.66,1316
Greg_Ostertag_,102.931,237
Greg_Owen_,127.25,868
Greg_Rusedski_,147.606,1409
Gregg_Popovich_,124.659,783
Gregory_Geoffroy_,140.044,1243
Gregory_Hines_,152.025,1486
Gro_Harlem_Brundtland_,91.6417,91
Guido_Westerwelle_,97.6949,159
Guillaume_Soro_,194.249,1678
Guillermo_Canas_,128.214,905
Guillermo_Coria_,180.224,1668
Guillermo_Ortiz_,160.843,1595
Gunter_Pleuger_,129.728,965
Gus_Van_Sant_,111.27,410
Gustavo_Kuerten_,140.55,1262
Guy_Hemmings_,118.716,604
Guy_Ritchie_,104.564,267
Gwendal_Peizerat_,140.702,1269
Gwyneth_Paltrow_,88.7613,71
Habib_Rizieq_,155.956,1542
Hal_Gehman_,142.13,1304
Hal_Sutton_,114.55,491
Halle_Berry_,140.606,1266
Hamid_Karzai_,139.998,1241
Hamzah_Haz_,122.521,711
Hanan_Ashrawi_,124.2,764
Hannah_Stockbauer_,134.935,1116
Hans_Blix_,117.716,582
Hans_Eichel_,125.624,816
Harbhajan_Singh_,163.856,1616
Harrison_Ford_,99.8382,186
Harry_Belafonte_,174.792,1659
Harry_Kalas_,115.952,528
Harry_Schmidt_,100.909,204
Harvey_Weinstein_,158.752,1576
Hashim_Thaci_,100.615,198
Hassan_Nasrallah_,153.515,1510
Hassan_Wirajuda_,108.115,353
Hayley_Tullett_,150.682,1464
Heath_Ledger_,77.9282,20
Heather_Mills_,88.3861,66
Hector_Babenco_,146.465,1388
Hee-Won_Han_,152.522,1492
Heidi_Fleiss_,174.371,1656
Heidi_Klum_,126.741,850
Heinz_Feldmann_,134.06,1087
Heizo_Takenaka_,134.027,1086
Helen_Clark_,122.897,720
Henrique_Meirelles_,125.34,801
Herb_Sendek_,132.796,1048
Hermann_Maier_,99.2339,179
Herta_Daeubler-Gmelin_,80.9949,36
Hichiro_Naemura_,113.979,478
Hideki_Matsui_,135.42,1130
Hilary_Duff_,132.68,1041
Hillary_Clinton_,70.2489,7
Hilmi_Ozkok_,104.327,263
Hipolito_Mejia_,160.015,1591
Hisao_Oguchi_,135.411,1129
Hitomi_Soga_,111.303,412
Holly_Hunter_,123.196,732
Hootie_Johnson_,148.472,1432
Horst_Koehler_,122.926,722
Hosni_Mubarak_,127.14,860
Howard_Dean_,122.118,696
Howard_Schultz_,138.879,1216
Howard_Smith_,132.583,1036
Hu_Jintao_,97.7312,160
Hugh_Grant_,121.143,675
Hugo_Chavez_,128.111,899
Hun_Sen_,120.096,645
Iain_Duncan_Smith_,143.614,1338
Ian_McKellen_,114.185,481
Ian_Thorpe_,93.9336,109
Iban_Mayo_,151.327,1480
Ibrahim_Jaafari_,149.744,1447
Igor_Ivanov_,102.012,219
Ilan_Ramon_,123.564,745
Imad_Moustapha_,146.176,1382
Inam-ul-Haq_,88.0484,64
Inocencio_Arias_,128.835,928
Intisar_Ajouri_,136.457,1155
Isabella_Rossellini_,97.5248,154
Isabelle_Huppert_,131.56,1008
Isaiah_Washington_,129.699,961
Ishaq_Shahryar_,119.08,614
Ismail_Merchant_,146.459,1387
Iva_Majoli_,136.01,1148
JJ_Redick_,156.102,1545
JK_Rowling_,146.55,1391
Jack_Grubman_,125.54,812
Jack_Nicholson_,151.072,1473
Jack_Straw_,112.024,429
Jackie_Chan_,142.904,1319
Jacqueline_Obradors_,113.653,471
Jacques_Chirac_,144.15,1343
Jacques_Rogge_,85.218,51
Jada_Pinkett_Smith_,148.192,1425
Jake_Gyllenhaal_,107.383,330
James_Blake_,115.996,530
James_Butts_,127.069,858
James_Caan_,100.514,195
James_Cameron_,151.077,1474
James_Cunningham_,112.269,436
James_Franco_,96.9234,147
James_Gandolfini_,150.504,1457
James_Ivory_,113.3,463
James_Jones_,120.028,643
James_Kelly_,95.7257,130
James_Kopp_,126.168,834
James_Maguire_,123.466,743
James_McGreevey_,155.357,1535
James_Morris_,123.413,739
James_Parker_,137.226,1166
James_Schultz_,113.093,459
James_Smith_,96.4095,141
James_Traficant_,143.504,1335
James_Wolfensohn_,118.97,610
Jamie_Villafane_,102.334,225
Jamling_Norgay_,131.462,1006
Jan-Michael_Gambill_,133.476,1072
Jan_Ullrich_,93.164,102
Jane_Fonda_,136.755,1159
Jane_Kaczmarek_,166.662,1628
Jane_Pauley_,120.284,651
Janet_Napolitano_,134.198,1091
Janet_Thorpe_,123.743,751
Janica_Kostelic_,142.268,1309
Jason_Alexander_,121.272,677
Jason_Jennings_,127.391,874
Jason_Kidd_,122.378,707
Jason_Lezak_,129.096,939
Javier_Solana_,78.8276,24
Javier_Weber_,167.701,1634
Jay_Garner_,129.235,947
Jay_Leno_,112.58,446
Jay_Rasulo_,134.452,1097
Jayson_Williams_,125.353,803
Jean-Claude_Braquet_,140.221,1252
Jean-Claude_Juncker_,135.97,1147
Jean-Claude_Trichet_,115.963,529
Jean-David_Levitte_,140.716,1271
Jean-Francois_Pontal_,106.265,303
Jean-Marc_de_La_Sabliere_,122.985,724
Jean-Pierre_Raffarin_,130.964,993
Jean-Sebastien_Giguere_,93.7873,107
Jean_Brumley_,137.234,1167
Jean_Carnahan_,109.447,381
Jean_Charest_,115.223,508
Jean_Chretien_,124.452,775
Jeanne_Moreau_,126.284,839
Jeb_Bush_,102.675,233
Jeff_Van_Gundy_,131.051,997
Jefferson_Perez_,141.997,1300
Jeffrey_Archer_,115.353,512
Jeffrey_Immelt_,159.459,1585
Jeffrey_Jones_,125.529,811
Jeffrey_Scott_Postell_,145.392,1366
Jelena_Dokic_,148.822,1435
Jennifer_Aniston_,150.291,1454
Jennifer_Capriati_,119.96,641
Jennifer_Connelly_,122.729,716
Jennifer_Garner_,130.253,976
Jennifer_Keller_,109.078,374
Jennifer_Lopez_,147.908,1418
Jennifer_Reilly_,125.122,796
Jennifer_Rodriguez_,118.479,597
Jennifer_Thompson_,123.688,749
Jeong_Se-hyun_,96.2583,137
Jeremy_Greenstock_,129.861,968
Jeremy_Shockey_,112.364,439
Jerry_Falwell_,96.1071,134
Jerry_Regier_,112.83,451
Jerry_Springer_,129.483,955
Jesse_Harris_,129.815,966
Jesse_Jackson_,185.213,1676
Jesse_James_Leija_,121.215,676
Jesse_Ventura_,109.716,388
Jessica_Alba_,96.3985,140
Jessica_Lange_,132.57,1035
Jessica_Lynch_,73.7945,13
Jia_Qinglin_,112.076,431
Jiang_Zemin_,128.422,913
Jim_Carrey_,122.186,698
Jim_Edmonds_,142.656,1315
Jim_Furyk_,154.477,1522
Jim_Hahn_,126.062,831
Jim_Harrick_,152.94,1500
Jim_OBrien_,158.593,1575
Jim_Tressel_,123.433,741
Jimmy_Carter_,128.242,907
Jimmy_Kimmel_,140.376,1256
Jiri_Novak_,140.884,1276
Jo_Dee_Messina_,132.97,1055
Joan_Claybrook_,118.449,596
Joan_Laporta_,144.154,1344
Job_Cohen_,126.046,830
Jodie_Foster_,123.677,748
Joe_Calzaghe_,180.887,1669
Joe_Dumars_,157.409,1560
Joe_Gatti_,106.927,321
Joe_Lieberman_,119.283,618
Joe_Mantello_,142.344,1311
Joe_Nichols_,147.789,1413
Joe_Torre_,126.006,828
Joerg_Haider_,115.394,514
John_Abizaid_,128.162,902
John_Allen_Muhammad_,149.825,1449
John_Ashcroft_,115.777,523
John_Banko_,138.465,1206
John_Blaney_,127.163,862
John_Bolton_,108.467,360
John_Brady_,163.185,1612
John_Cusack_,124.498,777
John_Edwards_,121.055,673
John_F_Kennedy_Jr_,129.056,936
John_Garamendi_,119.334,619
John_Howard_,140.962,1277
John_Jumper_,143.064,1324
John_Kerry_,116.311,539
John_Malkovich_,162.689,1607
John_Manley_,119.272,616
John_Mayer_,117.421,569
John_McCain_,100.54,196
John_McCallum_,125.15,799
John_McCormack_,110.665,403
John_McEnroe_,95.4484,126
John_Negroponte_,132.17,1025
John_Paul_II_,133.652,1076
John_Reid_,150.443,1456
John_Reilly_,107.048,323
John_Rigas_,160.167,1592
John_Rosa_,149.215,1440
John_Rowland_,121.494,683
John_Ruiz_,120.585,659
John_Snow_,133.308,1064
John_Spencer_,146.889,1397
John_Stallworth_,162.003,1603
John_Stockton_,130.28,977
John_Swofford_,118.094,592
John_Taylor_,96.4764,143
John_Timoney_,108.973,368
John_Travolta_,124.724,787
John_Walsh_,114.265,484
John_Warner_,93.5147,105
John_Wolf_,96.1878,135
Johnny_Carson_,142.541,1313
Johnny_Depp_,139.231,1225
Johnny_Tapia_,113.704,475
Johnny_Unitas_,104.28,262
Johnson_Panjaitan_,129.118,942
Jolanta_Kwasniewski_,118.326,595
Jon_Corzine_,156.49,1549
Jon_Gruden_,144.554,1353
Jon_Voight_,106.454,309
Jonathan_Edwards_,140.565,1263
Jonathan_Mostow_,112.415,441
Jong_Thae_Hwa_,175.553,1661
Jong_Wook_Lee_,117.668,576
Jorge_Arce_,137.362,1170
Jorge_Batlle_,138.64,1211
Jorge_Castaneda_,104.047,257
Jorge_Rodolfo_Canicoba_Corral_,102.478,229
Jorge_Valdano_,110.732,404
Joschka_Fischer_,79.82,30
Jose_Canseco_,126.151,832
Jose_Dirceu_,135.567,1137
Jose_Manuel_Durao_Barroso_,100.869,203
Jose_Maria_Aznar_,142.571,1314
Jose_Mourinho_,133.241,1062
Jose_Sarney_,98.3652,169
Jose_Serra_,148.894,1437
Jose_Theodore_,119.618,634
Jose_Viegas_Filho_,125.346,802
Joseph_Biden_,130.146,971
Joseph_Blatter_,127.457,877
Joseph_Deiss_,151.943,1485
Joseph_Estrada_,134.22,1092
Joseph_Ralston_,87.8328,62
Juan_Carlos_Ferrero_,153.269,1509
Juan_Ignacio_Chela_,155.897,1540
Juan_Manuel_Marquez_,115.389,513
Juan_Pablo_Montoya_,134.538,1101
Juan_Valencia_Osorio_,150.432,1455
Juanes_,129.21,946
Jude_Law_,106.43,307
Judi_Dench_,105.855,289
Judy_Genshaft_,136.882,1161
Juergen_Peters_,159.908,1589
Julia_Tymoshenko_,112.53,445
Julianna_Margulies_,129.343,952
Julianne_Moore_,127.538,882
Julie_Gerberding_,141.443,1291
Julie_Taymor_,117.376,566
Julio_Iglesias_Jr_,71.4577,9
Junichiro_Koizumi_,139.376,1227
Justin_Gatlin_,169.029,1639
Justin_Guarini_,144.211,1347
Justin_Leonard_,127.759,886
Justin_Timberlake_,99.344,183
Justine_Henin_,108.803,364
Justine_Pasek_,120.491,656
Kalpana_Chawla_,131.845,1017
Kamal_Kharrazi_,132.688,1042
Karen_Mok_,122.152,697
Karin_Stoiber_,90.5256,83
Kate_Capshaw_,94.3432,115
Kate_Hudson_,114.931,502
Kate_Winslet_,108.988,370
Katherine_Harris_,146.184,1383
Kathleen_Glynn_,137.694,1184
Kathleen_Kennedy_Townsend_,118.928,609
Kathryn_Bigelow_,127.021,856
Kathy_Winters_,106.162,297
Katie_Harman_,83.0078,41
Keanu_Reeves_,145.775,1375
Keira_Knightley_,122.952,723
Keith_Bogans_,134.42,1095
Kelli_White_,156.812,1551
Kelly_Clarkson_,118.754,605
Kelvin_Sampson_,155.37,1537
Kemal_Dervis_,122.45,709
Ken_Macha_,107.884,343
Ken_Watanabe_,96.3627,139
Kenneth_Bowersox_,134.874,1114
Kenneth_Branagh_,85.6546,55
Kenneth_Evans_,138.983,1220
Kent_Rominger_,129.095,938
Kevin_Costner_,134.07,1088
Kevin_Spacey_,84.0456,47
Kevin_Stallings_,138.191,1197
Kieran_Prendergast_,124.877,791
Kifah_Ajouri_,157.808,1565
Kiki_Vandeweghe_,115.17,505
Kim_Clijsters_,93.0252,100
Kim_Dae-jung_,100.483,194
Kim_Jin-sun_,136.578,1157
Kim_Jong-Il_,78.7082,23
Kim_Ryong-sung_,129.56,958
Kim_Yong-il_,119.466,627
Kimi_Raikkonen_,133.744,1078
King_Abdullah_II_,124.595,780
Kirk_Ferentz_,153.91,1517
Kirk_Johnson_,143.329,1332
Kjell_Magne_Bondevik_,132.564,1034
Klaus_Zwickel_,121.537,687
Kobe_Bryant_,169.255,1642
Kofi_Annan_,147.359,1405
Kosuke_Kitajima_,169.669,1644
Kristanna_Loken_,97.9444,162
Kristen_Breitweiser_,110.469,400
Kristin_Davis_,112.481,444
Kurt_Busch_,172.785,1653
Kurt_Russell_,117.177,560
Kurt_Warner_,135.332,1126
Kwon_Yang-sook_,98.2831,167
LK_Advani_,117.859,587
Laila_Ali_,133.219,1060
Lana_Clarkson_,81.3351,38
Lance_Armstrong_,150.504,1458
Lance_Bass_,113.582,467
Larry_Bowa_,150.049,1452
Larry_Brown_,149.296,1442
Larry_Coker_,107.331,326
Larry_Ellison_,106.854,317
Larry_Johnson_,128.763,923
Larry_Lindsey_,127.529,881
Larry_Lucchino_,137.114,1163
Larry_Thompson_,152.196,1487
Lars_Von_Trier_,91.4645,89
Latrell_Sprewell_,157.78,1564
Laura_Bush_,109.319,377
Laura_Hernandez_,138.207,1198
Laura_Linney_,96.4316,142
Lauren_Hutton_,112.653,447
Lauren_Killian_,116.138,534
Laurent_Gbagbo_,160.321,1593
Laurent_Jalabert_,167.737,1635
Lawrence_MacAulay_,152.437,1491
LeAnn_Rimes_,107.31,325
LeBron_James_,172.274,1652
Lea_Fastow_,127.767,889
Leander_Paes_,164.389,1617
Lech_Walesa_,85.6315,54
Lee_Hoi-chang_,100.316,192
Lee_Jun_,122.565,713
Lee_Soo-hyuck_,138.585,1209
Lee_Tae-sik_,92.4337,96
Leland_Chapman_,169.159,1640
Len_Jenoff_,130.609,985
Lennox_Lewis_,139.056,1222
Lenny_Wilkens_,157.357,1559
Leon_LaPorte_,107.698,340
Leonard_Hamilton_,149.482,1445
Leonardo_DiCaprio_,122.218,699
Leonid_Kuchma_,129.718,964
Lesley_McCulloch_,125.144,798
Leslie_Ann_Woodward_,90.9153,85
Leslie_Caldwell_,132.998,1057
Leslie_Moonves_,147.634,1410
Leszek_Miller_,95.9919,131
Li_Peng_,140.437,1258
Li_Zhaoxing_,125.484,809
Liam_Neeson_,134.67,1106
Lili_Taylor_,108.434,359
Lily_Tomlin_,103.084,240
Lim_Dong-won_,107.921,346
Lina_Krasnoroutskaya_,170.4,1646
Lindsay_Benko_,137.865,1188
Lindsay_Davenport_,157.94,1569
Lindsey_Graham_,120.611,660
Lino_Oviedo_,133.795,1079
Lionel_Richie_,158.409,1574
Lisa_Gottsegen_,110.621,402
Lisa_Ling_,122.624,715
Lisa_Marie_Presley_,116.416,541
Lisa_Raymond_,141.102,1284
Liu_Mingkang_,118.202,593
Liza_Minnelli_,124.304,767
Lleyton_Hewitt_,140.438,1259
Lloyd_Ward_,134.256,1094
Lon_Kruger_,153.196,1503
Lord_Hutton_,119.489,629
Lou_Piniella_,146.07,1380
Luciano_Pavarotti_,128.568,917
Lucio_Gutierrez_,153.672,1514
Lucy_Liu_,103.535,248
Ludivine_Sagnier_,136.194,1152
Luis_Ernesto_Derbez_Bautista_,102.809,235
Luis_Figo_,146.622,1392
Luis_Gonzalez_Macchi_,134.829,1112
Luis_Horna_,159.185,1581
Luiz_Felipe_Scolari_,148.41,1429
Luiz_Inacio_Lula_da_Silva_,134.225,1093
Luke_Walton_,129.602,959
Lyle_Vanclief_,101.209,209
Lynn_Abraham_,112.261,435
Lynn_Redgrave_,76.19,15
Lynne_Cheney_,133.7,1077
Mack_Brown_,100.117,190
Madeleine_Albright_,107.388,332
Madonna_,102.452,226
Magdalena_Maleeva_,153.174,1502
Maggie_Smith_,89.002,75
Magui_Serna_,136.369,1153
Mahathir_Mohamad_,131.082,998
Mahmoud_Abbas_,105.417,284
Makhdoom_Amin_Fahim_,155.14,1532
Manfred_Stolpe_,124.863,790
Manuel_Poggiali_,141.692,1295
Marat_Safin_,147.053,1400
Marc-Andre_Fleury_,115.324,510
Marc_Grossman_,102.925,236
Marcelo_Ebrard_,113.105,461
Marcelo_Rios_,148.977,1439
Marcelo_Salas_,139.994,1240
Marco_Antonio_Barrera_,122.298,703
Marcus_Gronholm_,79.6643,29
Margaret_Thatcher_,102.142,221
Maria_Luisa_Mendonca_,145.689,1372
Maria_Shriver_,106.247,301
Maria_Soledad_Alvear_Valenzuela_,166.614,1627
Mariah_Carey_,141.092,1283
Mariana_Pollack_,88.9238,74
Mariangel_Ruiz_Torrealba_,100.597,197
Marie-Reine_Le_Gougne_,119.359,623
Marieta_Chrousala_,117.681,577
Marilyn_Monroe_,131.779,1016
Marina_Anissina_,128.489,916
Mario_Cipollini_,117.275,564
Mario_Dumont_,103.9,253
Mario_Kreutzberger_,146.114,1381
Marisa_Tomei_,117.612,574
Marissa_Jaret_Winokur_,134.671,1107
Mark_Cuban_,133.483,1073
Mark_Dacey_,111.806,424
Mark_Geragos_,115.326,511
Mark_Gottfried_,110.874,406
Mark_Hamister_,128.084,897
Mark_Heller_,124.714,785
Mark_Hurlbert_,131.714,1013
Mark_Philippoussis_,140.169,1248
Mark_Richt_,144.75,1354
Mark_Schweiker_,143.146,1329
Mark_Wahlberg_,117.861,588
Mark_Warner_,133.401,1070
Markus_Naslund_,130.472,980
Marlene_Weingartner_,144.81,1356
Martha_Beatriz_Roque_,167.631,1633
Martha_Bowen_,137.555,1181
Martha_Burk_,111.556,414
Martha_Lucia_Ramirez_,134.636,1103
Martha_Stewart_,78.3526,22
Martin_Brodeur_,87.38,59
Martin_Cauchon_,140.741,1274
Martin_Hoellwarth_,125.382,807
Martin_McCauley_,117.802,585
Martin_McGuinness_,139.685,1234
Martin_Scorsese_,125.379,806
Martin_Sheen_,85.2865,52
Martin_Verkerk_,153.199,1504
Martina_Hingis_,153.531,1511
Martina_McBride_,140.118,1245
Marty_Mornhinweg_,97.686,158
Marwan_Barghouthi_,164.428,1618
Mary-Kate_Olsen_,80.5559,33
Mary_Carey_,128.177,903
Mary_Landrieu_,123.741,750
Mary_Steenburgen_,166.068,1625
Mary_Tyler_Moore_,142.74,1317
Masahiko_Nagasawa_,127.807,890
Masum_Turker_,120.023,642
Mathias_Reichhold_,117.235,563
Matt_Damon_,104.005,254
Matt_Dillon_,133.061,1058
Matt_Doherty_,147.001,1399
Matthew_Broderick_,157.127,1557
Matthew_Perry_,114.787,498
Maureen_Fanning_,92.0144,93
Max_Mayfield_,117.962,590
Megan_Mullally_,113.999,479
Megawati_Sukarnoputri_,127.76,887
Meghann_Shaughnessy_,137.186,1165
Mel_Brooks_,104.03,256
Mel_Gibson_,138.954,1219
Melanie_Griffith_,113.415,465
Melissa_Etheridge_,100.165,191
Meryl_Streep_,88.5477,69
Mesut_Yilmaz_,162.95,1610
Mian_Khursheed_Mehmood_Kasuri_,171.05,1648
Michael_Ballack_,156.505,1550
Michael_Bloomberg_,88.8786,73
Michael_Caine_,100.34,193
Michael_Capellas_,125.721,818
Michael_Chang_,122.378,706
Michael_Chiklis_,120.182,650
Michael_Douglas_,104.669,270
Michael_J_Sheehan_,110.293,396
Michael_Jackson_,65.7101,5
Michael_Jordan_,154.644,1527
Michael_Keaton_,158.772,1577
Michael_Kostelnik_,132.15,1023
Michael_Leavitt_,138.788,1215
Michael_Moore_,102.574,232
Michael_Patrick_King_,112.21,434
Michael_Phelps_,116.465,542
Michael_Powell_,92.1877,95
Michael_Schumacher_,147.15,1401
Michael_Sullivan_,101.2,208
Michael_Winterbottom_,121.466,681
Michel_Duclos_,122.736,717
Michel_Temer_,119.611,633
Michel_Therrien_,125.776,819
Michelle_Branch_,113.718,476
Michelle_Collins_,153.731,1516
Michelle_Kwan_,134.809,1110
Michelle_Pfeiffer_,131.101,1000
Michelle_Rodriguez_,134.495,1100
Michelle_Yeoh_,96.7192,144
Mick_Jagger_,133.298,1063
Miguel_Contreras_,140.462,1260
Miguel_Estrada_,128.227,906
Mike_Babcock_,132.345,1027
Mike_Brey_,116.969,557
Mike_Helton_,111.803,423
Mike_Holmgren_,100.646,199
Mike_Krzyzewski_,148.187,1424
Mike_Martz_,117.376,567
Mike_Miller_,163.691,1614
Mike_Montgomery_,115.431,515
Mike_Myers_,132.7,1043
Mike_Price_,140.723,1272
Mike_Scioscia_,138.457,1204
Mike_Tyson_,142.925,1320
Mike_Weir_,137.911,1192
Mikhail_Gorbachev_,102.557,230
Mikhail_Kasyanov_,90.9289,86
Mikhail_Wehbe_,119.209,615
Mikhail_Youzhny_,140.184,1250
Mikulas_Dzurinda_,112.34,438
Milo_Djukanovic_,89.6135,78
Milo_Maestrecampo_,182.713,1672
Minnie_Driver_,91.7706,92
Mireya_Moscoso_,145.923,1378
Miroljub_,130.49,982
Mitchell_Daniels_,108.066,351
Mitoji_Yabunaka_,121.022,672
Mohamed_Benaissa_,124.734,788
Mohamed_ElBaradei_,135.367,1127
Mohammad_Khatami_,144.835,1357
Mohammed_Al-Douri_,153.556,1512
Mohammed_Baqir_al-Hakim_,123.995,761
Monica_Bellucci_,100.857,202
Monica_Lewinsky_,120.721,663
Monica_Seles_,156.452,1548
Monique_Garbrecht-Enfeldt_,142.328,1310
Morgan_Freeman_,139.898,1238
Moshe_Katsav_,126.319,840
Muammar_Gaddafi_,113.398,464
Muhammad_Ali_,127.143,861
Muhammad_Saeed_al-Sahhaf_,133.21,1059
Mukesh_Ambani_,109.461,382
Munir_Akram_,151.377,1481
Nabil_Shaath_,108.725,362
Nadia_Petrova_,171.852,1651
Nadine_Vinzens_,128.085,898
Naji_Sabri_,98.6282,174
Nan_Wang_,104.407,266
Nancy_Demme_,143.481,1333
Nancy_Pelosi_,134.928,1115
Nancy_Reagan_,107.886,344
Nancy_Sinatra_,115.451,516
Nanni_Moretti_,155.845,1539
Naomi_Campbell_,130.98,994
Naomi_Watts_,106.832,316
Naoto_Kan_,126.794,852
Nasser_al-Kidwa_,132.982,1056
Nastassia_Kinski_,106.912,319
Natalie_Cole_,128.255,908
Natalie_Coughlin_,123.236,735
Natalie_Maines_,133.368,1068
Natasha_McElhone_,97.6682,156
Nathalie_Baye_,130.201,974
Nathan_Lane_,119.272,617
Nebojsa_Pavkovic_,114.843,501
Nelson_Mandela_,160.894,1597
Neri_Marcore_,148.176,1423
Nestor_Kirchner_,127.99,895
Nia_Vardalos_,127.346,872
Nicanor_Duarte_Frutos_,122.785,718
Nicholas_Byron_,113.666,473
Nicholas_Tse_,140.697,1268
Nick_Nolte_,150.768,1465
Nicolas_Cage_,133.31,1065
Nicolas_Escude_,150.976,1472
Nicolas_Lapentti_,155.985,1543
Nicole_Kidman_,109.899,390
Nikki_Reed_,105.075,278
Noah_Wyle_,115.923,527
Noelle_Bush_,143.168,1330
Nora_Bendijo_,108.244,355
Norah_Jones_,178.748,1667
Norm_Coleman_,133.89,1082
Norman_Jewison_,128.836,929
Norodom_Sihanouk_,139.066,1223
Nursultan_Nazarbayev_,125.981,825
OJ_Simpson_,137.265,1168
Oleksandr_Moroz_,92.462,97
Olesya_Bonabarenko_,97.1922,150
Olivia_Newton-John_,115.172,507
Omar_Sharif_,132.486,1030
Oprah_Winfrey_,138.407,1203
Orlando_Bloom_,126.766,851
Orrin_Hatch_,148.13,1422
Osama_bin_Laden_,143.101,1327
Oscar_De_La_Hoya_,118.656,603
Oscar_Elias_Biscet_,154.734,1528
Oswaldo_Paya_,149.936,1450
Owen_Wilson_,115.071,503
Oxana_Fedorova_,121.63,690
Ozzy_Osbourne_,123.941,758
Padraig_Harrington_,147.998,1419
Pamela_Anderson_,75.9671,14
Paradorn_Srichaphan_,145.417,1367
Paris_Hilton_,128.897,931
Parris_Glendening_,138.558,1208
Pascal_Lamy_,127.167,863
Pascal_Quignard_,103.678,250
Pat_Burns_,131.771,1015
Pat_Cox_,157.479,1561
Patrice_Chereau_,112.747,449
Patricia_Clarkson_,119.627,635
Patricia_Heaton_,124.151,763
Patrick_Ewing_,166.96,1630
Patrick_Leahy_,145.265,1360
Patrick_McEnroe_,134.442,1096
Patrick_Roy_,126.188,836
Patrick_Stewart_,134.655,1105
Patti_Labelle_,135.913,1144
Patty_Schnyder_,152.585,1496
Paul-Henri_Mathieu_,121.767,694
Paul_Bremer_,116.079,532
Paul_Burrell_,140.714,1270
Paul_Byrd_,164.777,1621
Paul_Coppin_,126.366,841
Paul_Gascoigne_,138.655,1212
Paul_Hogan_,152.383,1490
Paul_Kagame_,146.542,1390
Paul_Martin_,125.363,804
Paul_McCartney_,107.803,341
Paul_McNulty_,88.2508,65
Paul_ONeill_,107.677,339
Paul_Patton_,107.384,331
Paul_Pierce_,150.56,1462
Paul_Sarbanes_,122.271,701
Paul_Shanley_,142.935,1321
Paul_Tagliabue_,111.103,409
Paul_Wellstone_,120.129,647
Paul_William_Hurley_,111.819,425
Paul_Wolfowitz_,147.426,1407
Paula_Radcliffe_,107.525,334
Paula_Zahn_,126.193,837
Paulo_Cesar_Pinheiro_,163.106,1611
Pedro_Almodovar_,113.694,474
Pedro_Malan_,121.71,692
Pedro_Solbes_,122.495,710
Penelope_Ann_Miller_,130.837,992
Penelope_Cruz_,104.763,271
Pervez_Musharraf_,101.268,211
Pete_Carroll_,117.864,589
Pete_Rose_,125.522,810
Pete_Sampras_,123.968,759
Peter_Arnett_,147.346,1404
Peter_Bacanovic_,106.069,296
Peter_Costello_,95.2926,121
Peter_Greenaway_,126.618,847
Peter_Harrison_,148.374,1428
Peter_Hillary_,116.105,533
Peter_Struck_,95.5884,128
Petria_Thomas_,132.878,1053
Petro_Symonenko_,131.616,1009
Phan_Van_Khai_,141.381,1289
Phil_Gramm_,140.343,1255
Phil_Mickelson_,159.338,1583
Phil_Vassar_,150.597,1463
Philippe_Noiret_,138.114,1194
Pierce_Brosnan_,130.399,978
Pierre_Boulanger_,118.786,606
Pierre_Pettigrew_,132.864,1052
Placido_Domingo_,136.131,1151
Prince_Charles_,121.012,671
Prince_Claus_,92.9921,99
Prince_Edward_,129.307,949
Prince_Harry_,101.907,218
Prince_Naruhito_,108.537,361
Prince_Willem-Alexander_,127.369,873
Prince_William_,99.8164,185
Princess_Aiko_,90.2191,82
Princess_Anne_,124.368,771
Princess_Caroline_,155.928,1541
Princess_Elisabeth_,103.339,243
Princess_Masako_,114.719,494
Priscilla_Owen_,125.71,817
Priscilla_Presley_,118.496,598
Pupi_Avati_,71.1432,8
Queen_Beatrix_,79.1062,27
Queen_Elizabeth_II_,130.802,991
Queen_Latifah_,133.813,1080
Queen_Rania_,97.1118,149
Rachel_Griffiths_,127.717,885
Rachel_Hunter_,132.743,1046
Rafael_Ramirez_,114.114,480
Raghad_Saddam_Hussein_,120.138,648
Rainer_Schuettler_,129.818,967
Ralf_Schumacher_,138.459,1205
Ralph_Firman_,116.272,538
Ralph_Klein_,164.759,1620
Ralph_Lauren_,113.657,472
Ranil_Wickremasinghe_,171.194,1649
Raoul_Ruiz_,133.563,1075
Raquel_Welch_,108.301,357
Ray_Allen_,170.121,1645
Ray_Nagin_,114.765,496
Ray_Romano_,132.486,1031
Raymond_Odierno_,125.949,824
Rebecca_Romijn-Stamos_,69.7972,6
Rebekah_Chantay_Revels_,98.1287,164
Recep_Tayyip_Erdogan_,121.536,686
Reese_Witherspoon_,71.823,10
Reggie_Miller_,151.247,1477
Renee_Zellweger_,80.6839,34
Ricardo_Lagos_,132.382,1028
Ricardo_Lopez_Murphy_,119.07,612
Ricardo_Maduro_,130.681,989
Ricardo_Monasterio_,124.305,768
Ricardo_Sanchez_,122.285,702
Rich_Gannon_,95.2935,122
Richard_Armitage_,83.8813,46
Richard_Branson_,120.821,670
Richard_Butler_,135.517,1135
Richard_Crenna_,104.077,258
Richard_Gephardt_,114.438,488
Richard_Gere_,122.532,712
Richard_Haass_,134.645,1104
Richard_Krajicek_,159.552,1586
Richard_Myers_,108.115,354
Richard_Norton-Taylor_,131.286,1004
Richard_Sambrook_,135.867,1143
Richard_Shelby_,117.637,575
Richard_Virenque_,171.195,1650
Richie_Adubato_,123.006,726
Rick_Barnes_,115.549,518
Rick_Carlisle_,109.682,387
Rick_Dinse_,140.57,1264
Rick_Perry_,104.347,264
Rick_Pitino_,120.452,655
Rick_Romley_,93.4278,103
Rick_Santorum_,106.61,313
Rick_Stansbury_,109.075,373
Rick_Wagoner_,93.7273,106
Ricky_Barnes_,123.233,734
Ricky_Martin_,137.714,1185
Ricky_Ponting_,153.219,1506
Rio_Ferdinand_,148.848,1436
Rita_Grande_,141.128,1285
Rita_Moreno_,115.707,522
Rita_Wilson_,127.17,864
Rob_Lowe_,110.115,394
Rob_Marshall_,116.931,555
Rob_Schneider_,140.739,1273
Robbie_Fowler_,135.405,1128
Robbie_Williams_,106.945,322
Robby_Ginepri_,151.578,1483
Robert_Blackwill_,125.559,813
Robert_Blake_,96.0791,132
Robert_Bonner_,127.211,866
Robert_Bullock_,112.948,455
Robert_DeFraites_,125.577,814
Robert_De_Niro_,106.88,318
Robert_Duvall_,134.69,1108
Robert_Ehrlich_,96.7546,145
Robert_Evans_,127.54,883
Robert_Fico_,122.423,708
Robert_Horan_,105.986,292
Robert_Kocharian_,131.247,1002
Robert_Mueller_,157.848,1566
Robert_Mugabe_,174.713,1658
Robert_Redford_,133.341,1066
Robert_Stack_,116.925,554
Robert_Torricelli_,156.818,1552
Robert_Witt_,125.082,795
Robert_Zoellick_,129.707,962
Roberto_Benigni_,120.139,649
Roberto_Carlos_,159.956,1590
Roberto_Marinho_,102.455,227
Robin_Cook_,135.685,1141
Robin_McLaurin_Williams_,137.888,1191
Robinson_Stevenin_,113.926,477
Rod_Blagojevich_,109.049,372
Rod_Stewart_,128.626,918
Rodrigo_Borja_,132.548,1033
Roger_Clemens_,139.003,1221
Roger_Federer_,140.576,1265
Roger_Moore_,111.975,428
Rogerio_Romero_,120.36,653
Roh_Moo-hyun_,83.2757,44
Rolandas_Paksas_,89.9201,80
Rolf_Eckrodt_,117.728,583
Roman_Polanski_,80.1942,31
Romano_Prodi_,143.492,1334
Ron_Dittemore_,132.738,1045
Ron_Howard_,99.4308,184
Ronald_Reagan_,154.286,1521
Ronaldo_Luis_Nazario_de_Lima_,109.472,384
Roseanne_Barr_,149.694,1446
Rosemarie_Stack_,131.646,1011
Roy_Jones_Jr_,138.317,1202
Roy_Moore_,131.248,1003
Roy_Williams_,135.287,1125
Ruben_Studdard_,167.603,1632
Rubens_Barrichello_,157.276,1558
Rudolph_Giuliani_,124.111,762
Rupert_Grint_,72.4368,11
Rupert_Murdoch_,107.461,333
Russell_Coutts_,140.773,1275
Russell_Crowe_,97.7679,161
Russell_Simmons_,159.263,1582
Ruth_Dreifuss_,124.437,774
Ruth_Harlow_,140.34,1254
S_Jayakumar_,167.071,1631
Saburo_Kawabuchi_,102.787,234
Sachiko_Yamada_,128.339,912
Saddam_Hussein_,124.658,782
Sadie_Frost_,114.467,489
Saeb_Erekat_,129.105,940
Sally_Field_,117.596,573
Sally_Kirkland_,134.456,1098
Sally_Ride_,106.425,306
Salma_Hayek_,128.817,925
Salman_Rushdie_,128.011,896
Sam_Bith_,120.794,668
Sam_Mendes_,133.845,1081
Sam_Torrance_,186.413,1677
Samira_Makhmalbaf_,127.48,879
Sammy_Sosa_,155.57,1538
Samuel_Waksal_,150.011,1451
Sandra_Bullock_,84.2911,48
Saparmurat_Niyazov_,114.769,497
Sarah_Hughes_,141.517,1292
Sarah_Jessica_Parker_,108.828,365
Sarah_Michelle_Gellar_,107.629,336
Scott_McClellan_,114.821,499
Scott_McNealy_,137.543,1180
Scott_Peterson_,126.389,842
Scott_Ritter_,105.533,286
Scott_Rudin_,137.738,1186
Scott_Sullivan_,119.351,622
Scott_Wolf_,92.0973,94
Sean_Astin_,145.371,1364
Sean_Hayes_,115.107,504
Sean_OKeefe_,138.231,1200
Sean_Patrick_OMalley_,147.717,1411
Sean_Penn_,121.52,684
Sebastian_Saja_,174.269,1655
Sebastien_Grosjean_,141.942,1298
Sepp_Blatter_,150.906,1469
Serena_Williams_,131.221,1001
Sergei_Ivanov_,152.586,1497
Sergey_Lavrov_,123.772,752
Sergio_Garcia_,138.712,1213
Sergio_Vieira_De_Mello_,118.973,611
Shane_Mosley_,181.566,1671
Shane_Warne_,104.958,272
Shannon_OBrien_,126.406,844
Sharon_Davis_,124.51,778
Sharon_Frey_,142.403,1312
Sharon_Osbourne_,131.547,1007
Sharon_Stone_,162.382,1605
Shaukat_Aziz_,141.563,1294
Shaul_Mofaz_,125.131,797
Sheila_Copps_,127.841,891
Sheila_Fraser_,98.5801,172
Sheila_Wellstone_,129.708,963
Sheryl_Crow_,105.522,285
Shia_LaBeouf_,97.6686,157
Shimon_Peres_,77.3774,19
Sila_Calderon_,103.887,252
Silvan_Shalom_,94.2506,113
Silvia_Farina_Elia_,124.251,765
Silvio_Berlusconi_,141.409,1290
Silvio_Fernandez_,181.227,1670
Simon_Cowell_,97.5791,155
Slobodan_Milosevic_,106.31,304
Sonia_Gandhi_,135.644,1139
Sophia_Loren_,60.8356,2
Sourav_Ganguly_,138.886,1217
Spencer_Abraham_,105.217,279
Stacy_Dragila_,121.311,678
Stan_Heath_,168.502,1637
Stanley_McChrystal_,123.914,755
Stanley_Tong_,105.839,288
Stefano_Accorsi_,126.566,846
Steffi_Graf_,141.755,1296
Stellan_Skarsgard_,105.772,287
Stephen_Ambrose_,125.363,805
Stephen_Daldry_,123.033,727
Stephen_Friedman_,114.365,486
Steve_Backley_,145.444,1368
Steve_Ballmer_,89.3099,76
Steve_Lavin_,125.003,793
Steve_Mariucci_,145.657,1370
Steve_Nash_,135.505,1134
Steve_Park_,130.6,984
Steve_Spurrier_,151.249,1478
Steve_Waugh_,98.6549,175
Steven_Hatfill_,94.2325,110
Steven_Seagal_,111.884,426
Steven_Spielberg_,96.9429,148
Stockard_Channing_,134.129,1089
Strom_Thurmond_,108.855,367
Sue_Wicks_,129.336,951
Surakait_Sathirathai_,98.7218,176
Susan_Collins_,142.156,1305
Susan_Sarandon_,113.011,457
Susie_Castillo_,150.841,1467
Susilo_Bambang_Yudhoyono_,155.36,1536
Suzanne_Gaudet_,107.63,337
Svetlana_Koroleva_,99.0789,178
Sylvester_Stallone_,121.474,682
Taha_Yassin_Ramadan_,109.427,379
Takashi_Sorimachi_,129.133,943
Tamara_Brooks_,119.513,630
Tammy_Lynn_Michaels_,116.068,531
Tang_Jiaxuan_,115.546,517
Tariq_Aziz_,131.624,1010
Tassos_Papadopoulos_,137.509,1178
Taufik_Hidayat_,123.99,760
Ted_Maher_,123.413,740
Terje_Roed-Larsen_,142.157,1306
Terrell_Suggs_,183.39,1675
Terry_McAuliffe_,131.669,1012
Terry_Stotts_,126.178,835
Thabo_Mbeki_,159.451,1584
Thaksin_Shinawatra_,65.1282,4
Theo_Epstein_,159.034,1580
Theodore_Tweed_Roosevelt_,149.383,1443
Theresa_May_,139.554,1230
Thierry_Falise_,106.59,311
Thomas_Birmingham_,135.583,1138
Thomas_Bjorn_,127.286,870
Thomas_Fargo_,130.244,975
Thomas_Malchow_,108.831,366
Thomas_OBrien_,126.013,829
Thomas_Rupprath_,132.424,1029
Thomas_Wyman_,126.95,854
Tiger_Woods_,152.301,1488
Tim_Allen_,85.4513,53
Tim_Chapman_,153.231,1507
Tim_Conway_,124.455,776
Tim_Curry_,116.882,551
Tim_Duncan_,156.252,1546
Tim_Floyd_,119.696,639
Tim_Henman_,144.776,1355
Tim_Robbins_,101.71,216
Tippi_Hedren_,106.223,300
Todd_Haynes_,128.272,909
Tom_Brady_,137.871,1189
Tom_Coverdale_,146.361,1384
Tom_Craddick_,119.345,620
Tom_Crean_,148.006,1420
Tom_Cruise_,128.711,921
Tom_Daschle_,111.567,415
Tom_Glavine_,101.796,217
Tom_Hanks_,140.089,1244
Tom_Harkin_,97.9773,163
Tom_Jones_,144.52,1352
Tom_Reilly_,147.365,1406
Tom_Ridge_,101.298,212
Tom_Watson_,128.639,919
Tommy_Franks_,129.181,944
Tommy_Haas_,116.636,546
Tommy_Robredo_,143.215,1331
Tommy_Thompson_,132.82,1049
Tomoko_Hagiwara_,104.35,265
Toni_Braxton_,148.435,1430
Tony_Bennett_,103.562,249
Tony_Blair_,147.891,1417
Tony_Curtis_,117.775,584
Tony_Parker_,147.3,1403
Tony_Shalhoub_,140.169,1247
Tony_Stewart_,112.719,448
Torri_Edwards_,133.384,1069
Toshihiko_Fukui_,126.432,845
Tracee_Ellis_Ross_,128.725,922
Tracy_McGrady_,153.922,1518
Trent_Lott_,158.066,1570
Tsutomu_Takebe_,120.723,664
Tubby_Smith_,157.878,1568
Tung_Chee-hwa_,168.419,1636
Tyler_Hamilton_,162.502,1606
Tyra_Banks_,123.145,730
Tyron_Garner_,154.751,1529
Uma_Thurman_,131.851,1018
Vaclav_Havel_,141.044,1280
Vaclav_Klaus_,80.9442,35
Valdas_Adamkus_,121.725,693
Valentino_Rossi_,158.247,1572
Valerie_Harper_,116.21,536
Valery_Giscard_dEstaing_,126.702,849
Vanessa_Incontrada_,93.8592,108
Vanessa_Redgrave_,95.2964,123
Vanessa_Williams_,105.236,281
Venus_Williams_,164.609,1619
Vicente_Fernandez_,137.376,1172
Vicente_Fox_,88.5315,68
Vicki_Zhao_Wei_,110.744,405
Victoria_Beckham_,132.753,1047
Victoria_Clarke_,145.82,1377
Vidar_Helgesen_,121.62,689
Vin_Diesel_,137.801,1187
Vince_Carter_,114.661,493
Vince_Gill_,109.297,376
Vincent_Brooks_,140.988,1278
Vincent_Gallo_,118.828,607
Vitali_Klitschko_,101.147,207
Vivica_Fox_,151.321,1479
Vladimir_Putin_,109.681,386
Vladimir_Spidla_,114.272,485
Vladimir_Voltchkov_,153.924,1519
Vladimiro_Montesinos_,122.8,719
Vojislav_Kostunica_,161.229,1600
Walter_Mondale_,145.27,1361
Wang_Yi_,140.388,1257
Wang_Yingfan_,91.2409,88
Warren_Beatty_,132.656,1037
Warren_Buffett_,112.476,443
Wayne_Ferreira_,134.983,1117
Wayne_Gretzky_,114.189,482
Wen_Jiabao_,95.498,127
Wesley_Clark_,117.684,578
Will_Smith_,136.973,1162
William_Bratton_,123.932,757
William_Bulger_,123.006,725
William_Burns_,99.9857,189
William_Donaldson_,144.318,1351
William_Ford_Jr_,117.462,571
William_Hochul_,147.808,1414
William_Macy_,95.7217,129
William_Martin_,145.098,1359
William_Rehnquist_,129.682,960
Win_Aung_,119.866,640
Winona_Ryder_,113.599,469
Wolfgang_Schuessel_,107.9,345
Woody_Allen_,150.534,1460
Wu_Yi_,91.1293,87
Xanana_Gusmao_,131.866,1020
Xavier_Malisse_,141.05,1281
Yann_Martel_,103.443,245
Yao_Ming_,116.946,556
Yasar_Yakis_,124.679,784
Yashwant_Sinha_,137.584,1183
Yasser_Arafat_,102.278,223
Yevgeny_Kafelnikov_,153.258,1508
Yoko_Ono_,132.237,1026
Yoriko_Kawaguchi_,94.6264,117
Yossi_Beilin_,158.322,1573
Yu_Shyi-kun_,124.303,766
Yukiko_Okudo_,99.2917,180
Yuri_Fedotov_,125.315,800
Yuri_Malenchenko_,94.2817,114
Zafarullah_Khan_Jamali_,132.487,1032
Zarai_Toledo_,143.8,1339
Zhang_Wenkang_,126.157,833
Zhang_Ziyi_,100.752,200
Zhu_Rongji_,78.2883,21
Zico_,117.689,580
Zinedine_Zidane_,152.582,1495
Zoran_Djindjic_,106.478,310
