Name,visualStudioTime
,
,
Aaron_Peirsol_.csv,5.633
Aaron_Sorkin_.csv,4.628
Abdel_Nasser_Assidi_.csv,4.592
Abdoulaye_Wade_.csv,4.827
Abdullah_.csv,4.369
Abdullah_Gul_.csv,4.85
Abdullah_al-Attiyah_.csv,4.894
Abdullatif_Sener_.csv,4.523
Abel_Pacheco_.csv,4.628
Abid_Hamid_Mahmud_Al-Tikriti_.csv,4.757
Adam_Sandler_.csv,4.558
Adam_Scott_.csv,4.614
Adel_Al-Jubeir_.csv,4.9
Adolfo_Aguilar_Zinser_.csv,4.524
Adolfo_Rodriguez_Saa_.csv,4.832
Adrian_McPherson_.csv,5.05
Adrian_Nastase_.csv,5.178
Adrien_Brody_.csv,4.387
Ahmad_Masood_.csv,4.605
Ahmed_Chalabi_.csv,4.668
Ahmet_Necdet_Sezer_.csv,4.612
Ai_Sugiyama_.csv,5.49
Aicha_El_Ouafi_.csv,4.666
Aitor_Gonzalez_.csv,5.756
Akbar_Hashemi_Rafsanjani_.csv,4.459
Akhmed_Zakayev_.csv,4.813
Al_Davis_.csv,4.847
Al_Gore_.csv,4.61
Al_Pacino_.csv,4.544
Al_Sharpton_.csv,5.276
Alan_Ball_.csv,5.17
Alan_Greenspan_.csv,4.553
Alan_Mulally_.csv,4.481
Alastair_Campbell_.csv,5.051
Albert_Costa_.csv,4.978
Alberto_Fujimori_.csv,4.73
Alberto_Ruiz_Gallardon_.csv,4.626
Albrecht_Mentz_.csv,4.569
Aldo_Paredes_.csv,4.493
Alec_Baldwin_.csv,4.857
Alejandro_Atchugarry_.csv,4.6
Alejandro_Avila_.csv,4.664
Alejandro_Toledo_.csv,4.942
Aleksander_Kwasniewski_.csv,4.529
Alex_Barros_.csv,4.475
Alex_Penelas_.csv,4.824
Alex_Sink_.csv,4.949
Alexander_Downer_.csv,4.714
Alexander_Losyukov_.csv,5.486
Alexander_Rumyantsev_.csv,4.491
Alexandra_Stevenson_.csv,4.668
Alexandra_Vodjanikova_.csv,4.797
Ali_Abbas_.csv,4.792
Ali_Khamenei_.csv,4.479
Ali_Naimi_.csv,4.685
Alice_Fisher_.csv,4.351
Alicia_Silverstone_.csv,4.701
Alimzhan_Tokhtakhounov_.csv,4.858
Alison_Lohman_.csv,4.437
Allen_Iverson_.csv,4.881
Allison_Janney_.csv,4.517
Allyson_Felix_.csv,4.658
Alvaro_Noboa_.csv,4.919
Alvaro_Silva_Calderon_.csv,4.463
Alvaro_Uribe_.csv,4.694
Amanda_Beard_.csv,4.705
Amanda_Bynes_.csv,4.703
Amanda_Coetzer_.csv,4.846
Amber_Tamblyn_.csv,4.559
Amelia_Vega_.csv,4.488
Amelie_Mauresmo_.csv,5.348
Amer_al-Saadi_.csv,5.325
Amram_Mitzna_.csv,5.414
Ana_Guevara_.csv,4.71
Ana_Palacio_.csv,4.511
Anastasia_Myskina_.csv,5.334
Anders_Ebbeson_.csv,4.829
Anders_Fogh_Rasmussen_.csv,4.469
Andre_Agassi_.csv,4.85
Andrei_Mikhnevich_.csv,5.052
Andrew_Bunner_.csv,4.976
Andrew_Cuomo_.csv,4.78
Andrew_Niccol_.csv,4.507
Andrew_Weissmann_.csv,4.555
Andy_Hebb_.csv,4.495
Andy_Roddick_.csv,4.979
Angela_Bassett_.csv,4.958
Angela_Lansbury_.csv,4.646
Angela_Merkel_.csv,4.752
Angelina_Jolie_.csv,5.197
Angelo_Reyes_.csv,5.19
Anibal_Ibarra_.csv,4.86
Ann_Veneman_.csv,4.717
Anna_Kournikova_.csv,4.622
Anna_Nicole_Smith_.csv,4.383
Anne_Krueger_.csv,4.424
Anne_McLellan_.csv,4.59
Anneli_Jaatteenmaki_.csv,4.771
Annette_Bening_.csv,4.355
Annette_Lu_.csv,4.738
Anthony_Fauci_.csv,4.549
Anthony_Hopkins_.csv,4.777
Anthony_LaPaglia_.csv,5.823
Antonio_Banderas_.csv,6.138
Antonio_Palocci_.csv,5.669
Antonio_Trillanes_.csv,5.834
Antony_Leung_.csv,5.669
Anwar_Ibrahim_.csv,5.121
Arantxa_Sanchez-Vicario_.csv,4.869
Ari_Fleischer_.csv,5.208
Arianna_Huffington_.csv,4.704
Ariel_Sharon_.csv,4.979
Arlen_Specter_.csv,7.548
Arminio_Fraga_.csv,5.048
Arnaud_Clement_.csv,5.012
Arnold_Palmer_.csv,4.537
Arnold_Schwarzenegger_.csv,4.866
Arnoldo_Aleman_.csv,4.956
Aron_Ralston_.csv,4.447
Arsinee_Khanjian_.csv,4.596
Art_Hoffmann_.csv,4.478
Art_Howe_.csv,4.616
Arturo_Gatti_.csv,4.815
Arye_Mekel_.csv,4.944
Asa_Hutchinson_.csv,4.486
Ashanti_.csv,4.816
Ashton_Kutcher_.csv,4.739
Atal_Bihari_Vajpayee_.csv,4.434
Augustin_Calleri_.csv,4.732
Augusto_Pinochet_.csv,4.875
Augusto_Roa_Bastos_.csv,4.35
Aung_San_Suu_Kyi_.csv,4.926
Azra_Akin_.csv,4.69
Barbara_Brezigar_.csv,4.321
Barbara_Walters_.csv,4.601
Barbra_Streisand_.csv,4.604
Barrett_Jackman_.csv,4.223
Barry_Alvarez_.csv,4.726
Barry_Zito_.csv,4.354
Bashar_Assad_.csv,4.744
Begum_Khaleda_Zia_.csv,4.379
Ben_Affleck_.csv,4.809
Ben_Curtis_.csv,4.465
Ben_Glisan_.csv,4.717
Ben_Howland_.csv,4.672
Benazir_Bhutto_.csv,4.332
Benjamin_Netanyahu_.csv,4.731
Bernard_Landry_.csv,4.65
Bernard_Law_.csv,4.756
Bernard_Lord_.csv,4.397
Bernardo_Segura_.csv,4.336
Bertie_Ahern_.csv,4.727
Bertrand_Bonello_.csv,4.746
Beth_Jones_.csv,4.332
Betsy_Smith_.csv,4.638
Bijan_Darvish_.csv,4.621
Bijan_Namdar_Zangeneh_.csv,4.298
Biljana_Plavsic_.csv,4.705
Bill_Belichick_.csv,4.367
Bill_Callahan_.csv,4.355
Bill_Clinton_.csv,5.107
Bill_Frist_.csv,4.398
Bill_Gates_.csv,4.777
Bill_Graham_.csv,4.599
Bill_McBride_.csv,4.771
Bill_Nelson_.csv,4.448
Bill_Parcells_.csv,4.407
Bill_Paxton_.csv,4.734
Bill_Simon_.csv,4.368
Bill_Sizemore_.csv,4.334
Billy_Crystal_.csv,4.348
Billy_Graham_.csv,4.472
Billy_Sollie_.csv,4.677
Binyamin_Ben-Eliezer_.csv,4.691
Blythe_Danner_.csv,4.338
Blythe_Hartley_.csv,4.669
Bo_Pelini_.csv,4.366
Bo_Ryan_.csv,4.789
Bob_Beauprez_.csv,4.643
Bob_Colvin_.csv,4.267
Bob_Dole_.csv,4.539
Bob_Geldof_.csv,4.388
Bob_Graham_.csv,4.605
Bob_Hope_.csv,4.604
Bob_Huggins_.csv,4.27
Bob_Stoops_.csv,4.367
Bobby_Goldwater_.csv,4.286
Bobby_Robson_.csv,4.385
Bode_Miller_.csv,4.533
Bono_.csv,4.337
Boris_Becker_.csv,4.546
Boris_Berezovsky_.csv,4.303
Boris_Yeltsin_.csv,4.58
Brad_Garrett_.csv,4.639
Brad_Johnson_.csv,4.333
Branko_Crvenkovski_.csv,4.452
Brendan_Hansen_.csv,4.531
Brian_Cowen_.csv,4.221
Brian_Griese_.csv,4.616
Brian_Heidik_.csv,4.29
Brian_Mulroney_.csv,5.072
Brian_Wells_.csv,4.719
Bridget_Fonda_.csv,4.466
Bridgette_Wilson-Sampras_.csv,4.413
Brigitte_Boisselier_.csv,4.619
Britney_Spears_.csv,4.377
Brooke_Shields_.csv,4.385
Bruce_Springsteen_.csv,4.712
Bruce_Van_De_Velde_.csv,4.277
Bruce_Weber_.csv,4.684
Bud_Selig_.csv,4.708
Bulent_Ecevit_.csv,4.913
Butch_Davis_.csv,4.279
Byron_Scott_.csv,4.626
Calista_Flockhart_.csv,4.673
Cameron_Diaz_.csv,4.467
Camilla_Parker_Bowles_.csv,4.738
Candice_Bergen_.csv,4.45
Candie_Kung_.csv,4.548
Carl_Reiner_.csv,4.509
Carla_Del_Ponte_.csv,4.755
Carla_Myers_.csv,4.633
Carlo_Ancelotti_.csv,4.73
Carlos_Bianchi_.csv,4.388
Carlos_Ghosn_.csv,4.649
Carlos_Manuel_Pruneda_.csv,4.427
Carlos_Menem_.csv,4.368
Carlos_Mesa_.csv,4.723
Carlos_Moya_.csv,4.427
Carlos_Ortega_.csv,4.662
Carlos_Quintanilla_Schmidt_.csv,4.692
Carlos_Ruiz_.csv,4.339
Carlos_Vives_.csv,5.087
Carly_Fiorina_.csv,4.76
Carmen_Electra_.csv,4.822
Carol_Burnett_.csv,4.732
Carol_Moseley_Braun_.csv,4.467
Carolina_Kluft_.csv,4.692
Carolina_Moraes_.csv,4.394
Caroline_Kennedy_.csv,4.72
Carolyn_Dawn_Johnson_.csv,4.28
Carrie-Anne_Moss_.csv,4.618
Carson_Daly_.csv,4.707
Carson_Palmer_.csv,4.393
Cate_Blanchett_.csv,4.437
Catherine_Deneuve_.csv,4.638
Catherine_Zeta-Jones_.csv,4.374
Cathy_Freeman_.csv,4.546
Cecilia_Bolocco_.csv,4.737
Celine_Dion_.csv,4.325
Celso_Amorim_.csv,4.602
Cesar_Gaviria_.csv,4.636
Cesar_Maia_.csv,4.571
Chakib_Khelil_.csv,4.287
Chan_Gailey_.csv,4.469
Chanda_Rubin_.csv,5.084
Chang_Dae-whan_.csv,4.405
Charles_Bronson_.csv,4.652
Charles_Grassley_.csv,4.39
Charles_Kartman_.csv,4.685
Charles_Mathews_.csv,4.696
Charles_Moose_.csv,4.613
Charles_Schumer_.csv,4.379
Charles_Taylor_.csv,4.661
Charlie_Zaa_.csv,4.344
Charlotte_Rampling_.csv,4.459
Charlton_Heston_.csv,4.758
Chen_Liang_Yu_.csv,4.765
Chen_Shui-bian_.csv,4.47
Cherie_Blair_.csv,4.48
Chick_Hearn_.csv,4.704
Chita_Rivera_.csv,4.326
Choi_Sung-hong_.csv,4.649
Chok_Tong_Goh_.csv,4.764
Chris_Bell_.csv,4.669
Chris_Byrd_.csv,4.209
Chris_Cooper_.csv,4.581
Chris_Rock_.csv,4.311
Chris_Tucker_.csv,4.447
Christian_Fittipaldi_.csv,4.41
Christian_Longo_.csv,4.433
Christian_Wulff_.csv,4.709
Christina_Aguilera_.csv,4.309
Christine_Baumgartner_.csv,4.538
Christine_Ebersole_.csv,4.256
Christine_Gregoire_.csv,4.67
Christine_Todd_Whitman_.csv,4.287
Christopher_Patten_.csv,4.52
Christopher_Reeve_.csv,4.515
Christopher_Walken_.csv,4.307
Chuck_Amato_.csv,4.584
Chuck_Yeager_.csv,4.359
Chung_Mong-hun_.csv,4.487
Chung_Mong-joon_.csv,4.729
Cindy_Crawford_.csv,4.339
Cindy_Margolis_.csv,4.945
Ciro_Gomes_.csv,4.714
Claire_Danes_.csv,4.646
Claire_Hentzen_.csv,4.591
Claire_Leger_.csv,4.441
Clara_Harris_.csv,4.726
Clare_Short_.csv,4.255
Claudia_Pechstein_.csv,4.65
Claudia_Schiffer_.csv,4.702
Clay_Aiken_.csv,4.446
Clint_Eastwood_.csv,4.779
Colin_Farrell_.csv,4.803
Colin_Jackson_.csv,4.409
Colin_Montgomerie_.csv,4.624
Colin_Powell_.csv,4.708
Conan_OBrien_.csv,4.433
Conchita_Martinez_.csv,4.756
Condoleezza_Rice_.csv,4.723
Constance_Marie_.csv,4.425
Coretta_Scott_King_.csv,4.551
Corinne_Coman_.csv,4.679
Costas_Simitis_.csv,4.547
Courtney_Love_.csv,4.434
Cristina_Fernandez_.csv,4.769
Cristina_Saralegui_.csv,4.321
Cruz_Bustamante_.csv,4.632
Cyndi_Thompson_.csv,4.741
Dai_Bachtiar_.csv,4.523
Daisy_Fuentes_.csv,4.362
Dalai_Lama_.csv,4.914
Dale_Earnhardt_Jr_.csv,4.343
Damon_van_Dam_.csv,4.474
Dan_Morales_.csv,5.365
Dan_Wheldon_.csv,5.426
Daniel_Day-Lewis_.csv,4.49
Daniel_Radcliffe_.csv,5.191
Daniela_Hantuchova_.csv,4.703
Darrell_Issa_.csv,5.063
Darrell_Porter_.csv,5.194
Darren_Clarke_.csv,5.246
Daryl_Hannah_.csv,4.39
Dave_Campo_.csv,4.352
David_Anderson_.csv,4.718
David_Beckham_.csv,4.397
David_Bell_.csv,4.353
David_Caraway_.csv,4.806
David_Caruso_.csv,4.392
David_Coulthard_.csv,4.407
David_Dodge_.csv,4.722
David_Heyman_.csv,4.663
David_Heymann_.csv,4.324
David_Hyde_Pierce_.csv,4.649
David_Kelley_.csv,4.338
David_Leahy_.csv,4.399
David_Myers_.csv,4.748
David_Nalbandian_.csv,4.406
David_Spade_.csv,4.608
David_Stern_.csv,4.635
David_Trimble_.csv,4.37
David_Wells_.csv,4.516
David_Wolf_.csv,4.761
Dean_Barkley_.csv,4.291
Debbie_Reynolds_.csv,4.71
Debra_Brown_.csv,4.529
Debra_Messing_.csv,4.523
Demetrius_Ferraciu_.csv,4.669
Demi_Moore_.csv,4.869
Denise_Johnson_.csv,5.261
Dennis_Erickson_.csv,5.288
Dennis_Hastert_.csv,5.498
Dennis_Kozlowski_.csv,5.307
Dennis_Kucinich_.csv,4.659
Dennis_Powell_.csv,4.333
Denzel_Washington_.csv,4.621
Derek_Jeter_.csv,4.739
Derek_Lowe_.csv,4.331
Desiree_Lemosi_.csv,4.368
Dexter_Jackson_.csv,4.729
Diana_Krall_.csv,5.072
Diana_Munz_.csv,4.339
Diana_Taurasi_.csv,4.607
Diane_Green_.csv,4.699
Dianne_Feinstein_.csv,4.4
Dick_Cheney_.csv,4.641
Dick_Clark_.csv,4.704
Dick_Latessa_.csv,4.355
Dick_Vermeil_.csv,4.604
Dino_de_Laurentis_.csv,4.429
Dolly_Parton_.csv,4.655
Dolma_Tsering_.csv,4.697
Dominik_Garcia-Lorido_.csv,4.665
Dominique_de_Villepin_.csv,4.331
Don_Nickles_.csv,4.419
Don_Siegelman_.csv,4.633
Donald_Evans_.csv,4.662
Donald_Fehr_.csv,4.426
Donald_Pettit_.csv,4.65
Donald_Rumsfeld_.csv,4.254
Donatella_Versace_.csv,4.602
Donna_Shalala_.csv,4.727
Doris_Roberts_.csv,4.632
Doris_Schroeder_.csv,4.567
Dorthy_Moxley_.csv,4.436
Doug_Collins_.csv,4.735
Doug_Duncan_.csv,4.349
Doug_Melvin_.csv,4.393
Drew_Barrymore_.csv,4.644
Duane_Lee_Chapman_.csv,4.361
Dwayne_Johnson_.csv,4.666
Ed_Rosenthal_.csv,4.34
Ed_Smart_.csv,4.582
Eddie_Sutton_.csv,4.737
Eddy_Merckx_.csv,4.415
Edie_Falco_.csv,4.711
Edmund_Hillary_.csv,4.609
Edmund_Stoiber_.csv,4.667
Eduard_Shevardnadze_.csv,4.97
Eduardo_Duhalde_.csv,4.388
Edward_James_Olmos_.csv,4.241
Edward_Kennedy_.csv,4.609
Edward_Lu_.csv,4.214
Edward_Norton_.csv,4.615
Edward_Said_.csv,4.173
Edwin_Edwards_.csv,4.306
Edwina_Currie_.csv,4.594
Eileen_Coparropa_.csv,4.199
Elena_Bovina_.csv,4.546
Eliane_Karp_.csv,4.559
Elijah_Wood_.csv,4.269
Elin_Nordegren_.csv,4.298
Elinor_Caplan_.csv,4.592
Elisabeth_Schumacher_.csv,4.567
Elizabeth_Dole_.csv,4.345
Elizabeth_Hurley_.csv,4.673
Elizabeth_Shue_.csv,4.664
Elizabeth_Smart_.csv,4.189
Elizabeth_Taylor_.csv,4.631
Ellen_DeGeneres_.csv,4.29
Ellen_Engleman_.csv,4.669
Elsa_Zylberstein_.csv,4.654
Elton_John_.csv,4.326
Elvis_Presley_.csv,4.8
Emanuel_Ginobili_.csv,4.588
Emile_Lahoud_.csv,4.701
Emily_Robison_.csv,4.315
Emma_Thompson_.csv,4.681
Emma_Watson_.csv,4.283
Emmanuelle_Beart_.csv,4.57
Emmit_Smith_.csv,4.556
Enrique_Bolanos_.csv,4.596
Eric_Clapton_.csv,4.293
Eric_Hinske_.csv,4.458
Eric_Robert_Rudolph_.csv,4.311
Eric_Rosser_.csv,4.62
Erik_Morales_.csv,4.355
Erika_Christensen_.csv,4.181
Erika_Harold_.csv,4.67
Erin_Runnion_.csv,4.594
Ernesto_Zedillo_.csv,4.457
Ernie_Els_.csv,4.565
Ernie_Eves_.csv,4.266
Ernie_Fletcher_.csv,4.497
Ethan_Hawke_.csv,4.607
Eunice_Barber_.csv,4.958
Eva_Dimas_.csv,4.404
Evan_Rachel_Wood_.csv,4.258
Evander_Holyfield_.csv,4.583
Eve_Pelletier_.csv,4.702
Fabiola_Zuluaga_.csv,4.297
Fabrice_Santoro_.csv,4.556
Farouk_al-Sharaa_.csv,4.718
Faye_Dunaway_.csv,4.326
Fayssal_Mekdad_.csv,4.255
Federico_Trillo_.csv,4.618
Felipe_Perez_Roque_.csv,4.644
Felix_Mantilla_.csv,4.624
Ferenc_Madl_.csv,4.651
Fernando_Gonzalez_.csv,4.616
Fernando_Henrique_Cardoso_.csv,4.358
Fernando_Vargas_.csv,4.404
Fidel_Castro_.csv,4.664
Filippo_Inzaghi_.csv,4.402
Flavia_Delaroli_.csv,4.457
Flor_Montulo_.csv,4.676
Fran_Drescher_.csv,4.166
Frances_Fisher_.csv,4.404
Francis_Ford_Coppola_.csv,4.677
Francis_George_.csv,4.735
Francis_Mer_.csv,4.307
Francisco_Flores_.csv,4.388
Franco_Dragone_.csv,4.661
Frank_Cassell_.csv,4.344
Frank_Dunham_Jr_.csv,4.376
Frank_Griswold_.csv,4.966
Frank_Lautenberg_.csv,4.3
Frank_Solich_.csv,4.412
Frank_Stallone_.csv,4.748
Franko_Simatovic_.csv,4.811
Franz_Beckenbauer_.csv,4.418
Franz_Fischler_.csv,4.343
Franz_Muentefering_.csv,4.629
Fred_Eckhard_.csv,4.664
Fred_Funk_.csv,4.435
Fred_Thompson_.csv,4.639
Freddy_Garcia_.csv,4.551
Fujio_Cho_.csv,4.873
GL_Peiris_.csv,5.208
Gabriel_Batistuta_.csv,4.748
Gabriel_Valdes_.csv,5.155
Gao_Qiang_.csv,5.588
Garry_Kasparov_.csv,5.553
Garry_Trudeau_.csv,5.57
Gary_Bergeron_.csv,5.372
Gary_Carter_.csv,5.462
Gary_Doer_.csv,5.04
Gary_Forsee_.csv,5.157
Gary_Locke_.csv,5.116
Gary_Williams_.csv,4.663
Gary_Winnick_.csv,4.792
Gene_Robinson_.csv,5.107
Geno_Auriemma_.csv,5.033
Geoff_Hoon_.csv,4.75
George_Brumley_.csv,4.5
George_Clooney_.csv,4.729
George_Foreman_.csv,4.523
George_Galloway_.csv,4.513
George_HW_Bush_.csv,4.77
George_Karl_.csv,4.42
George_Lopez_.csv,4.731
George_P_Bush_.csv,4.437
George_Papandreou_.csv,5.358
George_Pataki_.csv,5.075
George_Robertson_.csv,4.521
George_Roy_Hill_.csv,4.909
George_Ryan_.csv,4.56
George_Tenet_.csv,4.591
George_Voinovich_.csv,4.77
George_W_Bush_.csv,4.336
Georgi_Parvanov_.csv,4.481
Geraldine_Chaplin_.csv,4.807
Gerard_Depardieu_.csv,4.721
Gerardo_Gambala_.csv,4.317
Gerhard_Schroeder_.csv,4.402
Gerry_Adams_.csv,4.668
Gerry_Parsky_.csv,4.714
Gian_Marco_.csv,4.403
Gianna_Angelopoulos-Daskalaki_.csv,4.394
Gil_de_Ferran_.csv,4.441
Gilberto_Rodriguez_Orejuela_.csv,4.65
Gillian_Anderson_.csv,4.595
Gisele_Bundchen_.csv,4.72
Giuseppe_Gibilisco_.csv,4.426
Glafcos_Clerides_.csv,4.519
Gloria_Allred_.csv,4.746
Gloria_Macapagal_Arroyo_.csv,4.325
Gloria_Trevi_.csv,4.713
Goh_Kun_.csv,4.611
Goldie_Hawn_.csv,4.466
Gonzalo_Sanchez_de_Lozada_.csv,4.782
Goran_Persson_.csv,4.769
Gordon_Brown_.csv,4.541
Gordon_Campbell_.csv,4.399
Grady_Irvin_Jr_.csv,4.611
Grant_Hackett_.csv,4.867
Gray_Davis_.csv,4.74
Greg_Gilbert_.csv,4.439
Greg_Ostertag_.csv,4.695
Greg_Owen_.csv,4.441
Greg_Rusedski_.csv,4.516
Gregg_Popovich_.csv,4.456
Gregory_Geoffroy_.csv,4.767
Gregory_Hines_.csv,4.518
Gro_Harlem_Brundtland_.csv,4.776
Guido_Westerwelle_.csv,4.459
Guillaume_Soro_.csv,4.459
Guillermo_Canas_.csv,4.673
Guillermo_Coria_.csv,4.532
Guillermo_Ortiz_.csv,4.494
Gunter_Pleuger_.csv,4.827
Gus_Van_Sant_.csv,4.386
Gustavo_Kuerten_.csv,4.391
Guy_Hemmings_.csv,4.615
Guy_Ritchie_.csv,4.395
Gwendal_Peizerat_.csv,4.632
Gwyneth_Paltrow_.csv,4.433
Habib_Rizieq_.csv,4.649
Hal_Gehman_.csv,4.414
Hal_Sutton_.csv,4.604
Halle_Berry_.csv,4.657
Hamid_Karzai_.csv,4.491
Hamzah_Haz_.csv,4.541
Hanan_Ashrawi_.csv,4.964
Hannah_Stockbauer_.csv,4.405
Hans_Blix_.csv,4.368
Hans_Eichel_.csv,4.923
Harbhajan_Singh_.csv,4.694
Harrison_Ford_.csv,4.381
Harry_Belafonte_.csv,4.73
Harry_Kalas_.csv,4.504
Harry_Schmidt_.csv,4.378
Harvey_Weinstein_.csv,4.746
Hashim_Thaci_.csv,4.388
Hassan_Nasrallah_.csv,4.494
Hassan_Wirajuda_.csv,4.947
Hayley_Tullett_.csv,4.443
Heath_Ledger_.csv,4.874
Heather_Mills_.csv,4.391
Hector_Babenco_.csv,4.324
Hee-Won_Han_.csv,4.634
Heidi_Fleiss_.csv,4.695
Heidi_Klum_.csv,4.293
Heinz_Feldmann_.csv,4.301
Heizo_Takenaka_.csv,4.686
Helen_Clark_.csv,4.313
Henrique_Meirelles_.csv,4.617
Herb_Sendek_.csv,4.654
Hermann_Maier_.csv,4.665
Herta_Daeubler-Gmelin_.csv,4.363
Hichiro_Naemura_.csv,4.491
Hideki_Matsui_.csv,5.162
Hilary_Duff_.csv,4.534
Hillary_Clinton_.csv,4.37
Hilmi_Ozkok_.csv,4.745
Hipolito_Mejia_.csv,4.314
Hisao_Oguchi_.csv,4.74
Hitomi_Soga_.csv,4.416
Holly_Hunter_.csv,4.373
Hootie_Johnson_.csv,4.428
Horst_Koehler_.csv,4.725
Hosni_Mubarak_.csv,4.333
Howard_Dean_.csv,4.498
Howard_Schultz_.csv,4.758
Howard_Smith_.csv,4.505
Hu_Jintao_.csv,4.353
Hugh_Grant_.csv,4.564
Hugo_Chavez_.csv,4.657
Hun_Sen_.csv,4.433
Iain_Duncan_Smith_.csv,5.237
Ian_McKellen_.csv,4.761
Ian_Thorpe_.csv,4.428
Iban_Mayo_.csv,4.862
Ibrahim_Jaafari_.csv,4.944
Igor_Ivanov_.csv,4.48
Ilan_Ramon_.csv,4.531
Imad_Moustapha_.csv,4.802
Inam-ul-Haq_.csv,4.391
Inocencio_Arias_.csv,4.44
Intisar_Ajouri_.csv,5.152
Isabella_Rossellini_.csv,5.153
Isabelle_Huppert_.csv,5.109
Isaiah_Washington_.csv,4.838
Ishaq_Shahryar_.csv,4.52
Ismail_Merchant_.csv,4.57
Iva_Majoli_.csv,4.801
JJ_Redick_.csv,4.528
JK_Rowling_.csv,4.402
Jack_Grubman_.csv,4.669
Jack_Nicholson_.csv,4.487
Jack_Straw_.csv,4.835
Jackie_Chan_.csv,4.834
Jacqueline_Obradors_.csv,5.115
Jacques_Chirac_.csv,4.812
Jacques_Rogge_.csv,4.628
Jada_Pinkett_Smith_.csv,4.483
Jake_Gyllenhaal_.csv,4.984
James_Blake_.csv,4.805
James_Butts_.csv,4.399
James_Caan_.csv,4.967
James_Cameron_.csv,5.242
James_Cunningham_.csv,4.661
James_Franco_.csv,4.771
James_Gandolfini_.csv,4.858
James_Ivory_.csv,4.909
James_Jones_.csv,4.587
James_Kelly_.csv,4.593
James_Kopp_.csv,4.802
James_Maguire_.csv,5.53
James_McGreevey_.csv,5.595
James_Morris_.csv,5.678
James_Parker_.csv,5.713
James_Schultz_.csv,5.718
James_Smith_.csv,4.955
James_Traficant_.csv,5.03
James_Wolfensohn_.csv,4.377
Jamie_Villafane_.csv,4.537
Jamling_Norgay_.csv,4.658
Jan-Michael_Gambill_.csv,4.37
Jan_Ullrich_.csv,4.512
Jane_Fonda_.csv,4.536
Jane_Kaczmarek_.csv,4.475
Jane_Pauley_.csv,4.73
Janet_Napolitano_.csv,4.25
Janet_Thorpe_.csv,4.709
Janica_Kostelic_.csv,4.792
Jason_Alexander_.csv,4.424
Jason_Jennings_.csv,4.706
Jason_Kidd_.csv,4.308
Jason_Lezak_.csv,4.715
Javier_Solana_.csv,4.453
Javier_Weber_.csv,4.787
Jay_Garner_.csv,4.416
Jay_Leno_.csv,4.635
Jay_Rasulo_.csv,4.566
Jayson_Williams_.csv,4.411
Jean-Claude_Braquet_.csv,4.349
Jean-Claude_Juncker_.csv,4.556
Jean-Claude_Trichet_.csv,4.624
Jean-David_Levitte_.csv,4.361
Jean-Francois_Pontal_.csv,4.411
Jean-Marc_de_La_Sabliere_.csv,4.712
Jean-Pierre_Raffarin_.csv,4.297
Jean-Sebastien_Giguere_.csv,4.315
Jean_Brumley_.csv,4.222
Jean_Carnahan_.csv,4.733
Jean_Charest_.csv,4.804
Jean_Chretien_.csv,4.484
Jeanne_Moreau_.csv,4.731
Jeb_Bush_.csv,4.401
Jeff_Van_Gundy_.csv,4.696
Jefferson_Perez_.csv,4.774
Jeffrey_Archer_.csv,5.094
Jeffrey_Immelt_.csv,4.667
Jeffrey_Jones_.csv,4.424
Jeffrey_Scott_Postell_.csv,4.64
Jelena_Dokic_.csv,4.723
Jennifer_Aniston_.csv,4.396
Jennifer_Capriati_.csv,4.525
Jennifer_Connelly_.csv,4.989
Jennifer_Garner_.csv,4.693
Jennifer_Keller_.csv,4.396
Jennifer_Lopez_.csv,4.335
Jennifer_Reilly_.csv,4.581
Jennifer_Rodriguez_.csv,4.248
Jennifer_Thompson_.csv,4.612
Jeong_Se-hyun_.csv,4.664
Jeremy_Greenstock_.csv,4.342
Jeremy_Shockey_.csv,4.398
Jerry_Falwell_.csv,4.704
Jerry_Regier_.csv,4.765
Jerry_Springer_.csv,4.311
Jesse_Harris_.csv,4.612
Jesse_Jackson_.csv,5.332
Jesse_James_Leija_.csv,4.824
Jesse_Ventura_.csv,4.441
Jessica_Alba_.csv,4.712
Jessica_Lange_.csv,4.612
Jessica_Lynch_.csv,5.034
Jia_Qinglin_.csv,4.511
Jiang_Zemin_.csv,4.294
Jim_Carrey_.csv,4.357
Jim_Edmonds_.csv,4.684
Jim_Furyk_.csv,4.551
Jim_Hahn_.csv,4.293
Jim_Harrick_.csv,4.685
Jim_OBrien_.csv,4.373
Jim_Tressel_.csv,4.315
Jimmy_Carter_.csv,4.649
Jimmy_Kimmel_.csv,4.554
Jiri_Novak_.csv,4.686
Jo_Dee_Messina_.csv,4.276
Joan_Claybrook_.csv,4.613
Joan_Laporta_.csv,4.423
Job_Cohen_.csv,4.33
Jodie_Foster_.csv,4.643
Joe_Calzaghe_.csv,4.469
Joe_Dumars_.csv,4.628
Joe_Gatti_.csv,4.375
Joe_Lieberman_.csv,4.413
Joe_Mantello_.csv,4.699
Joe_Nichols_.csv,4.499
Joe_Torre_.csv,4.339
Joerg_Haider_.csv,4.331
John_Abizaid_.csv,4.394
John_Allen_Muhammad_.csv,4.613
John_Ashcroft_.csv,4.334
John_Banko_.csv,4.321
John_Blaney_.csv,4.702
John_Bolton_.csv,4.557
John_Brady_.csv,4.419
John_Cusack_.csv,4.704
John_Edwards_.csv,4.437
John_F_Kennedy_Jr_.csv,4.424
John_Garamendi_.csv,4.73
John_Howard_.csv,4.994
John_Jumper_.csv,4.346
John_Kerry_.csv,5.417
John_Malkovich_.csv,4.904
John_Manley_.csv,4.794
John_Mayer_.csv,4.815
John_McCain_.csv,4.348
John_McCallum_.csv,4.674
John_McCormack_.csv,4.363
John_McEnroe_.csv,4.433
John_Negroponte_.csv,4.707
John_Paul_II_.csv,4.377
John_Reid_.csv,4.473
John_Reilly_.csv,4.674
John_Rigas_.csv,4.446
John_Rosa_.csv,4.338
John_Rowland_.csv,4.658
John_Ruiz_.csv,4.767
John_Snow_.csv,4.721
John_Spencer_.csv,4.954
John_Stallworth_.csv,4.545
John_Stockton_.csv,4.682
John_Swofford_.csv,4.812
John_Taylor_.csv,4.62
John_Timoney_.csv,4.299
John_Travolta_.csv,4.656
John_Walsh_.csv,4.722
John_Warner_.csv,4.635
John_Wolf_.csv,4.343
Johnny_Carson_.csv,4.737
Johnny_Depp_.csv,4.291
Johnny_Tapia_.csv,4.34
Johnny_Unitas_.csv,4.639
Johnson_Panjaitan_.csv,4.226
Jolanta_Kwasniewski_.csv,4.694
Jon_Corzine_.csv,4.757
Jon_Gruden_.csv,4.583
Jon_Voight_.csv,4.287
Jonathan_Edwards_.csv,4.845
Jonathan_Mostow_.csv,4.932
Jong_Thae_Hwa_.csv,4.32
Jong_Wook_Lee_.csv,4.61
Jorge_Arce_.csv,4.671
Jorge_Batlle_.csv,4.604
Jorge_Castaneda_.csv,5.116
Jorge_Rodolfo_Canicoba_Corral_.csv,4.345
Jorge_Valdano_.csv,4.361
Joschka_Fischer_.csv,4.552
Jose_Canseco_.csv,4.751
Jose_Dirceu_.csv,4.277
Jose_Manuel_Durao_Barroso_.csv,4.242
Jose_Maria_Aznar_.csv,4.517
Jose_Mourinho_.csv,4.182
Jose_Sarney_.csv,4.52
Jose_Serra_.csv,4.22
Jose_Theodore_.csv,4.442
Jose_Viegas_Filho_.csv,4.614
Joseph_Biden_.csv,4.331
Joseph_Blatter_.csv,4.744
Joseph_Deiss_.csv,4.498
Joseph_Estrada_.csv,4.246
Joseph_Ralston_.csv,4.314
Juan_Carlos_Ferrero_.csv,5.022
Juan_Ignacio_Chela_.csv,4.325
Juan_Manuel_Marquez_.csv,4.294
Juan_Pablo_Montoya_.csv,4.485
Juan_Valencia_Osorio_.csv,4.252
Juanes_.csv,4.211
Jude_Law_.csv,4.326
Judi_Dench_.csv,4.476
Judy_Genshaft_.csv,4.24
Juergen_Peters_.csv,4.659
Julia_Tymoshenko_.csv,4.579
Julianna_Margulies_.csv,4.538
Julianne_Moore_.csv,4.249
Julie_Gerberding_.csv,4.705
Julie_Taymor_.csv,4.887
Julio_Iglesias_Jr_.csv,4.418
Junichiro_Koizumi_.csv,4.613
Justin_Gatlin_.csv,4.368
Justin_Guarini_.csv,4.574
Justin_Leonard_.csv,4.218
Justin_Timberlake_.csv,4.551
Justine_Henin_.csv,4.555
Justine_Pasek_.csv,4.358
Kalpana_Chawla_.csv,4.595
Kamal_Kharrazi_.csv,4.564
Karen_Mok_.csv,4.476
Karin_Stoiber_.csv,5.875
Kate_Capshaw_.csv,5.074
Kate_Hudson_.csv,5.068
Kate_Winslet_.csv,4.357
Katherine_Harris_.csv,4.452
Kathleen_Glynn_.csv,4.899
Kathleen_Kennedy_Townsend_.csv,4.614
Kathryn_Bigelow_.csv,4.233
Kathy_Winters_.csv,4.676
Katie_Harman_.csv,4.473
Keanu_Reeves_.csv,4.354
Keira_Knightley_.csv,5.765
Keith_Bogans_.csv,4.876
Kelli_White_.csv,4.36
Kelly_Clarkson_.csv,4.33
Kelvin_Sampson_.csv,4.64
Kemal_Dervis_.csv,4.214
Ken_Macha_.csv,4.344
Ken_Watanabe_.csv,4.463
Kenneth_Bowersox_.csv,4.813
Kenneth_Branagh_.csv,4.392
Kenneth_Evans_.csv,4.25
Kent_Rominger_.csv,4.662
Kevin_Costner_.csv,4.748
Kevin_Spacey_.csv,4.331
Kevin_Stallings_.csv,4.506
Kieran_Prendergast_.csv,4.711
Kifah_Ajouri_.csv,4.372
Kiki_Vandeweghe_.csv,4.509
Kim_Clijsters_.csv,4.667
Kim_Dae-jung_.csv,4.347
Kim_Jin-sun_.csv,4.424
Kim_Jong-Il_.csv,4.638
Kim_Ryong-sung_.csv,4.372
Kim_Yong-il_.csv,4.345
Kimi_Raikkonen_.csv,4.719
King_Abdullah_II_.csv,4.718
Kirk_Ferentz_.csv,4.376
Kirk_Johnson_.csv,4.471
Kjell_Magne_Bondevik_.csv,4.636
Klaus_Zwickel_.csv,4.353
Kobe_Bryant_.csv,4.363
Kofi_Annan_.csv,4.602
Kosuke_Kitajima_.csv,4.497
Kristanna_Loken_.csv,4.375
Kristen_Breitweiser_.csv,4.692
Kristin_Davis_.csv,4.177
Kurt_Busch_.csv,4.622
Kurt_Russell_.csv,4.311
Kurt_Warner_.csv,4.95
Kwon_Yang-sook_.csv,5.191
LK_Advani_.csv,4.724
Laila_Ali_.csv,5.487
Lana_Clarkson_.csv,5.555
Lance_Armstrong_.csv,4.708
Lance_Bass_.csv,4.347
Larry_Bowa_.csv,4.617
Larry_Brown_.csv,4.647
Larry_Coker_.csv,4.361
Larry_Ellison_.csv,4.293
Larry_Johnson_.csv,4.405
Larry_Lindsey_.csv,4.677
Larry_Lucchino_.csv,4.391
Larry_Thompson_.csv,4.344
Lars_Von_Trier_.csv,4.691
Latrell_Sprewell_.csv,4.723
Laura_Bush_.csv,4.733
Laura_Hernandez_.csv,4.584
Laura_Linney_.csv,4.66
Lauren_Hutton_.csv,4.475
Lauren_Killian_.csv,4.586
Laurent_Gbagbo_.csv,4.641
Laurent_Jalabert_.csv,4.785
Lawrence_MacAulay_.csv,4.667
LeAnn_Rimes_.csv,4.705
LeBron_James_.csv,4.349
Lea_Fastow_.csv,4.636
Leander_Paes_.csv,4.746
Lech_Walesa_.csv,4.623
Lee_Hoi-chang_.csv,4.681
Lee_Jun_.csv,4.303
Lee_Soo-hyuck_.csv,4.445
Lee_Tae-sik_.csv,4.709
Leland_Chapman_.csv,4.882
Len_Jenoff_.csv,4.594
Lennox_Lewis_.csv,4.55
Lenny_Wilkens_.csv,4.356
Leon_LaPorte_.csv,4.437
Leonard_Hamilton_.csv,4.949
Leonardo_DiCaprio_.csv,4.835
Leonid_Kuchma_.csv,4.405
Lesley_McCulloch_.csv,4.612
Leslie_Ann_Woodward_.csv,4.709
Leslie_Caldwell_.csv,4.449
Leslie_Moonves_.csv,4.757
Leszek_Miller_.csv,4.672
Li_Peng_.csv,4.687
Li_Zhaoxing_.csv,4.801
Liam_Neeson_.csv,4.681
Lili_Taylor_.csv,4.329
Lily_Tomlin_.csv,4.575
Lim_Dong-won_.csv,4.624
Lina_Krasnoroutskaya_.csv,4.603
Lindsay_Benko_.csv,4.722
Lindsay_Davenport_.csv,4.389
Lindsey_Graham_.csv,4.605
Lino_Oviedo_.csv,4.943
Lionel_Richie_.csv,4.738
Lisa_Gottsegen_.csv,4.315
Lisa_Ling_.csv,4.521
Lisa_Marie_Presley_.csv,4.645
Lisa_Raymond_.csv,4.85
Liu_Mingkang_.csv,4.669
Liza_Minnelli_.csv,4.367
Lleyton_Hewitt_.csv,4.47
Lloyd_Ward_.csv,4.769
Lon_Kruger_.csv,4.708
Lord_Hutton_.csv,4.696
Lou_Piniella_.csv,4.452
Luciano_Pavarotti_.csv,4.427
Lucio_Gutierrez_.csv,4.601
Lucy_Liu_.csv,4.852
Ludivine_Sagnier_.csv,4.695
Luis_Ernesto_Derbez_Bautista_.csv,5.102
Luis_Figo_.csv,5.007
Luis_Gonzalez_Macchi_.csv,4.778
Luis_Horna_.csv,4.996
Luiz_Felipe_Scolari_.csv,4.408
Luiz_Inacio_Lula_da_Silva_.csv,4.768
Luke_Walton_.csv,5.294
Lyle_Vanclief_.csv,4.697
Lynn_Abraham_.csv,4.471
Lynn_Redgrave_.csv,4.907
Lynne_Cheney_.csv,4.415
Mack_Brown_.csv,4.867
Madeleine_Albright_.csv,4.504
Madonna_.csv,4.542
Magdalena_Maleeva_.csv,5.173
Maggie_Smith_.csv,4.838
Magui_Serna_.csv,4.463
Mahathir_Mohamad_.csv,4.552
Mahmoud_Abbas_.csv,4.966
Makhdoom_Amin_Fahim_.csv,4.881
Manfred_Stolpe_.csv,4.784
Manuel_Poggiali_.csv,4.889
Marat_Safin_.csv,4.458
Marc-Andre_Fleury_.csv,4.829
Marc_Grossman_.csv,4.775
Marcelo_Ebrard_.csv,4.785
Marcelo_Rios_.csv,4.856
Marcelo_Salas_.csv,4.524
Marco_Antonio_Barrera_.csv,4.845
Marcus_Gronholm_.csv,4.876
Margaret_Thatcher_.csv,4.485
Maria_Luisa_Mendonca_.csv,4.516
Maria_Shriver_.csv,4.806
Maria_Soledad_Alvear_Valenzuela_.csv,4.803
Mariah_Carey_.csv,4.892
Mariana_Pollack_.csv,4.798
Mariangel_Ruiz_Torrealba_.csv,4.859
Marie-Reine_Le_Gougne_.csv,4.829
Marieta_Chrousala_.csv,4.37
Marilyn_Monroe_.csv,4.922
Marina_Anissina_.csv,4.8
Mario_Cipollini_.csv,4.492
Mario_Dumont_.csv,4.566
Mario_Kreutzberger_.csv,5.121
Marisa_Tomei_.csv,5.001
Marissa_Jaret_Winokur_.csv,5.738
Mark_Cuban_.csv,4.462
Mark_Dacey_.csv,4.481
Mark_Geragos_.csv,4.936
Mark_Gottfried_.csv,5.027
Mark_Hamister_.csv,4.472
Mark_Heller_.csv,4.61
Mark_Hurlbert_.csv,4.716
Mark_Philippoussis_.csv,4.784
Mark_Richt_.csv,4.558
Mark_Schweiker_.csv,4.589
Mark_Wahlberg_.csv,4.857
Mark_Warner_.csv,5.236
Markus_Naslund_.csv,4.902
Marlene_Weingartner_.csv,4.909
Martha_Beatriz_Roque_.csv,4.549
Martha_Bowen_.csv,4.549
Martha_Burk_.csv,4.867
Martha_Lucia_Ramirez_.csv,4.805
Martha_Stewart_.csv,4.514
Martin_Brodeur_.csv,5.389
Martin_Cauchon_.csv,4.92
Martin_Hoellwarth_.csv,4.428
Martin_McCauley_.csv,4.815
Martin_McGuinness_.csv,4.815
Martin_Scorsese_.csv,4.738
Martin_Sheen_.csv,4.526
Martin_Verkerk_.csv,4.876
Martina_Hingis_.csv,4.897
Martina_McBride_.csv,4.922
Marty_Mornhinweg_.csv,4.743
Marwan_Barghouthi_.csv,4.504
Mary-Kate_Olsen_.csv,4.861
Mary_Carey_.csv,4.878
Mary_Landrieu_.csv,4.354
Mary_Steenburgen_.csv,4.699
Mary_Tyler_Moore_.csv,4.843
Masahiko_Nagasawa_.csv,4.456
Masum_Turker_.csv,4.607
Mathias_Reichhold_.csv,4.892
Matt_Damon_.csv,4.644
Matt_Dillon_.csv,4.833
Matt_Doherty_.csv,4.72
Matthew_Broderick_.csv,4.792
Matthew_Perry_.csv,4.469
Maureen_Fanning_.csv,4.389
Max_Mayfield_.csv,4.858
Megan_Mullally_.csv,4.919
Megawati_Sukarnoputri_.csv,4.486
Meghann_Shaughnessy_.csv,4.586
Mel_Brooks_.csv,4.519
Mel_Gibson_.csv,4.729
Melanie_Griffith_.csv,5.086
Melissa_Etheridge_.csv,4.92
Meryl_Streep_.csv,4.921
Mesut_Yilmaz_.csv,4.972
Mian_Khursheed_Mehmood_Kasuri_.csv,4.554
Michael_Ballack_.csv,5.197
Michael_Bloomberg_.csv,4.852
Michael_Caine_.csv,5.208
Michael_Capellas_.csv,5.114
Michael_Chang_.csv,4.886
Michael_Chiklis_.csv,4.486
Michael_Douglas_.csv,5.227
Michael_J_Sheehan_.csv,4.981
Michael_Jackson_.csv,5.865
Michael_Jordan_.csv,5.743
Michael_Keaton_.csv,5.61
Michael_Kostelnik_.csv,5.577
Michael_Leavitt_.csv,4.568
Michael_Moore_.csv,4.834
Michael_Patrick_King_.csv,4.798
Michael_Phelps_.csv,4.541
Michael_Powell_.csv,4.916
Michael_Schumacher_.csv,4.851
Michael_Sullivan_.csv,4.43
Michael_Winterbottom_.csv,4.982
Michel_Duclos_.csv,4.877
Michel_Temer_.csv,4.775
Michel_Therrien_.csv,4.849
Michelle_Branch_.csv,4.873
Michelle_Collins_.csv,4.975
Michelle_Kwan_.csv,4.5
Michelle_Pfeiffer_.csv,4.561
Michelle_Rodriguez_.csv,4.865
Michelle_Yeoh_.csv,4.688
Mick_Jagger_.csv,4.505
Miguel_Contreras_.csv,4.806
Miguel_Estrada_.csv,4.562
Mike_Babcock_.csv,4.869
Mike_Brey_.csv,4.935
Mike_Helton_.csv,4.542
Mike_Holmgren_.csv,4.954
Mike_Krzyzewski_.csv,4.895
Mike_Martz_.csv,4.529
Mike_Miller_.csv,4.661
Mike_Montgomery_.csv,5.042
Mike_Myers_.csv,4.885
Mike_Price_.csv,4.423
Mike_Scioscia_.csv,5.001
Mike_Tyson_.csv,5.121
Mike_Weir_.csv,4.722
Mikhail_Gorbachev_.csv,4.62
Mikhail_Kasyanov_.csv,4.945
Mikhail_Wehbe_.csv,4.852
Mikhail_Youzhny_.csv,4.503
Mikulas_Dzurinda_.csv,5.148
Milo_Djukanovic_.csv,4.9
Milo_Maestrecampo_.csv,4.471
Minnie_Driver_.csv,4.614
Mireya_Moscoso_.csv,4.92
Miroljub_.csv,4.767
Mitchell_Daniels_.csv,4.409
Mitoji_Yabunaka_.csv,4.914
Miyako_Miyazaki_.csv,4.49
Mohamed_Benaissa_.csv,4.491
Mohamed_ElBaradei_.csv,4.895
Mohammad_Khatami_.csv,4.499
Mohammed_Al-Douri_.csv,4.811
Mohammed_Baqir_al-Hakim_.csv,4.833
Monica_Bellucci_.csv,4.506
Monica_Lewinsky_.csv,5.069
Monica_Seles_.csv,5.077
Monique_Garbrecht-Enfeldt_.csv,4.767
Morgan_Freeman_.csv,4.303
Moshe_Katsav_.csv,4.693
Muammar_Gaddafi_.csv,4.827
Muhammad_Ali_.csv,4.407
Muhammad_Saeed_al-Sahhaf_.csv,4.763
Mukesh_Ambani_.csv,4.763
Munir_Akram_.csv,4.396
Nabil_Shaath_.csv,4.741
Nadia_Petrova_.csv,4.746
Nadine_Vinzens_.csv,4.455
Naji_Sabri_.csv,4.772
Nan_Wang_.csv,4.413
Nancy_Demme_.csv,4.834
Nancy_Pelosi_.csv,4.369
Nancy_Reagan_.csv,4.455
Nancy_Sinatra_.csv,4.778
Nanni_Moretti_.csv,5.118
Naomi_Campbell_.csv,4.813
Naomi_Watts_.csv,5.009
Naoto_Kan_.csv,4.358
Nasser_al-Kidwa_.csv,4.769
Nastassia_Kinski_.csv,5.045
Natalie_Cole_.csv,4.341
Natalie_Coughlin_.csv,4.671
Natalie_Maines_.csv,4.654
Natasha_McElhone_.csv,4.523
Nathalie_Baye_.csv,4.792
Nathan_Lane_.csv,4.454
Nebojsa_Pavkovic_.csv,4.529
Nelson_Mandela_.csv,4.8
Neri_Marcore_.csv,4.331
Nestor_Kirchner_.csv,4.794
Nia_Vardalos_.csv,4.71
Nicanor_Duarte_Frutos_.csv,4.476
Nicholas_Byron_.csv,4.731
Nicholas_Tse_.csv,5.166
Nick_Nolte_.csv,4.767
Nicolas_Cage_.csv,4.345
Nicolas_Escude_.csv,4.713
Nicolas_Lapentti_.csv,4.883
Nicole_Kidman_.csv,4.324
Nikki_Reed_.csv,4.724
Noah_Wyle_.csv,4.725
Noelle_Bush_.csv,4.341
Nora_Bendijo_.csv,4.327
Norah_Jones_.csv,4.715
Norm_Coleman_.csv,4.692
Norman_Jewison_.csv,4.778
Norodom_Sihanouk_.csv,4.576
Nursultan_Nazarbayev_.csv,4.792
OJ_Simpson_.csv,4.748
Oleksandr_Moroz_.csv,4.473
Olesya_Bonabarenko_.csv,4.815
Olivia_Newton-John_.csv,4.487
Omar_Sharif_.csv,4.552
Oprah_Winfrey_.csv,4.804
Orlando_Bloom_.csv,4.753
Orrin_Hatch_.csv,4.608
Osama_bin_Laden_.csv,4.854
Oscar_De_La_Hoya_.csv,5.116
Oscar_Elias_Biscet_.csv,5.088
Oswaldo_Paya_.csv,4.652
Owen_Wilson_.csv,4.542
Oxana_Fedorova_.csv,4.88
Ozzy_Osbourne_.csv,4.405
Padraig_Harrington_.csv,4.733
Pamela_Anderson_.csv,4.793
Paradorn_Srichaphan_.csv,4.447
Paris_Hilton_.csv,4.752
Parris_Glendening_.csv,5.115
Pascal_Lamy_.csv,4.374
Pascal_Quignard_.csv,4.474
Pat_Burns_.csv,4.508
Pat_Cox_.csv,5.162
Patrice_Chereau_.csv,4.751
Patricia_Clarkson_.csv,4.397
Patricia_Heaton_.csv,4.798
Patrick_Ewing_.csv,4.648
Patrick_Leahy_.csv,4.402
Patrick_McEnroe_.csv,4.772
Patrick_Roy_.csv,4.434
Patrick_Stewart_.csv,4.541
Patti_Labelle_.csv,5.086
Patty_Schnyder_.csv,4.809
Paul-Henri_Mathieu_.csv,4.897
Paul_Bremer_.csv,4.956
Paul_Burrell_.csv,4.576
Paul_Byrd_.csv,4.819
Paul_Coppin_.csv,4.75
Paul_Gascoigne_.csv,4.378
Paul_Hogan_.csv,4.876
Paul_Kagame_.csv,4.378
Paul_Martin_.csv,4.442
Paul_McCartney_.csv,4.532
Paul_McNulty_.csv,4.371
Paul_ONeill_.csv,4.643
Paul_Patton_.csv,4.757
Paul_Pierce_.csv,4.315
Paul_Sarbanes_.csv,4.9
Paul_Shanley_.csv,4.647
Paul_Tagliabue_.csv,4.45
Paul_Wellstone_.csv,4.756
Paul_William_Hurley_.csv,4.442
Paul_Wolfowitz_.csv,4.757
Paula_Radcliffe_.csv,4.509
Paula_Zahn_.csv,4.526
Paulo_Cesar_Pinheiro_.csv,4.831
Pedro_Almodovar_.csv,4.628
Pedro_Malan_.csv,4.357
Pedro_Solbes_.csv,4.766
Penelope_Ann_Miller_.csv,4.314
Penelope_Cruz_.csv,4.699
Pervez_Musharraf_.csv,4.702
Pete_Carroll_.csv,4.473
Pete_Rose_.csv,4.518
Pete_Sampras_.csv,4.846
Peter_Arnett_.csv,4.435
Peter_Bacanovic_.csv,4.847
Peter_Costello_.csv,4.405
Peter_Greenaway_.csv,4.542
Peter_Harrison_.csv,4.662
Peter_Hillary_.csv,4.419
Peter_Struck_.csv,4.762
Petria_Thomas_.csv,4.349
Petro_Symonenko_.csv,4.754
Phan_Van_Khai_.csv,4.488
Phil_Gramm_.csv,4.86
Phil_Mickelson_.csv,4.44
Phil_Vassar_.csv,4.874
Philippe_Noiret_.csv,4.55
Pierce_Brosnan_.csv,5.146
Pierre_Boulanger_.csv,4.385
Pierre_Pettigrew_.csv,4.763
Placido_Domingo_.csv,4.96
Prince_Charles_.csv,4.464
Prince_Claus_.csv,4.893
Prince_Edward_.csv,4.792
Prince_Harry_.csv,4.417
Prince_Naruhito_.csv,5.032
Prince_Willem-Alexander_.csv,4.86
Prince_William_.csv,4.436
Princess_Aiko_.csv,4.398
Princess_Anne_.csv,4.796
Princess_Caroline_.csv,4.737
Princess_Elisabeth_.csv,4.434
Princess_Masako_.csv,4.803
Priscilla_Owen_.csv,5.041
Priscilla_Presley_.csv,4.975
Pupi_Avati_.csv,4.427
Queen_Beatrix_.csv,4.75
Queen_Elizabeth_II_.csv,4.486
Queen_Latifah_.csv,4.931
Queen_Rania_.csv,4.697
Rachel_Griffiths_.csv,4.358
Rachel_Hunter_.csv,4.787
Rafael_Ramirez_.csv,4.407
Raghad_Saddam_Hussein_.csv,4.66
Rainer_Schuettler_.csv,4.362
Ralf_Schumacher_.csv,4.775
Ralph_Firman_.csv,4.831
Ralph_Klein_.csv,4.408
Ralph_Lauren_.csv,4.82
Ranil_Wickremasinghe_.csv,4.416
Raoul_Ruiz_.csv,4.717
Raquel_Welch_.csv,4.353
Ray_Allen_.csv,4.891
Ray_Nagin_.csv,4.446
Ray_Romano_.csv,4.843
Raymond_Odierno_.csv,4.586
Rebecca_Romijn-Stamos_.csv,4.798
Rebekah_Chantay_Revels_.csv,4.529
Recep_Tayyip_Erdogan_.csv,4.921
Reese_Witherspoon_.csv,4.442
Reggie_Miller_.csv,4.726
Renee_Zellweger_.csv,4.772
Ricardo_Lagos_.csv,4.428
Ricardo_Lopez_Murphy_.csv,4.744
Ricardo_Maduro_.csv,4.466
Ricardo_Monasterio_.csv,4.789
Ricardo_Sanchez_.csv,4.436
Rich_Gannon_.csv,4.48
Richard_Armitage_.csv,4.937
Richard_Branson_.csv,4.758
Richard_Butler_.csv,4.439
Richard_Crenna_.csv,4.735
Richard_Gephardt_.csv,4.485
Richard_Gere_.csv,5.199
Richard_Haass_.csv,4.858
Richard_Krajicek_.csv,4.353
Richard_Myers_.csv,4.806
Richard_Norton-Taylor_.csv,4.403
Richard_Sambrook_.csv,4.716
Richard_Shelby_.csv,4.455
Richard_Virenque_.csv,4.772
Richie_Adubato_.csv,4.758
Rick_Barnes_.csv,4.597
Rick_Carlisle_.csv,4.563
Rick_Dinse_.csv,4.731
Rick_Perry_.csv,4.423
Rick_Pitino_.csv,4.841
Rick_Romley_.csv,4.43
Rick_Santorum_.csv,4.713
Rick_Stansbury_.csv,4.527
Rick_Wagoner_.csv,4.814
Ricky_Barnes_.csv,4.925
Ricky_Martin_.csv,4.457
Ricky_Ponting_.csv,4.734
Rio_Ferdinand_.csv,4.854
Rita_Grande_.csv,4.361
Rita_Moreno_.csv,4.764
Rita_Wilson_.csv,4.79
Rob_Lowe_.csv,4.756
Rob_Marshall_.csv,4.369
Rob_Schneider_.csv,4.793
Robbie_Fowler_.csv,4.691
Robbie_Williams_.csv,4.76
Robby_Ginepri_.csv,4.439
Robert_Blackwill_.csv,4.633
Robert_Blake_.csv,4.436
Robert_Bonner_.csv,4.791
Robert_Bullock_.csv,4.441
Robert_DeFraites_.csv,4.695
Robert_De_Niro_.csv,4.385
Robert_Duvall_.csv,4.657
Robert_Ehrlich_.csv,4.435
Robert_Evans_.csv,4.977
Robert_Fico_.csv,4.688
Robert_Horan_.csv,4.467
Robert_Kocharian_.csv,4.655
Robert_Mueller_.csv,4.454
Robert_Mugabe_.csv,4.688
Robert_Redford_.csv,4.642
Robert_Stack_.csv,4.835
Robert_Torricelli_.csv,4.434
Robert_Witt_.csv,4.726
Robert_Zoellick_.csv,4.393
Roberto_Benigni_.csv,5.006
Roberto_Carlos_.csv,4.882
Roberto_Marinho_.csv,4.486
Robin_Cook_.csv,4.698
Robin_McLaurin_Williams_.csv,4.526
Robinson_Stevenin_.csv,4.951
Rod_Blagojevich_.csv,4.716
Rod_Stewart_.csv,4.473
Rodrigo_Borja_.csv,4.563
Roger_Clemens_.csv,4.617
Roger_Federer_.csv,4.463
Roger_Moore_.csv,4.733
Rogerio_Romero_.csv,4.763
Roh_Moo-hyun_.csv,4.463
Rolandas_Paksas_.csv,5.106
Rolf_Eckrodt_.csv,4.323
Roman_Polanski_.csv,4.444
Romano_Prodi_.csv,4.941
Ron_Dittemore_.csv,4.503
Ron_Howard_.csv,4.707
Ronald_Reagan_.csv,4.751
Ronaldo_Luis_Nazario_de_Lima_.csv,4.627
Roseanne_Barr_.csv,4.436
Rosemarie_Stack_.csv,4.859
Roy_Jones_Jr_.csv,4.377
Roy_Moore_.csv,4.775
Roy_Williams_.csv,4.481
Ruben_Studdard_.csv,4.598
Rubens_Barrichello_.csv,4.816
Rudolph_Giuliani_.csv,4.51
Rupert_Grint_.csv,5.019
Rupert_Murdoch_.csv,5.029
Russell_Coutts_.csv,5.443
Russell_Crowe_.csv,5.652
Russell_Simmons_.csv,5.543
Ruth_Dreifuss_.csv,4.386
Ruth_Harlow_.csv,5.157
S_Jayakumar_.csv,4.39
Saburo_Kawabuchi_.csv,4.709
Sachiko_Yamada_.csv,4.542
Saddam_Hussein_.csv,4.747
Sadie_Frost_.csv,4.488
Saeb_Erekat_.csv,4.857
Sally_Field_.csv,4.454
Sally_Kirkland_.csv,4.741
Sally_Ride_.csv,4.444
Salma_Hayek_.csv,4.635
Salman_Rushdie_.csv,4.832
Sam_Bith_.csv,4.458
Sam_Mendes_.csv,4.578
Sam_Torrance_.csv,4.697
Samira_Makhmalbaf_.csv,4.464
Sammy_Sosa_.csv,4.526
Samuel_Waksal_.csv,4.744
Sandra_Bullock_.csv,4.579
Saparmurat_Niyazov_.csv,4.735
Sarah_Hughes_.csv,4.552
Sarah_Jessica_Parker_.csv,5.091
Sarah_Michelle_Gellar_.csv,4.42
Scott_McClellan_.csv,4.643
Scott_McNealy_.csv,4.699
Scott_Peterson_.csv,4.564
Scott_Ritter_.csv,4.975
Scott_Rudin_.csv,4.363
Scott_Sullivan_.csv,4.917
Scott_Wolf_.csv,4.525
Sean_Astin_.csv,4.879
Sean_Hayes_.csv,4.437
Sean_OKeefe_.csv,4.824
Sean_Patrick_OMalley_.csv,4.548
Sean_Penn_.csv,4.622
Sebastian_Saja_.csv,4.621
Sebastien_Grosjean_.csv,4.553
Sepp_Blatter_.csv,5.428
Serena_Williams_.csv,4.453
Sergei_Ivanov_.csv,4.872
Sergey_Lavrov_.csv,4.652
Sergio_Garcia_.csv,4.934
Sergio_Vieira_De_Mello_.csv,4.425
Shane_Mosley_.csv,4.882
Shane_Warne_.csv,4.992
Shannon_OBrien_.csv,4.436
Sharon_Davis_.csv,4.907
Sharon_Frey_.csv,4.426
Sharon_Osbourne_.csv,4.956
Sharon_Stone_.csv,4.555
Shaukat_Aziz_.csv,4.72
Shaul_Mofaz_.csv,5.028
Sheila_Copps_.csv,4.504
Sheila_Fraser_.csv,4.982
Sheila_Wellstone_.csv,4.597
Sheryl_Crow_.csv,4.936
Shia_LaBeouf_.csv,4.515
Shimon_Peres_.csv,4.807
Sila_Calderon_.csv,4.351
Silvan_Shalom_.csv,4.883
Silvia_Farina_Elia_.csv,4.62
Silvio_Berlusconi_.csv,4.998
Silvio_Fernandez_.csv,4.526
Simon_Cowell_.csv,4.702
Slobodan_Milosevic_.csv,4.816
Sonia_Gandhi_.csv,4.836
Sophia_Loren_.csv,4.952
Sourav_Ganguly_.csv,4.617
Spencer_Abraham_.csv,4.895
Stacy_Dragila_.csv,5.047
Stan_Heath_.csv,4.571
Stanley_McChrystal_.csv,4.831
Stanley_Tong_.csv,4.946
Stefano_Accorsi_.csv,5.026
Steffi_Graf_.csv,4.471
Stellan_Skarsgard_.csv,4.855
Stephen_Ambrose_.csv,4.985
Stephen_Daldry_.csv,5.152
Stephen_Friedman_.csv,4.401
Steve_Backley_.csv,4.793
Steve_Ballmer_.csv,4.486
Steve_Lavin_.csv,4.874
Steve_Mariucci_.csv,4.604
Steve_Nash_.csv,4.943
Steve_Park_.csv,4.547
Steve_Spurrier_.csv,4.776
Steve_Waugh_.csv,4.449
Steven_Hatfill_.csv,4.629
Steven_Seagal_.csv,4.871
Steven_Spielberg_.csv,4.556
Stockard_Channing_.csv,5.024
Strom_Thurmond_.csv,4.562
Sue_Wicks_.csv,5.061
Surakait_Sathirathai_.csv,4.487
Susan_Collins_.csv,4.901
Susan_Sarandon_.csv,4.461
Susie_Castillo_.csv,4.888
Susilo_Bambang_Yudhoyono_.csv,4.555
Suzanne_Gaudet_.csv,4.884
Svetlana_Koroleva_.csv,4.467
Sylvester_Stallone_.csv,4.882
Taha_Yassin_Ramadan_.csv,4.85
Takashi_Sorimachi_.csv,4.52
Tamara_Brooks_.csv,4.974
Tammy_Lynn_Michaels_.csv,4.467
Tang_Jiaxuan_.csv,5.21
Tariq_Aziz_.csv,6.463
Tassos_Papadopoulos_.csv,5.07
Taufik_Hidayat_.csv,4.69
Ted_Maher_.csv,4.76
Terje_Roed-Larsen_.csv,4.571
Terrell_Suggs_.csv,4.89
Terry_McAuliffe_.csv,4.527
Terry_Stotts_.csv,5.002
Thabo_Mbeki_.csv,4.644
Thaksin_Shinawatra_.csv,5.163
Theo_Epstein_.csv,5.056
Theodore_Tweed_Roosevelt_.csv,4.589
Theresa_May_.csv,4.844
Thierry_Falise_.csv,4.643
Thomas_Birmingham_.csv,4.994
Thomas_Bjorn_.csv,4.596
Thomas_Fargo_.csv,4.834
Thomas_Malchow_.csv,4.651
Thomas_OBrien_.csv,5.312
Thomas_Rupprath_.csv,4.481
Thomas_Wyman_.csv,4.818
Tiger_Woods_.csv,4.62
Tim_Allen_.csv,4.831
Tim_Chapman_.csv,4.596
Tim_Conway_.csv,4.475
Tim_Curry_.csv,4.467
Tim_Duncan_.csv,4.481
Tim_Floyd_.csv,4.807
Tim_Henman_.csv,4.446
Tim_Robbins_.csv,4.938
Tippi_Hedren_.csv,4.56
Todd_Haynes_.csv,4.857
Tom_Brady_.csv,4.788
Tom_Coverdale_.csv,4.581
Tom_Craddick_.csv,4.732
Tom_Crean_.csv,4.79
Tom_Cruise_.csv,4.836
Tom_Daschle_.csv,4.592
Tom_Glavine_.csv,4.792
Tom_Hanks_.csv,4.623
Tom_Harkin_.csv,4.798
Tom_Jones_.csv,4.636
Tom_Reilly_.csv,4.76
Tom_Ridge_.csv,4.629
Tom_Watson_.csv,5.052
Tommy_Franks_.csv,4.455
Tommy_Haas_.csv,4.811
Tommy_Robredo_.csv,4.504
Tommy_Thompson_.csv,4.766
Tomoko_Hagiwara_.csv,4.509
Toni_Braxton_.csv,4.556
Tony_Bennett_.csv,5.233
Tony_Blair_.csv,4.514
Tony_Curtis_.csv,4.856
Tony_Parker_.csv,4.47
Tony_Shalhoub_.csv,4.802
Tony_Stewart_.csv,4.547
Torri_Edwards_.csv,5.135
Toshihiko_Fukui_.csv,4.567
Tracee_Ellis_Ross_.csv,4.865
Tracy_McGrady_.csv,4.411
Trent_Lott_.csv,5.194
Tsutomu_Takebe_.csv,4.5
Tubby_Smith_.csv,4.888
Tung_Chee-hwa_.csv,4.454
Tyler_Hamilton_.csv,4.891
Tyra_Banks_.csv,4.632
Tyron_Garner_.csv,5.393
Uma_Thurman_.csv,4.495
Vaclav_Havel_.csv,4.981
Vaclav_Klaus_.csv,4.623
Valdas_Adamkus_.csv,4.952
Valentino_Rossi_.csv,4.882
Valerie_Harper_.csv,4.605
Valery_Giscard_dEstaing_.csv,4.463
Vanessa_Incontrada_.csv,4.802
Vanessa_Redgrave_.csv,4.508
Vanessa_Williams_.csv,4.994
Venus_Williams_.csv,5.638
Vicente_Fernandez_.csv,5.202
Vicente_Fox_.csv,5.166
Vicki_Zhao_Wei_.csv,4.457
Victoria_Beckham_.csv,4.815
Victoria_Clarke_.csv,4.636
Vidar_Helgesen_.csv,4.903
Vin_Diesel_.csv,4.857
Vince_Carter_.csv,4.549
Vince_Gill_.csv,4.745
Vincent_Brooks_.csv,4.735
Vincent_Gallo_.csv,4.741
Vitali_Klitschko_.csv,4.525
Vivica_Fox_.csv,4.814
Vladimir_Putin_.csv,4.826
Vladimir_Spidla_.csv,4.268
Vladimir_Voltchkov_.csv,5.035
Vladimiro_Montesinos_.csv,4.579
Vojislav_Kostunica_.csv,4.491
Walter_Mondale_.csv,5.076
Wang_Yi_.csv,4.715
Wang_Yingfan_.csv,4.488
Warren_Beatty_.csv,4.34
Warren_Buffett_.csv,5.684
Wayne_Ferreira_.csv,4.567
Wayne_Gretzky_.csv,4.824
Wen_Jiabao_.csv,4.458
Wesley_Clark_.csv,4.496
Will_Smith_.csv,4.95
William_Bratton_.csv,4.923
William_Bulger_.csv,4.395
William_Burns_.csv,4.767
William_Donaldson_.csv,4.39
William_Ford_Jr_.csv,5.206
William_Hochul_.csv,4.411
William_Macy_.csv,4.663
William_Martin_.csv,4.597
William_Rehnquist_.csv,4.455
Win_Aung_.csv,4.554
Winona_Ryder_.csv,4.784
Wolfgang_Schuessel_.csv,4.46
Woody_Allen_.csv,4.911
Wu_Yi_.csv,4.468
Xanana_Gusmao_.csv,4.958
Xavier_Malisse_.csv,4.472
Yann_Martel_.csv,4.984
Yao_Ming_.csv,4.89
Yasar_Yakis_.csv,4.684
Yashwant_Sinha_.csv,4.488
Yasser_Arafat_.csv,4.899
Yevgeny_Kafelnikov_.csv,4.513
Yoko_Ono_.csv,4.834
Yoriko_Kawaguchi_.csv,4.885
Yossi_Beilin_.csv,4.92
Yu_Shyi-kun_.csv,4.553
Yukiko_Okudo_.csv,4.833
Yuri_Fedotov_.csv,4.896
Yuri_Malenchenko_.csv,4.592
Zafarullah_Khan_Jamali_.csv,4.902
Zarai_Toledo_.csv,4.541
Zhang_Wenkang_.csv,5.033
Zhang_Ziyi_.csv,4.579
Zhu_Rongji_.csv,4.981
Zico_.csv,4.722
Zinedine_Zidane_.csv,5.247
Zoran_Djindjic_.csv,4.548
