Name,Scores,Sift Ranks
,,,
,,,
Aaron_Peirsol_,98316,507
Aaron_Sorkin_,114284,802
Abdel_Nasser_Assidi_,173219,1638
Abdoulaye_Wade_,0,1
Abdullah_,112028,748
Abdullah_Gul_,132897,1210
Abdullah_al-Attiyah_,103311,570
Abdullatif_Sener_,113689,785
Abel_Pacheco_,91522,431
Abid_Hamid_Mahmud_Al-Tikriti_,141988,1369
Adam_Sandler_,131458,1184
Adam_Scott_,166741,1605
Adel_Al-Jubeir_,88835,409
Adolfo_Aguilar_Zinser_,93160.5,451
Adolfo_Rodriguez_Saa_,163798,1591
Adrian_McPherson_,0,2
Adrian_Nastase_,136384,1273
Adrien_Brody_,205320,1677
Ahmad_Masood_,0,3
Ahmed_Chalabi_,136902,1281
Ahmet_Necdet_Sezer_,90621,425
Ai_Sugiyama_,126484,1065
Aicha_El_Ouafi_,0,4
Aitor_Gonzalez_,122767,984
Akbar_Hashemi_Rafsanjani_,114922,821
Akhmed_Zakayev_,139723,1326
Al_Davis_,113579,784
Al_Gore_,87770,400
Al_Pacino_,96105,479
Al_Sharpton_,139955,1330
Alan_Ball_,0,5
Alan_Greenspan_,0,6
Alan_Mulally_,134781,1246
Alastair_Campbell_,90487,423
Albert_Costa_,0,7
Alberto_Fujimori_,0,8
Alberto_Ruiz_Gallardon_,0,9
Albrecht_Mentz_,0,10
Aldo_Paredes_,125357,1041
Alec_Baldwin_,167011,1606
Alejandro_Atchugarry_,119205,906
Alejandro_Avila_,174451,1643
Alejandro_Toledo_,127407,1094
Aleksander_Kwasniewski_,108431,663
Alex_Barros_,0,11
Alex_Penelas_,0,12
Alex_Sink_,123997,1017
Alexander_Downer_,0,13
Alexander_Losyukov_,165817,1601
Alexander_Rumyantsev_,0,14
Alexandra_Stevenson_,141230,1359
Alexandra_Vodjanikova_,140950,1352
Ali_Abbas_,116024,849
Ali_Khamenei_,87332,397
Ali_Naimi_,95478,473
Alice_Fisher_,0,15
Alicia_Silverstone_,107985,655
Alimzhan_Tokhtakhounov_,0,16
Alison_Lohman_,0,17
Allen_Iverson_,0,18
Allison_Janney_,146609,1434
Allyson_Felix_,130426,1159
Alvaro_Noboa_,142786,1383
Alvaro_Silva_Calderon_,165323,1597
Alvaro_Uribe_,130657,1166
Amanda_Beard_,65456,328
Amanda_Bynes_,123782,1009
Amanda_Coetzer_,120904,937
Amber_Tamblyn_,0,19
Amelia_Vega_,123874,1013
Amelie_Mauresmo_,121319,948
Amer_al-Saadi_,141386,1361
Amram_Mitzna_,0,20
Ana_Guevara_,111207,731
Ana_Palacio_,92649,443
Anastasia_Myskina_,115517,836
Anders_Ebbeson_,107147,642
Anders_Fogh_Rasmussen_,126712,1072
Andre_Agassi_,97364,495
Andrei_Mikhnevich_,176589,1652
Andrew_Bunner_,103448,571
Andrew_Cuomo_,107352,645
Andrew_Niccol_,0,21
Andrew_Weissmann_,0,22
Andy_Hebb_,92498,441
Andy_Roddick_,121042,941
Angela_Bassett_,0,23
Angela_Lansbury_,146607,1433
Angela_Merkel_,140549,1337
Angelina_Jolie_,134021,1232
Angelo_Reyes_,109077,681
Anibal_Ibarra_,148427,1452
Ann_Veneman_,130038,1151
Anna_Kournikova_,112418,760
Anna_Nicole_Smith_,138776,1309
Anne_Krueger_,148368,1451
Anne_McLellan_,0,24
Anneli_Jaatteenmaki_,0,25
Annette_Bening_,124879,1037
Annette_Lu_,161752,1580
Anthony_Fauci_,144501,1408
Anthony_Hopkins_,113349,778
Anthony_LaPaglia_,160906,1575
Antonio_Banderas_,143332,1393
Antonio_Palocci_,135104,1250
Antonio_Trillanes_,186219,1668
Antony_Leung_,168017,1610
Anwar_Ibrahim_,0,26
Arantxa_Sanchez-Vicario_,122025,970
Ari_Fleischer_,135335,1253
Arianna_Huffington_,173882,1640
Ariel_Sharon_,121981,968
Arlen_Specter_,87133,396
Arminio_Fraga_,108382,662
Arnaud_Clement_,0,27
Arnold_Palmer_,0,28
Arnold_Schwarzenegger_,163659,1590
Arnoldo_Aleman_,108617,668
Aron_Ralston_,145021,1414
Arsinee_Khanjian_,116051,850
Art_Hoffmann_,0,29
Art_Howe_,109044,679
Arturo_Gatti_,147700,1442
Arye_Mekel_,147868,1445
Asa_Hutchinson_,115884,846
Ashanti_,118400,887
Ashton_Kutcher_,85640,392
Atal_Bihari_Vajpayee_,139650,1324
Augustin_Calleri_,128940,1129
Augusto_Pinochet_,167313,1608
Augusto_Roa_Bastos_,162674,1587
Aung_San_Suu_Kyi_,131051,1176
Azra_Akin_,0,30
Barbara_Brezigar_,103281,569
Barbara_Walters_,190272,1672
Barbra_Streisand_,0,31
Barrett_Jackman_,169950,1621
Barry_Alvarez_,111108,728
Barry_Zito_,133812,1228
Bashar_Assad_,111198,730
Begum_Khaleda_Zia_,100906,533
Ben_Affleck_,84218,382
Ben_Curtis_,123285,997
Ben_Glisan_,121058,943
Ben_Howland_,125297,1040
Benazir_Bhutto_,116172,853
Benjamin_Netanyahu_,133341,1218
Bernard_Landry_,0,32
Bernard_Law_,104157,581
Bernard_Lord_,0,33
Bernardo_Segura_,0,34
Bertie_Ahern_,118298,884
Bertrand_Bonello_,98634.3,509
Beth_Jones_,0,35
Betsy_Smith_,0,36
Bijan_Darvish_,155880,1541
Bijan_Namdar_Zangeneh_,92953,449
Biljana_Plavsic_,138023,1299
Bill_Belichick_,119527,911
Bill_Callahan_,112246,757
Bill_Clinton_,156674,1546
Bill_Frist_,127865,1109
Bill_Gates_,126205,1059
Bill_Graham_,148940,1457
Bill_McBride_,128249,1114
Bill_Nelson_,0,37
Bill_Parcells_,0,38
Bill_Paxton_,146592,1432
Bill_Simon_,114965,825
Bill_Sizemore_,0,39
Billy_Crystal_,154313,1530
Billy_Graham_,0,40
Billy_Sollie_,94620,466
Binyamin_Ben-Eliezer_,125483,1044
Blythe_Danner_,144859,1412
Blythe_Hartley_,85238,388
Bo_Pelini_,140788,1349
Bo_Ryan_,97506,496
Bob_Beauprez_,0,41
Bob_Colvin_,85346,390
Bob_Dole_,115318,830
Bob_Geldof_,139679,1325
Bob_Graham_,124260,1023
Bob_Hope_,152732,1509
Bob_Huggins_,105276,603
Bob_Stoops_,136633,1278
Bobby_Goldwater_,107080,640
Bobby_Robson_,92141.5,437
Bode_Miller_,0,42
Bono_,0,43
Boris_Becker_,78245,355
Boris_Berezovsky_,162081,1585
Boris_Yeltsin_,145352,1417
Brad_Garrett_,0,44
Brad_Johnson_,124485,1031
Branko_Crvenkovski_,0,45
Brendan_Hansen_,157192,1551
Brian_Cowen_,114591,810
Brian_Griese_,114942,822
Brian_Heidik_,0,46
Brian_Mulroney_,119829,920
Brian_Wells_,0,47
Bridget_Fonda_,140772,1347
Brigitte_Boisselier_,153088,1514
Britney_Spears_,159710,1567
Brooke_Shields_,0,48
Bruce_Springsteen_,186245,1670
Bruce_Van_De_Velde_,89734.5,418
Bruce_Weber_,112779,765
Bud_Selig_,152619,1507
Bulent_Ecevit_,93925,460
Butch_Davis_,116809,863
Byron_Scott_,156749,1547
Calista_Flockhart_,122071,971
Cameron_Diaz_,123129,993
Camilla_Parker_Bowles_,0,49
Candice_Bergen_,109471,694
Candie_Kung_,93339,454
Carl_Reiner_,0,50
Carla_Del_Ponte_,132782,1207
Carla_Myers_,144217,1404
Carlo_Ancelotti_,108950,677
Carlos_Bianchi_,153855,1522
Carlos_Ghosn_,137774,1294
Carlos_Manuel_Pruneda_,129320,1137
Carlos_Menem_,151074,1486
Carlos_Mesa_,115272,828
Carlos_Moya_,121735,959
Carlos_Ortega_,0,51
Carlos_Quintanilla_Schmidt_,0,52
Carlos_Ruiz_,142369,1377
Carlos_Vives_,118474,888
Carly_Fiorina_,114738,816
Carmen_Electra_,101717,546
Carol_Burnett_,94148,462
Carol_Moseley_Braun_,0,53
Carolina_Kluft_,91856,433
Carolina_Moraes_,0,54
Caroline_Kennedy_,130895,1169
Carolyn_Dawn_Johnson_,116317,856
Carrie-Anne_Moss_,127675,1103
Carson_Daly_,0,55
Carson_Palmer_,109981,704
Cate_Blanchett_,125105,1038
Catherine_Deneuve_,108508,664
Catherine_Zeta-Jones_,73636,341
Cathy_Freeman_,123950,1015
Cecilia_Bolocco_,96013,477
Celine_Dion_,114675,814
Celso_Amorim_,106724,633
Cesar_Gaviria_,120724,935
Cesar_Maia_,0,56
Chakib_Khelil_,112773,764
Chan_Gailey_,133350,1219
Chanda_Rubin_,127829,1107
Chang_Dae-whan_,174801,1644
Charles_Bronson_,112138,754
Charles_Grassley_,130017,1149
Charles_Kartman_,0,57
Charles_Mathews_,142204,1371
Charles_Moose_,134041,1233
Charles_Schumer_,0,58
Charles_Taylor_,149539,1466
Charlie_Zaa_,96122,480
Charlotte_Rampling_,0,59
Charlton_Heston_,143127,1390
Chen_Liang_Yu_,0,60
Chen_Shui-bian_,79597,360
Cherie_Blair_,156299,1543
Chick_Hearn_,137187,1285
Chita_Rivera_,140619,1342
Choi_Sung-hong_,147710,1443
Chok_Tong_Goh_,0,61
Chris_Bell_,107022,638
Chris_Byrd_,190661,1673
Chris_Cooper_,159021,1564
Chris_Rock_,119555,912
Chris_Tucker_,0,62
Christian_Fittipaldi_,149859,1470
Christian_Longo_,0,63
Christian_Wulff_,136034,1266
Christina_Aguilera_,134671,1243
Christine_Baumgartner_,124575,1033
Christine_Ebersole_,133650,1223
Christine_Gregoire_,107611,648
Christine_Todd_Whitman_,94657,467
Christopher_Patten_,0,64
Christopher_Reeve_,124265,1024
Christopher_Walken_,161220,1577
Chuck_Amato_,0,65
Chuck_Yeager_,0,66
Chung_Mong-hun_,0,67
Chung_Mong-joon_,0,68
Cindy_Crawford_,141527,1362
Cindy_Margolis_,129637,1142
Ciro_Gomes_,144021,1402
Claire_Danes_,132739,1206
Claire_Hentzen_,100541,530
Claire_Leger_,0,69
Clara_Harris_,142425,1378
Clare_Short_,149879,1471
Claudia_Pechstein_,205212,1676
Claudia_Schiffer_,92103,436
Clay_Aiken_,91902.5,435
Clint_Eastwood_,0,70
Colin_Farrell_,83010,378
Colin_Jackson_,0,71
Colin_Montgomerie_,0,72
Colin_Powell_,118055,880
Conan_OBrien_,102708,559
Conchita_Martinez_,123288,998
Condoleezza_Rice_,128793,1122
Constance_Marie_,124109,1019
Coretta_Scott_King_,103773,577
Corinne_Coman_,113452,780
Costas_Simitis_,104038,579
Courtney_Love_,0,73
Cristina_Fernandez_,102194,554
Cristina_Saralegui_,54554,323
Cruz_Bustamante_,0,74
Cyndi_Thompson_,0,75
Dai_Bachtiar_,103550,573
Daisy_Fuentes_,80307,363
Dalai_Lama_,131458,1185
Dale_Earnhardt_Jr_,157422,1552
Damon_van_Dam_,93383,455
Dan_Morales_,137094,1284
Dan_Wheldon_,88880,412
Daniel_Day-Lewis_,78017,353
Daniel_Radcliffe_,96015,478
Daniela_Hantuchova_,161006,1576
Darrell_Issa_,126642,1069
Darrell_Porter_,154034,1524
Darren_Clarke_,105832,622
Daryl_Hannah_,108551,666
Dave_Campo_,104862,594
David_Anderson_,74712,345
David_Beckham_,138681,1308
David_Bell_,111823,744
David_Caraway_,0,76
David_Caruso_,105686,618
David_Coulthard_,109273,689
David_Dodge_,0,77
David_Heyman_,105592,613
David_Heymann_,121949,966
David_Hyde_Pierce_,159404,1565
David_Kelley_,126568,1067
David_Leahy_,139741,1327
David_Myers_,105528,611
David_Nalbandian_,125755,1050
David_Spade_,175174,1647
David_Stern_,108027,656
David_Trimble_,127382,1093
David_Wells_,118094,881
David_Wolf_,135856,1265
Dean_Barkley_,114537,809
Debbie_Reynolds_,102539,557
Debra_Brown_,151243,1488
Debra_Messing_,0,78
Demetrius_Ferraciu_,114218,800
Demi_Moore_,171446,1634
Denise_Johnson_,125153,1039
Dennis_Erickson_,137487,1287
Dennis_Hastert_,140747,1345
Dennis_Kozlowski_,149276,1462
Dennis_Kucinich_,154886,1536
Dennis_Powell_,121653,953
Denzel_Washington_,140569,1338
Derek_Jeter_,158052,1555
Derek_Lowe_,103627,575
Desiree_Lemosi_,0,79
Dexter_Jackson_,0,80
Diana_Krall_,140322,1336
Diana_Munz_,100994,535
Diana_Taurasi_,0,81
Diane_Green_,0,82
Dianne_Feinstein_,74850,346
Dick_Cheney_,135506,1256
Dick_Clark_,85570,391
Dick_Latessa_,0,83
Dick_Vermeil_,142678,1381
Dino_de_Laurentis_,0,84
Dolly_Parton_,0,85
Dolma_Tsering_,140601,1340
Dominik_Garcia-Lorido_,181478,1660
Dominique_de_Villepin_,92475,440
Don_Nickles_,130790,1167
Don_Siegelman_,0,86
Donald_Evans_,0,87
Donald_Fehr_,90774,426
Donald_Pettit_,154373,1532
Donald_Rumsfeld_,135765,1263
Donatella_Versace_,109069,680
Donna_Shalala_,0,88
Doris_Roberts_,114898,819
Doris_Schroeder_,175792,1648
Dorthy_Moxley_,119629,916
Doug_Collins_,151005,1485
Doug_Duncan_,126572,1068
Doug_Melvin_,117429,873
Drew_Barrymore_,119102,902
Duane_Lee_Chapman_,0,89
Dwayne_Johnson_,184846,1664
Ed_Rosenthal_,131520,1186
Ed_Smart_,122189,972
Eddie_Sutton_,0,90
Eddy_Merckx_,0,91
Edie_Falco_,132559,1204
Edmund_Hillary_,126083,1056
Edmund_Stoiber_,142972,1386
Eduard_Shevardnadze_,114203,798
Eduardo_Duhalde_,101947,550
Edward_James_Olmos_,135721,1259
Edward_Kennedy_,114496,808
Edward_Lu_,114164,797
Edward_Norton_,114959,824
Edward_Said_,115617,838
Edwin_Edwards_,79195,359
Edwina_Currie_,106465,627
Eileen_Coparropa_,128059,1110
Elena_Bovina_,116109,852
Eliane_Karp_,110210,712
Elijah_Wood_,124812,1036
Elin_Nordegren_,115502,835
Elinor_Caplan_,0,92
Elisabeth_Schumacher_,149838,1469
Elizabeth_Dole_,146449,1429
Elizabeth_Hurley_,139742,1328
Elizabeth_Shue_,0,93
Elizabeth_Smart_,153679,1519
Elizabeth_Taylor_,151706,1498
Ellen_DeGeneres_,147079,1437
Ellen_Engleman_,84957,386
Elsa_Zylberstein_,120254,931
Elton_John_,151384,1492
Elvis_Presley_,126964,1083
Emanuel_Ginobili_,137985,1298
Emile_Lahoud_,0,94
Emily_Robison_,94829,469
Emma_Thompson_,53797,322
Emma_Watson_,135817,1264
Emmanuelle_Beart_,151259,1489
Emmit_Smith_,0,95
Enrique_Bolanos_,132577,1205
Eric_Clapton_,124525,1032
Eric_Hinske_,141784,1368
Eric_Robert_Rudolph_,0,96
Eric_Rosser_,103448,572
Erik_Morales_,0,97
Erika_Christensen_,102309,555
Erika_Harold_,105510,610
Erin_Runnion_,127563,1101
Ernesto_Zedillo_,113817,793
Ernie_Els_,0,98
Ernie_Eves_,143563,1399
Ernie_Fletcher_,0,99
Ethan_Hawke_,137645,1291
Eunice_Barber_,0,100
Eva_Dimas_,129509,1141
Evan_Rachel_Wood_,0,101
Evander_Holyfield_,0,102
Eve_Pelletier_,110003,706
Fabiola_Zuluaga_,143670,1401
Fabrice_Santoro_,124418,1028
Farouk_al-Sharaa_,0,103
Faye_Dunaway_,140624,1343
Fayssal_Mekdad_,96699,483
Federico_Trillo_,114887,817
Felipe_Perez_Roque_,170350,1623
Felix_Mantilla_,0,104
Ferenc_Madl_,0,105
Fernando_Gonzalez_,105657,616
Fernando_Henrique_Cardoso_,101061,537
Fernando_Vargas_,100735,531
Fidel_Castro_,104632,589
Filippo_Inzaghi_,118777,896
Flavia_Delaroli_,0,106
Flor_Montulo_,151376,1491
Fran_Drescher_,0,107
Frances_Fisher_,104400,586
Francis_Ford_Coppola_,122538,978
Francis_George_,0,108
Francis_Mer_,109658,699
Francisco_Flores_,131665,1190
Franco_Dragone_,0,109
Frank_Cassell_,164438,1596
Frank_Dunham_Jr_,153488,1518
Frank_Griswold_,121717,955
Frank_Lautenberg_,112846,769
Frank_Solich_,110223,714
Frank_Stallone_,132379,1201
Franko_Simatovic_,74870,347
Franz_Beckenbauer_,0,110
Franz_Fischler_,92523,442
Franz_Muentefering_,128856,1125
Fred_Eckhard_,96948,487
Fred_Funk_,94066.5,461
Fred_Thompson_,112076,750
Freddy_Garcia_,99859,521
Fujio_Cho_,140015,1331
GL_Peiris_,169341,1618
Gabriel_Batistuta_,0,111
Gabriel_Valdes_,114732,815
Gao_Qiang_,114916,820
Garry_Kasparov_,89456,416
Garry_Trudeau_,179971,1658
Gary_Bergeron_,0,112
Gary_Carter_,139395,1319
Gary_Doer_,143431,1394
Gary_Forsee_,132057,1196
Gary_Locke_,119491,910
Gary_Williams_,104066,580
Gary_Winnick_,90988,429
Gene_Robinson_,152532,1506
Geno_Auriemma_,148133,1449
Geoff_Hoon_,144728,1410
George_Brumley_,118380,886
George_Clooney_,99365,514
George_Foreman_,0,113
George_Galloway_,124380,1026
George_HW_Bush_,110123,709
George_Karl_,0,114
George_Lopez_,113566,783
George_P_Bush_,170885,1626
George_Papandreou_,0,115
George_Pataki_,113734,788
George_Robertson_,95330,472
George_Roy_Hill_,147034,1436
George_Ryan_,146887,1435
George_Tenet_,125847,1054
George_Voinovich_,158103,1557
George_W_Bush_,147919,1447
Georgi_Parvanov_,164387,1595
Geraldine_Chaplin_,116527,860
Gerard_Depardieu_,97938,501
Gerardo_Gambala_,0,116
Gerhard_Schroeder_,100512,529
Gerry_Adams_,113790,791
Gerry_Parsky_,78969,356
Gian_Marco_,169217,1617
Gianna_Angelopoulos-Daskalaki_,73585,340
Gil_de_Ferran_,99695,519
Gilberto_Rodriguez_Orejuela_,112079,751
Gillian_Anderson_,81645,371
Gisele_Bundchen_,0,117
Giuseppe_Gibilisco_,123785,1010
Glafcos_Clerides_,130805,1168
Gloria_Allred_,0,118
Gloria_Macapagal_Arroyo_,112994,775
Gloria_Trevi_,97302,493
Goh_Kun_,189891,1671
Goldie_Hawn_,75647,350
Gonzalo_Sanchez_de_Lozada_,126088,1057
Goran_Persson_,102831,562
Gordon_Brown_,125810,1053
Gordon_Campbell_,115566,837
Grady_Irvin_Jr_,116287,855
Grant_Hackett_,109250,687
Gray_Davis_,110134,710
Greg_Gilbert_,134116,1235
Greg_Ostertag_,102717,560
Greg_Owen_,112091,752
Greg_Rusedski_,121746,960
Gregg_Popovich_,134762,1244
Gregory_Geoffroy_,0,119
Gregory_Hines_,141064,1356
Gro_Harlem_Brundtland_,0,120
Guido_Westerwelle_,128946,1130
Guillaume_Soro_,0,121
Guillermo_Canas_,89918,420
Guillermo_Coria_,100127,524
Guillermo_Ortiz_,0,122
Gunter_Pleuger_,88671,407
Gus_Van_Sant_,122909,987
Gustavo_Kuerten_,150991,1484
Guy_Hemmings_,88487,404
Guy_Ritchie_,143021,1388
Gwendal_Peizerat_,125564,1047
Gwyneth_Paltrow_,102331,556
Habib_Rizieq_,108942,676
Hal_Gehman_,158190,1559
Hal_Sutton_,0,123
Halle_Berry_,129413,1140
Hamid_Karzai_,145113,1416
Hamzah_Haz_,131207,1180
Hanan_Ashrawi_,96823,486
Hannah_Stockbauer_,96798,485
Hans_Blix_,93612,459
Hans_Eichel_,86864,395
Harbhajan_Singh_,77895,352
Harrison_Ford_,163472,1589
Harry_Belafonte_,0,124
Harry_Kalas_,0,125
Harry_Schmidt_,136103,1267
Harvey_Weinstein_,127125,1087
Hashim_Thaci_,133578,1221
Hassan_Nasrallah_,154022,1523
Hassan_Wirajuda_,0,126
Hayley_Tullett_,150614,1479
Heath_Ledger_,121451,952
Heather_Mills_,223096,1679
Hector_Babenco_,121025,940
Hee-Won_Han_,127229,1089
Heidi_Fleiss_,121725,956
Heidi_Klum_,106759,635
Heinz_Feldmann_,154371,1531
Heizo_Takenaka_,130557,1163
Helen_Clark_,123846,1012
Henrique_Meirelles_,106700,631
Herb_Sendek_,78138,354
Hermann_Maier_,0,127
Herta_Daeubler-Gmelin_,138036,1300
Hichiro_Naemura_,140232,1333
Hideki_Matsui_,177799,1655
Hilary_Duff_,108704,671
Hillary_Clinton_,112821,768
Hilmi_Ozkok_,0,128
Hipolito_Mejia_,151561,1495
Hisao_Oguchi_,129313,1136
Hitomi_Soga_,82119,373
Holly_Hunter_,179664,1657
Hootie_Johnson_,122864,986
Horst_Koehler_,0,129
Hosni_Mubarak_,129953,1148
Howard_Dean_,153791,1521
Howard_Schultz_,149957,1473
Howard_Smith_,0,130
Hu_Jintao_,115369,831
Hugh_Grant_,142710,1382
Hugo_Chavez_,69673,333
Hun_Sen_,99598,517
Iain_Duncan_Smith_,115413,833
Ian_McKellen_,104635,590
Ian_Thorpe_,125414,1042
Iban_Mayo_,148602,1455
Ibrahim_Jaafari_,136245,1269
Igor_Ivanov_,107172,643
Ilan_Ramon_,151211,1487
Imad_Moustapha_,101114,538
Inam-ul-Haq_,0,131
Inocencio_Arias_,126679,1071
Intisar_Ajouri_,118476,889
Isabella_Rossellini_,0,132
Isabelle_Huppert_,142348,1376
Isaiah_Washington_,148081,1448
Ishaq_Shahryar_,197825,1675
Ismail_Merchant_,0,133
Iva_Majoli_,97557,497
JJ_Redick_,0,134
JK_Rowling_,112061,749
Jack_Grubman_,162030,1583
Jack_Nicholson_,147295,1438
Jack_Straw_,116936,867
Jackie_Chan_,111131,729
Jacqueline_Obradors_,115678,842
Jacques_Chirac_,107690,649
Jacques_Rogge_,94354.5,463
Jada_Pinkett_Smith_,134104,1234
Jake_Gyllenhaal_,106044,623
James_Blake_,165459,1599
James_Butts_,0,135
James_Caan_,0,136
James_Cameron_,123077,990
James_Cunningham_,160411,1573
James_Franco_,141760,1367
James_Gandolfini_,168353,1613
James_Ivory_,100273,526
James_Jones_,133131,1216
James_Kelly_,157084,1550
James_Kopp_,116908,866
James_Maguire_,109613,696
James_McGreevey_,135000,1248
James_Morris_,0,137
James_Parker_,139645,1322
James_Schultz_,149921,1472
James_Smith_,0,138
James_Traficant_,133783,1227
James_Wolfensohn_,112969,773
Jamie_Villafane_,117631,877
Jamling_Norgay_,0,139
Jan-Michael_Gambill_,114390,805
Jan_Ullrich_,139055,1313
Jane_Fonda_,168529,1615
Jane_Kaczmarek_,173540,1639
Jane_Pauley_,122421,975
Janet_Napolitano_,109154,685
Janet_Thorpe_,96266.5,481
Janica_Kostelic_,151638,1497
Jason_Alexander_,0,140
Jason_Jennings_,101508,543
Jason_Kidd_,139338,1318
Jason_Lezak_,118831,898
Javier_Solana_,109985,705
Javier_Weber_,112361,759
Jay_Garner_,123741,1006
Jay_Leno_,0,141
Jay_Rasulo_,121042,942
Jayson_Williams_,0,142
Jean-Claude_Braquet_,0,143
Jean-Claude_Juncker_,120244,929
Jean-Claude_Trichet_,89523,417
Jean-David_Levitte_,107694,650
Jean-Francois_Pontal_,138602,1307
Jean-Marc_de_La_Sabliere_,87359,398
Jean-Pierre_Raffarin_,153218,1516
Jean-Sebastien_Giguere_,154921,1537
Jean_Brumley_,139052,1312
Jean_Carnahan_,109081,682
Jean_Charest_,142191,1370
Jean_Chretien_,99685,518
Jeanne_Moreau_,81371,369
Jeb_Bush_,86843,394
Jeff_Van_Gundy_,166501,1604
Jefferson_Perez_,143458,1396
Jeffrey_Archer_,0,144
Jeffrey_Immelt_,117622,876
Jeffrey_Jones_,148961,1459
Jeffrey_Scott_Postell_,123440,1002
Jelena_Dokic_,160148,1570
Jennifer_Aniston_,190747,1674
Jennifer_Capriati_,127376,1092
Jennifer_Connelly_,138120,1302
Jennifer_Garner_,81525.5,370
Jennifer_Keller_,145486,1419
Jennifer_Lopez_,108638,670
Jennifer_Reilly_,93431,456
Jennifer_Rodriguez_,125558,1046
Jennifer_Thompson_,109184,686
Jeong_Se-hyun_,221377,1678
Jeremy_Greenstock_,144143,1403
Jeremy_Shockey_,140934,1351
Jerry_Falwell_,148156,1450
Jerry_Regier_,152789,1510
Jerry_Springer_,152520,1505
Jesse_Harris_,0,145
Jesse_Jackson_,105780,621
Jesse_James_Leija_,0,146
Jesse_Ventura_,126951,1082
Jessica_Alba_,143202,1391
Jessica_Lange_,136546,1275
Jessica_Lynch_,113450,779
Jia_Qinglin_,131028,1175
Jiang_Zemin_,126154,1058
Jim_Carrey_,110968,725
Jim_Edmonds_,0,147
Jim_Furyk_,128675,1118
Jim_Hahn_,109284,690
Jim_Harrick_,0,148
Jim_OBrien_,169826,1620
Jim_Tressel_,138106,1301
Jimmy_Carter_,158562,1561
Jimmy_Kimmel_,92939,447
Jiri_Novak_,101260,541
Jo_Dee_Messina_,125687,1048
Joan_Claybrook_,0,149
Joan_Laporta_,153259,1517
Job_Cohen_,0,150
Jodie_Foster_,80339,364
Joe_Calzaghe_,109025,678
Joe_Dumars_,153037,1513
Joe_Gatti_,148629,1456
Joe_Lieberman_,121252,946
Joe_Mantello_,151782,1499
Joe_Nichols_,119588,914
Joe_Torre_,108876,675
Joerg_Haider_,0,151
John_Abizaid_,186229,1669
John_Allen_Muhammad_,133040,1213
John_Ashcroft_,168336,1612
John_Banko_,0,152
John_Blaney_,0,153
John_Bolton_,128678,1119
John_Brady_,0,154
John_Cusack_,142315,1374
John_Edwards_,74997,349
John_F_Kennedy_Jr_,0,155
John_Garamendi_,118850,899
John_Howard_,117405,872
John_Jumper_,0,156
John_Kerry_,119409,908
John_Malkovich_,154100,1526
John_Manley_,162047,1584
John_Mayer_,158422,1560
John_McCain_,137715,1292
John_McCallum_,109119,684
John_McCormack_,0,157
John_McEnroe_,126981,1084
John_Negroponte_,104267,583
John_Paul_II_,126358,1062
John_Reid_,104239,582
John_Reilly_,0,158
John_Rigas_,0,159
John_Rosa_,180448,1659
John_Rowland_,114261,801
John_Ruiz_,111452,733
John_Snow_,103799,578
John_Spencer_,0,160
John_Stallworth_,0,161
John_Stockton_,122648,981
John_Swofford_,111776,741
John_Taylor_,103027,566
John_Timoney_,108823,674
John_Travolta_,0,162
John_Walsh_,88660,406
John_Warner_,124477,1030
John_Wolf_,103133,567
Johnny_Carson_,60996,324
Johnny_Depp_,0,163
Johnny_Tapia_,145512,1420
Johnny_Unitas_,0,164
Johnson_Panjaitan_,138123,1303
Jolanta_Kwasniewski_,136274,1270
Jon_Corzine_,0,165
Jon_Gruden_,110531,718
Jon_Voight_,110968,726
Jonathan_Edwards_,110905,723
Jonathan_Mostow_,0,166
Jong_Thae_Hwa_,0,167
Jong_Wook_Lee_,105197,600
Jorge_Arce_,96960,488
Jorge_Batlle_,123073,989
Jorge_Castaneda_,97187,489
Jorge_Rodolfo_Canicoba_Corral_,142893,1385
Jorge_Valdano_,108608,667
Joschka_Fischer_,101056,536
Jose_Canseco_,169517,1619
Jose_Dirceu_,114603,811
Jose_Manuel_Durao_Barroso_,160088,1569
Jose_Maria_Aznar_,125767,1051
Jose_Mourinho_,0,168
Jose_Sarney_,150578,1478
Jose_Serra_,94813,468
Jose_Theodore_,124631,1034
Jose_Viegas_Filho_,126909,1079
Joseph_Biden_,157930,1554
Joseph_Blatter_,0,169
Joseph_Deiss_,108712,672
Joseph_Estrada_,93525.5,458
Joseph_Ralston_,74637,344
Juan_Carlos_Ferrero_,138863,1310
Juan_Ignacio_Chela_,88790,408
Juan_Manuel_Marquez_,149344,1464
Juan_Pablo_Montoya_,141187,1358
Juan_Valencia_Osorio_,134528,1241
Juanes_,145842,1424
Jude_Law_,0,170
Judi_Dench_,123705,1005
Judy_Genshaft_,152096,1501
Juergen_Peters_,0,171
Julia_Tymoshenko_,81011,367
Julianna_Margulies_,119740,918
Julianne_Moore_,114051,794
Julie_Gerberding_,154214,1528
Julie_Taymor_,130076,1152
Julio_Iglesias_Jr_,107309,644
Junichiro_Koizumi_,113077,777
Justin_Gatlin_,141689,1363
Justin_Guarini_,115729,844
Justin_Leonard_,0,172
Justin_Timberlake_,79732,361
Justine_Henin_,128760,1120
Justine_Pasek_,134274,1237
Kalpana_Chawla_,135588,1257
Kamal_Kharrazi_,154377,1533
Karen_Mok_,52113,320
Karin_Stoiber_,129371,1138
Kate_Capshaw_,0,173
Kate_Hudson_,134577,1242
Kate_Winslet_,115668,840
Katherine_Harris_,169138,1616
Kathleen_Glynn_,130310,1157
Kathleen_Kennedy_Townsend_,115836,845
Kathryn_Bigelow_,123129,994
Kathy_Winters_,155217,1539
Katie_Harman_,148495,1453
Keanu_Reeves_,150857,1482
Keira_Knightley_,110568,719
Keith_Bogans_,152619,1508
Kelli_White_,0,174
Kelly_Clarkson_,0,175
Kelvin_Sampson_,122002,969
Kemal_Dervis_,152967,1512
Ken_Macha_,0,176
Ken_Watanabe_,130358,1158
Kenneth_Bowersox_,133270,1217
Kenneth_Branagh_,105631,614
Kenneth_Evans_,135378,1254
Kent_Rominger_,152193,1503
Kevin_Costner_,135749,1261
Kevin_Spacey_,137497,1288
Kevin_Stallings_,88284,403
Kieran_Prendergast_,94899,470
Kifah_Ajouri_,171313,1631
Kiki_Vandeweghe_,97305,494
Kim_Clijsters_,86703,393
Kim_Dae-jung_,108035,657
Kim_Jin-sun_,135762,1262
Kim_Jong-Il_,145540,1421
Kim_Ryong-sung_,114618,812
Kim_Yong-il_,82662,376
Kimi_Raikkonen_,0,177
King_Abdullah_II_,132209,1199
Kirk_Ferentz_,0,178
Kirk_Johnson_,120521,934
Kjell_Magne_Bondevik_,126759,1073
Klaus_Zwickel_,127540,1100
Kobe_Bryant_,174341,1642
Kofi_Annan_,137504,1289
Kosuke_Kitajima_,109419,693
Kristanna_Loken_,132287,1200
Kristen_Breitweiser_,113742,789
Kristin_Davis_,104371,585
Kurt_Busch_,158627,1562
Kurt_Russell_,118760,895
Kurt_Warner_,114345,804
Kwon_Yang-sook_,122585,980
LK_Advani_,152376,1504
Laila_Ali_,0,179
Lana_Clarkson_,0,180
Lance_Armstrong_,158057,1556
Lance_Bass_,134007,1231
Larry_Bowa_,0,181
Larry_Brown_,118747,894
Larry_Coker_,149528,1465
Larry_Ellison_,0,182
Larry_Johnson_,109311,691
Larry_Lindsey_,0,183
Larry_Lucchino_,143440,1395
Larry_Thompson_,104856,593
Lars_Von_Trier_,117075,869
Latrell_Sprewell_,0,184
Laura_Bush_,130652,1165
Laura_Hernandez_,126887,1078
Laura_Linney_,123815,1011
Lauren_Hutton_,134764,1245
Lauren_Killian_,0,185
Laurent_Gbagbo_,122650,982
Laurent_Jalabert_,102813,561
Lawrence_MacAulay_,0,186
LeAnn_Rimes_,171101,1629
LeBron_James_,120768,936
Lea_Fastow_,0,187
Leander_Paes_,0,188
Lech_Walesa_,0,189
Lee_Hoi-chang_,171220,1630
Lee_Jun_,126279,1060
Lee_Soo-hyuck_,112961,772
Lee_Tae-sik_,129840,1146
Leland_Chapman_,139222,1317
Len_Jenoff_,89358,415
Lennox_Lewis_,157062,1549
Lenny_Wilkens_,117082,870
Leon_LaPorte_,176415,1651
Leonard_Hamilton_,0,190
Leonardo_DiCaprio_,82540,375
Leonid_Kuchma_,148952,1458
Lesley_McCulloch_,130921,1170
Leslie_Ann_Woodward_,121889,963
Leslie_Caldwell_,100017,523
Leslie_Moonves_,143251,1392
Leszek_Miller_,0,191
Li_Peng_,111732,740
Li_Zhaoxing_,127261,1091
Liam_Neeson_,0,192
Lili_Taylor_,106555,629
Lily_Tomlin_,184195,1663
Lim_Dong-won_,119562,913
Lina_Krasnoroutskaya_,0,193
Lindsay_Benko_,105438,607
Lindsay_Davenport_,145556,1422
Lindsey_Graham_,125722,1049
Lino_Oviedo_,121971,967
Lionel_Richie_,113770,790
Lisa_Gottsegen_,139208,1316
Lisa_Ling_,128203,1113
Lisa_Marie_Presley_,128283,1115
Lisa_Raymond_,162764,1588
Liu_Mingkang_,150797,1481
Liza_Minnelli_,112992,774
Lleyton_Hewitt_,123110,991
Lloyd_Ward_,0,194
Lon_Kruger_,120198,925
Lord_Hutton_,114942,823
Lou_Piniella_,126910,1080
Luciano_Pavarotti_,0,195
Lucio_Gutierrez_,171404,1633
Lucy_Liu_,125445,1043
Ludivine_Sagnier_,99581.5,516
Luis_Ernesto_Derbez_Bautista_,114076,795
Luis_Figo_,110140,711
Luis_Gonzalez_Macchi_,120419,932
Luis_Horna_,134402,1238
Luiz_Felipe_Scolari_,93316,453
Luiz_Inacio_Lula_da_Silva_,135035,1249
Luke_Walton_,112786,767
Lyle_Vanclief_,149222,1461
Lynn_Abraham_,127680,1104
Lynn_Redgrave_,149693,1467
Lynne_Cheney_,125910,1055
Mack_Brown_,126948,1081
Madeleine_Albright_,103615,574
Madonna_,121232,945
Magdalena_Maleeva_,96000,476
Maggie_Smith_,136462,1274
Magui_Serna_,83014,379
Mahathir_Mohamad_,102026,553
Mahmoud_Abbas_,117560,875
Makhdoom_Amin_Fahim_,130455,1161
Manfred_Stolpe_,156200,1542
Manuel_Poggiali_,131137,1178
Marat_Safin_,101744,547
Marc-Andre_Fleury_,0,196
Marc_Grossman_,128830,1124
Marcelo_Ebrard_,0,197
Marcelo_Rios_,133693,1226
Marcelo_Salas_,132070,1198
Marco_Antonio_Barrera_,97226,491
Marcus_Gronholm_,131231,1181
Margaret_Thatcher_,130998,1173
Maria_Luisa_Mendonca_,0,198
Maria_Shriver_,150133,1476
Maria_Soledad_Alvear_Valenzuela_,131162,1179
Mariah_Carey_,105236,601
Mariana_Pollack_,120244,930
Mariangel_Ruiz_Torrealba_,146206,1426
Marie-Reine_Le_Gougne_,105485,609
Marieta_Chrousala_,141021,1354
Marilyn_Monroe_,124384,1027
Marina_Anissina_,121444,951
Mario_Cipollini_,107851,653
Mario_Dumont_,119144,904
Mario_Kreutzberger_,0,199
Marisa_Tomei_,80548,366
Marissa_Jaret_Winokur_,116467,859
Mark_Cuban_,0,200
Mark_Dacey_,152182,1502
Mark_Geragos_,51795,319
Mark_Gottfried_,124170,1021
Mark_Hamister_,84362,383
Mark_Heller_,96746,484
Mark_Hurlbert_,79042,358
Mark_Philippoussis_,144838,1411
Mark_Richt_,121749,961
Mark_Schweiker_,0,201
Mark_Wahlberg_,140313,1335
Mark_Warner_,100962,534
Markus_Naslund_,136962,1283
Marlene_Weingartner_,135169,1251
Martha_Beatriz_Roque_,123305,999
Martha_Bowen_,0,202
Martha_Burk_,130537,1162
Martha_Lucia_Ramirez_,107959,654
Martha_Stewart_,122943,988
Martin_Brodeur_,163878,1592
Martin_Cauchon_,0,203
Martin_Hoellwarth_,131573,1188
Martin_McCauley_,0,204
Martin_McGuinness_,128764,1121
Martin_Scorsese_,97268,492
Martin_Sheen_,160165,1571
Martin_Verkerk_,108196,658
Martina_Hingis_,98930,512
Martina_McBride_,0,205
Marty_Mornhinweg_,0,206
Marwan_Barghouthi_,111094,727
Mary-Kate_Olsen_,113729,787
Mary_Carey_,71831,336
Mary_Landrieu_,0,207
Mary_Steenburgen_,139800,1329
Mary_Tyler_Moore_,0,208
Masahiko_Nagasawa_,117651,878
Masum_Turker_,117676,879
Mathias_Reichhold_,123988,1016
Matt_Damon_,131795,1193
Matt_Dillon_,126780,1074
Matt_Doherty_,0,209
Matthew_Broderick_,143462,1397
Matthew_Perry_,112870,771
Maureen_Fanning_,137939,1296
Max_Mayfield_,0,210
Megan_Mullally_,183558,1662
Megawati_Sukarnoputri_,125519,1045
Meghann_Shaughnessy_,0,211
Mel_Brooks_,121929,965
Mel_Gibson_,98073,503
Melanie_Griffith_,127446,1098
Melissa_Etheridge_,53015,321
Meryl_Streep_,93490,457
Mesut_Yilmaz_,129787,1145
Mian_Khursheed_Mehmood_Kasuri_,144403,1406
Michael_Ballack_,113492,781
Michael_Bloomberg_,130427,1160
Michael_Caine_,119372,907
Michael_Capellas_,85079,387
Michael_Chang_,132932,1211
Michael_Chiklis_,104591,588
Michael_Douglas_,111538,735
Michael_J_Sheehan_,155203,1538
Michael_Jackson_,92430,439
Michael_Jordan_,136581,1276
Michael_Keaton_,112009,747
Michael_Kostelnik_,174077,1641
Michael_Leavitt_,0,212
Michael_Moore_,111994,746
Michael_Patrick_King_,172819,1636
Michael_Phelps_,109654,698
Michael_Powell_,108635,669
Michael_Schumacher_,82402,374
Michael_Sullivan_,151510,1494
Michael_Winterbottom_,112122,753
Michel_Duclos_,105036,596
Michel_Temer_,106743,634
Michel_Therrien_,0,213
Michelle_Branch_,121386,950
Michelle_Collins_,0,214
Michelle_Kwan_,118651,893
Michelle_Pfeiffer_,123705,1004
Michelle_Rodriguez_,106716,632
Michelle_Yeoh_,127570,1102
Mick_Jagger_,114477,807
Miguel_Contreras_,164294,1594
Miguel_Estrada_,127410,1095
Mike_Babcock_,107448,646
Mike_Brey_,108536,665
Mike_Helton_,165423,1598
Mike_Holmgren_,154690,1534
Mike_Krzyzewski_,104761,591
Mike_Martz_,123754,1007
Mike_Miller_,116422,857
Mike_Montgomery_,0,215
Mike_Myers_,109737,700
Mike_Price_,126436,1064
Mike_Scioscia_,104865,595
Mike_Tyson_,0,216
Mike_Weir_,110797,721
Mikhail_Gorbachev_,0,217
Mikhail_Kasyanov_,114208,799
Mikhail_Wehbe_,119973,923
Mikhail_Youzhny_,139084,1314
Mikulas_Dzurinda_,108343,661
Milo_Djukanovic_,171004,1627
Milo_Maestrecampo_,136801,1280
Minnie_Driver_,0,218
Mireya_Moscoso_,114629,813
Miroljub_,0,219
Mitchell_Daniels_,0,220
Mitoji_Yabunaka_,168060,1611
Miyako_Miyazaki_,165996,1603
Mohamed_Benaissa_,150030,1474
Mohamed_ElBaradei_,123173,995
Mohammad_Khatami_,130170,1154
Mohammed_Al-Douri_,112189,755
Mohammed_Baqir_al-Hakim_,0,221
Monica_Bellucci_,116447,858
Monica_Lewinsky_,0,222
Monica_Seles_,99469,515
Monique_Garbrecht-Enfeldt_,121367,949
Morgan_Freeman_,0,223
Moshe_Katsav_,142576,1380
Muammar_Gaddafi_,105193,599
Muhammad_Ali_,150698,1480
Muhammad_Saeed_al-Sahhaf_,90806,427
Mukesh_Ambani_,0,224
Munir_Akram_,105730,619
Nabil_Shaath_,134513,1240
Nadia_Petrova_,161269,1578
Nadine_Vinzens_,0,225
Naji_Sabri_,139648,1323
Nan_Wang_,126431,1063
Nancy_Demme_,88592,405
Nancy_Pelosi_,145739,1423
Nancy_Reagan_,111821,743
Nancy_Sinatra_,0,226
Nanni_Moretti_,97566,498
Naomi_Campbell_,0,227
Naomi_Watts_,129775,1144
Naoto_Kan_,118641,892
Nasser_al-Kidwa_,175025,1646
Nastassia_Kinski_,0,228
Natalie_Cole_,0,229
Natalie_Coughlin_,102020,552
Natalie_Maines_,131068,1177
Natasha_McElhone_,147814,1444
Nathalie_Baye_,129853,1147
Nathan_Lane_,110115,708
Nebojsa_Pavkovic_,134199,1236
Nelson_Mandela_,0,230
Neri_Marcore_,165685,1600
Nestor_Kirchner_,102945,564
Nia_Vardalos_,109619,697
Nicanor_Duarte_Frutos_,170232,1622
Nicholas_Byron_,0,231
Nicholas_Tse_,142237,1373
Nick_Nolte_,124145,1020
Nicolas_Cage_,143031,1389
Nicolas_Escude_,92747,446
Nicolas_Lapentti_,151602,1496
Nicole_Kidman_,115972,848
Nikki_Reed_,171009,1628
Noah_Wyle_,113706,786
Noelle_Bush_,116945,868
Nora_Bendijo_,149342,1463
Norah_Jones_,120235,928
Norm_Coleman_,144478,1407
Norman_Jewison_,0,232
Norodom_Sihanouk_,51304,318
Nursultan_Nazarbayev_,141741,1366
OJ_Simpson_,130291,1156
Oleksandr_Moroz_,105755,620
Olesya_Bonabarenko_,65108,327
Olivia_Newton-John_,143005,1387
Omar_Sharif_,167374,1609
Oprah_Winfrey_,138461,1306
Orlando_Bloom_,123929,1014
Orrin_Hatch_,88858,410
Osama_bin_Laden_,121730,957
Oscar_De_La_Hoya_,0,233
Oscar_Elias_Biscet_,0,234
Oswaldo_Paya_,105328,604
Owen_Wilson_,0,235
Oxana_Fedorova_,149813,1468
Ozzy_Osbourne_,137750,1293
Padraig_Harrington_,119151,905
Pamela_Anderson_,118863,901
Paradorn_Srichaphan_,125773,1052
Paris_Hilton_,137339,1286
Parris_Glendening_,116093,851
Pascal_Lamy_,155323,1540
Pascal_Quignard_,97789,500
Pat_Burns_,0,236
Pat_Cox_,123116,992
Patrice_Chereau_,111531,734
Patricia_Clarkson_,122349,973
Patricia_Heaton_,105576,612
Patrick_Ewing_,0,237
Patrick_Leahy_,170745,1624
Patrick_McEnroe_,164134,1593
Patrick_Roy_,105445,608
Patrick_Stewart_,102680,558
Patti_Labelle_,98047,502
Patty_Schnyder_,98151,504
Paul-Henri_Mathieu_,126340,1061
Paul_Bremer_,110056,707
Paul_Burrell_,140254,1334
Paul_Byrd_,0,238
Paul_Coppin_,135721,1260
Paul_Gascoigne_,110962,724
Paul_Hogan_,105432,606
Paul_Kagame_,0,239
Paul_Martin_,64015.5,326
Paul_McCartney_,115459,834
Paul_McNulty_,0,240
Paul_ONeill_,105182,598
Paul_Patton_,66961,331
Paul_Pierce_,137644,1290
Paul_Sarbanes_,88151,401
Paul_Shanley_,130986,1172
Paul_Tagliabue_,99802,520
Paul_Wellstone_,147454,1440
Paul_William_Hurley_,0,241
Paul_Wolfowitz_,127827,1106
Paula_Radcliffe_,111451,732
Paula_Zahn_,100174,525
Paulo_Cesar_Pinheiro_,0,242
Pedro_Almodovar_,136913,1282
Pedro_Malan_,122782,985
Pedro_Solbes_,168509,1614
Penelope_Ann_Miller_,0,243
Penelope_Cruz_,142819,1384
Pervez_Musharraf_,76890,351
Pete_Carroll_,119826,919
Pete_Rose_,119841,921
Pete_Sampras_,90620,424
Peter_Arnett_,70594,334
Peter_Bacanovic_,0,244
Peter_Costello_,0,245
Peter_Greenaway_,89941,421
Peter_Harrison_,158844,1563
Peter_Hillary_,113522,782
Peter_Struck_,118615,891
Petria_Thomas_,0,246
Petro_Symonenko_,97660,499
Phan_Van_Khai_,0,247
Phil_Gramm_,127024,1086
Phil_Mickelson_,139607,1321
Phil_Vassar_,147917,1446
Philippe_Noiret_,0,248
Pierce_Brosnan_,112208,756
Pierre_Boulanger_,98626.7,508
Pierre_Pettigrew_,127849,1108
Placido_Domingo_,83594,381
Prince_Charles_,74892,348
Prince_Claus_,0,249
Prince_Edward_,104327,584
Prince_Harry_,89335,414
Prince_Naruhito_,112863,770
Prince_Willem-Alexander_,106120,624
Prince_William_,0,250
Princess_Aiko_,72114,337
Princess_Anne_,143507,1398
Princess_Caroline_,160489,1574
Princess_Elisabeth_,90281.7,422
Princess_Masako_,0,251
Priscilla_Owen_,0,252
Priscilla_Presley_,0,253
Pupi_Avati_,103634,576
Queen_Beatrix_,91884,434
Queen_Elizabeth_II_,176756,1653
Queen_Latifah_,111622,737
Queen_Rania_,122381,974
Rachel_Griffiths_,150312,1477
Rachel_Hunter_,101954,551
Rafael_Ramirez_,139444,1320
Raghad_Saddam_Hussein_,101912,549
Rainer_Schuettler_,129163,1134
Ralf_Schumacher_,122548,979
Ralph_Firman_,96426.5,482
Ralph_Klein_,0,254
Ralph_Lauren_,0,255
Ranil_Wickremasinghe_,129750,1143
Raoul_Ruiz_,92978,450
Raquel_Welch_,110217,713
Ray_Allen_,116881,865
Ray_Nagin_,104559,587
Ray_Romano_,121753,962
Raymond_Odierno_,111812,742
Rebecca_Romijn-Stamos_,81035,368
Rebekah_Chantay_Revels_,132802,1208
Recep_Tayyip_Erdogan_,110305,715
Reese_Witherspoon_,105418,605
Reggie_Miller_,0,256
Renee_Zellweger_,101132,539
Ricardo_Lagos_,137855,1295
Ricardo_Lopez_Murphy_,0,257
Ricardo_Maduro_,73679,342
Ricardo_Monasterio_,66418,330
Ricardo_Sanchez_,84438,384
Rich_Gannon_,119872,922
Richard_Armitage_,94386,465
Richard_Branson_,184868,1665
Richard_Butler_,0,258
Richard_Crenna_,112500,761
Richard_Gephardt_,152027,1500
Richard_Gere_,170855,1625
Richard_Haass_,105271,602
Richard_Krajicek_,123312,1000
Richard_Myers_,105081,597
Richard_Norton-Taylor_,137950,1297
Richard_Sambrook_,109573,695
Richard_Shelby_,102986,565
Richard_Virenque_,128594,1117
Richie_Adubato_,110429,717
Rick_Barnes_,106572,630
Rick_Carlisle_,114894,818
Rick_Dinse_,100321,527
Rick_Perry_,178177,1656
Rick_Pitino_,120214,927
Rick_Romley_,158154,1558
Rick_Santorum_,119457,909
Rick_Stansbury_,146458,1430
Rick_Wagoner_,129245,1135
Ricky_Barnes_,0,259
Ricky_Martin_,119675,917
Ricky_Ponting_,150074,1475
Rio_Ferdinand_,118329,885
Rita_Grande_,140779,1348
Rita_Moreno_,105672,617
Rita_Wilson_,175998,1650
Rob_Lowe_,115638,839
Rob_Marshall_,119115,903
Rob_Schneider_,121111,944
Robbie_Fowler_,0,260
Robbie_Williams_,0,261
Robby_Ginepri_,113807,792
Robert_Blackwill_,0,262
Robert_Blake_,133667,1225
Robert_Bonner_,139130,1315
Robert_Bullock_,116205,854
Robert_DeFraites_,0,263
Robert_De_Niro_,152858,1511
Robert_Duvall_,135444,1255
Robert_Ehrlich_,107476,647
Robert_Evans_,128099,1111
Robert_Fico_,138944,1311
Robert_Horan_,151325,1490
Robert_Kocharian_,127192,1088
Robert_Mueller_,133825,1229
Robert_Mugabe_,0,264
Robert_Redford_,131825,1194
Robert_Stack_,142456,1379
Robert_Torricelli_,134805,1247
Robert_Witt_,80074,362
Robert_Zoellick_,131833,1195
Roberto_Benigni_,0,265
Roberto_Carlos_,127011,1085
Roberto_Marinho_,133087,1214
Robin_Cook_,0,266
Robin_McLaurin_Williams_,0,267
Robinson_Stevenin_,106274,625
Rod_Blagojevich_,100795,532
Rod_Stewart_,131677,1191
Rodrigo_Borja_,128202,1112
Roger_Clemens_,99363,513
Roger_Federer_,128805,1123
Roger_Moore_,126678,1070
Rogerio_Romero_,0,268
Roh_Moo-hyun_,80373,365
Rolandas_Paksas_,0,269
Rolf_Eckrodt_,84899,385
Roman_Polanski_,124194,1022
Romano_Prodi_,127255,1090
Ron_Dittemore_,70754,335
Ron_Howard_,104847,592
Ronald_Reagan_,0,270
Ronaldo_Luis_Nazario_de_Lima_,95022,471
Roseanne_Barr_,148992,1460
Rosemarie_Stack_,106786,636
Roy_Jones_Jr_,0,271
Roy_Moore_,121734,958
Roy_Williams_,130600,1164
Ruben_Studdard_,185153,1666
Rubens_Barrichello_,132549,1203
Rudolph_Giuliani_,136321,1271
Rupert_Grint_,63743,325
Rupert_Murdoch_,136691,1279
Russell_Coutts_,0,272
Russell_Crowe_,110717,720
Russell_Simmons_,108258,659
Ruth_Dreifuss_,0,273
Ruth_Harlow_,0,274
S_Jayakumar_,114121,796
Saburo_Kawabuchi_,0,275
Sachiko_Yamada_,0,276
Saddam_Hussein_,132867,1209
Sadie_Frost_,89844.5,419
Saeb_Erekat_,0,277
Sally_Field_,91730,432
Sally_Kirkland_,124711,1035
Sally_Ride_,88858,411
Salma_Hayek_,120426,933
Salman_Rushdie_,146316,1427
Sam_Bith_,133916,1230
Sam_Mendes_,109115,683
Sam_Torrance_,131591,1189
Samira_Makhmalbaf_,136341,1272
Sammy_Sosa_,0,278
Samuel_Waksal_,128935,1128
Sandra_Bullock_,115676,841
Saparmurat_Niyazov_,144540,1409
Sarah_Hughes_,116587,862
Sarah_Jessica_Parker_,126799,1075
Sarah_Michelle_Gellar_,73225,339
Scott_McClellan_,124099,1018
Scott_McNealy_,81854,372
Scott_Peterson_,107761,651
Scott_Ritter_,183409,1661
Scott_Rudin_,102943,563
Scott_Sullivan_,115721,843
Scott_Wolf_,172108,1635
Sean_Astin_,140879,1350
Sean_Hayes_,112744,763
Sean_OKeefe_,115409,832
Sean_Patrick_OMalley_,141097,1357
Sean_Penn_,126855,1077
Sebastian_Saja_,171383,1632
Sebastien_Grosjean_,106286,626
Sepp_Blatter_,118201,883
Serena_Williams_,129001,1131
Sergei_Ivanov_,131562,1187
Sergey_Lavrov_,154832,1535
Sergio_Garcia_,0,279
Sergio_Vieira_De_Mello_,101822,548
Shane_Mosley_,146546,1431
Shane_Warne_,110392,716
Shannon_OBrien_,134414,1239
Sharon_Davis_,118149,882
Sharon_Frey_,101714,544
Sharon_Osbourne_,0,280
Sharon_Stone_,177733,1654
Shaukat_Aziz_,115052,826
Shaul_Mofaz_,97222,490
Sheila_Copps_,133428,1220
Sheila_Fraser_,129048,1132
Sheila_Wellstone_,140950,1353
Sheryl_Crow_,145101,1415
Shia_LaBeouf_,143604,1400
Shimon_Peres_,100501,528
Sila_Calderon_,124430,1029
Silvan_Shalom_,113045,776
Silvia_Farina_Elia_,68271,332
Silvio_Berlusconi_,111923,745
Silvio_Fernandez_,0,281
Simon_Cowell_,0,282
Slobodan_Milosevic_,105652,615
Sonia_Gandhi_,0,283
Sophia_Loren_,154097,1525
Sourav_Ganguly_,109757,702
Spencer_Abraham_,129407,1139
Stacy_Dragila_,98764,511
Stan_Heath_,88259,402
Stanley_McChrystal_,73769,343
Stanley_Tong_,138358,1305
Stefano_Accorsi_,0,284
Steffi_Graf_,133111,1215
Stellan_Skarsgard_,0,285
Stephen_Ambrose_,131021,1174
Stephen_Daldry_,111688,738
Stephen_Friedman_,0,286
Steve_Backley_,0,287
Steve_Ballmer_,121693,954
Steve_Lavin_,153153,1515
Steve_Mariucci_,123321,1001
Steve_Nash_,106510,628
Steve_Park_,140222,1332
Steve_Spurrier_,131389,1183
Steve_Waugh_,109255,688
Steven_Hatfill_,132059,1197
Steven_Seagal_,121926,964
Steven_Spielberg_,91077,430
Stockard_Channing_,0,288
Strom_Thurmond_,108261,660
Sue_Wicks_,132962,1212
Surakait_Sathirathai_,0,289
Susan_Collins_,111547,736
Susan_Sarandon_,120201,926
Susie_Castillo_,160313,1572
Susilo_Bambang_Yudhoyono_,151430,1493
Suzanne_Gaudet_,130032,1150
Svetlana_Koroleva_,0,290
Sylvester_Stallone_,112711,762
Taha_Yassin_Ramadan_,93310,452
Takashi_Sorimachi_,65547,329
Tamara_Brooks_,122512,977
Tammy_Lynn_Michaels_,136616,1277
Tang_Jiaxuan_,146366,1428
Tariq_Aziz_,167030,1607
Tassos_Papadopoulos_,120096,924
Taufik_Hidayat_,150933,1483
Ted_Maher_,144897,1413
Terje_Roed-Larsen_,135172,1252
Terrell_Suggs_,185258,1667
Terry_McAuliffe_,98667,510
Terry_Stotts_,90944,428
Thabo_Mbeki_,0,291
Thaksin_Shinawatra_,122653,983
Theo_Epstein_,107007,637
Theodore_Tweed_Roosevelt_,128523,1116
Theresa_May_,110839,722
Thierry_Falise_,128912,1127
Thomas_Birmingham_,0,292
Thomas_Bjorn_,120906,938
Thomas_Fargo_,157035,1548
Thomas_Malchow_,117261,871
Thomas_OBrien_,123519,1003
Thomas_Rupprath_,147454,1441
Thomas_Wyman_,138343,1304
Tiger_Woods_,162007,1582
Tim_Allen_,131233,1182
Tim_Chapman_,0,293
Tim_Conway_,141349,1360
Tim_Curry_,92942,448
Tim_Duncan_,0,294
Tim_Floyd_,123776,1008
Tim_Henman_,141727,1365
Tim_Robbins_,142206,1372
Tippi_Hedren_,0,295
Todd_Haynes_,148503,1454
Tom_Brady_,116578,861
Tom_Coverdale_,109365,692
Tom_Craddick_,95893.5,475
Tom_Crean_,145873,1425
Tom_Cruise_,115128,827
Tom_Daschle_,140691,1344
Tom_Glavine_,0,296
Tom_Hanks_,161389,1579
Tom_Harkin_,114336,803
Tom_Jones_,0,297
Tom_Reilly_,140615,1341
Tom_Ridge_,115923,847
Tom_Watson_,159672,1566
Tommy_Franks_,92704,444
Tommy_Haas_,99962,522
Tommy_Robredo_,101445,542
Tommy_Thompson_,108766,673
Tomoko_Hagiwara_,0,298
Toni_Braxton_,126827,1076
Tony_Bennett_,109945,703
Tony_Blair_,120972,939
Tony_Curtis_,165969,1602
Tony_Parker_,157685,1553
Tony_Shalhoub_,92721,445
Tony_Stewart_,156324,1544
Torri_Edwards_,147401,1439
Toshihiko_Fukui_,144228,1405
Tracee_Ellis_Ross_,127415,1096
Tracy_McGrady_,0,299
Trent_Lott_,82752,377
Tsutomu_Takebe_,72349,338
Tubby_Smith_,109743,701
Tung_Chee-hwa_,140767,1346
Tyler_Hamilton_,130276,1155
Tyra_Banks_,0,300
Tyron_Garner_,85318,389
Uma_Thurman_,129123,1133
Vaclav_Havel_,141050,1355
Vaclav_Klaus_,87737,399
Valdas_Adamkus_,142332,1375
Valentino_Rossi_,0,301
Valerie_Harper_,0,302
Valery_Giscard_dEstaing_,94363,464
Vanessa_Incontrada_,89072,413
Vanessa_Redgrave_,145423,1418
Vanessa_Williams_,101717,545
Venus_Williams_,124290,1025
Vicente_Fernandez_,161903,1581
Vicente_Fox_,114444,806
Vicki_Zhao_Wei_,0,303
Victoria_Beckham_,127506,1099
Victoria_Clarke_,107789,652
Vidar_Helgesen_,118809,897
Vin_Diesel_,122421,976
Vince_Carter_,126515,1066
Vince_Gill_,153782,1520
Vincent_Brooks_,154230,1529
Vincent_Gallo_,0,304
Vitali_Klitschko_,107044,639
Vivica_Fox_,136166,1268
Vladimir_Putin_,98249,505
Vladimir_Spidla_,119609,915
Vladimir_Voltchkov_,98260,506
Vladimiro_Montesinos_,0,305
Vojislav_Kostunica_,128896,1126
Walter_Mondale_,116833,864
Wang_Yi_,0,306
Wang_Yingfan_,118526,890
Warren_Beatty_,0,307
Warren_Buffett_,127764,1105
Wayne_Ferreira_,92356,438
Wayne_Gretzky_,133585,1222
Wen_Jiabao_,173089,1637
Wesley_Clark_,111724,739
Will_Smith_,0,308
William_Bratton_,0,309
William_Bulger_,107086,641
William_Burns_,0,310
William_Donaldson_,95686,474
William_Ford_Jr_,103207,568
William_Hochul_,115279,829
William_Macy_,141697,1364
William_Martin_,0,311
William_Rehnquist_,0,312
Win_Aung_,117505,874
Winona_Ryder_,79015,357
Wolfgang_Schuessel_,0,313
Woody_Allen_,135642,1258
Wu_Yi_,175806,1649
Xanana_Gusmao_,123216,996
Xavier_Malisse_,131716,1192
Yann_Martel_,140585,1339
Yao_Ming_,101253,540
Yasar_Yakis_,132527,1202
Yashwant_Sinha_,156654,1545
Yasser_Arafat_,154200,1527
Yevgeny_Kafelnikov_,130985,1171
Yoko_Ono_,112784,766
Yoriko_Kawaguchi_,130163,1153
Yossi_Beilin_,0,314
Yu_Shyi-kun_,0,315
Yukiko_Okudo_,0,316
Yuri_Fedotov_,0,317
Yuri_Malenchenko_,174887,1645
Zafarullah_Khan_Jamali_,83083,380
Zarai_Toledo_,112309,758
Zhang_Wenkang_,127420,1097
Zhang_Ziyi_,121316,947
Zhu_Rongji_,162640,1586
Zico_,133666,1224
Zinedine_Zidane_,118859,900
Zoran_Djindjic_,159722,1568
