Name,Scores,Corelation Ranks
,,,
,,,
Aaron_Peirsol_,0.979076,1469
Aaron_Sorkin_,1.08437,1604
Abdel_Nasser_Assidi_,0.580609,264
Abdoulaye_Wade_,0.702805,635
Abdullah_,0.554395,217
Abdullah_Gul_,0.792792,923
Abdullah_al-Attiyah_,1.04247,1569
Abdullatif_Sener_,0.438204,40
Abel_Pacheco_,0.986301,1484
Abid_Hamid_Mahmud_Al-Tikriti_,0.851779,1107
Adam_Sandler_,1.01842,1539
Adam_Scott_,0.784972,895
Adel_Al-Jubeir_,0.785688,899
Adolfo_Aguilar_Zinser_,0.876522,1168
Adolfo_Rodriguez_Saa_,0.856835,1121
Adrian_McPherson_,1.07558,1596
Adrian_Nastase_,0.405743,26
Adrien_Brody_,0.724572,698
Ahmad_Masood_,0.709082,652
Ahmed_Chalabi_,0.557386,221
Ahmet_Necdet_Sezer_,0.929844,1344
Ai_Sugiyama_,0.972215,1448
Aicha_El_Ouafi_,0.723263,693
Aitor_Gonzalez_,0.98846,1488
Akbar_Hashemi_Rafsanjani_,0.464817,64
Akhmed_Zakayev_,0.485004,87
Al_Davis_,0.607861,341
Al_Gore_,0.872285,1158
Al_Pacino_,0.707036,641
Al_Sharpton_,0.607764,340
Alan_Ball_,0.810634,980
Alan_Greenspan_,0.671155,528
Alan_Mulally_,0.628556,392
Alastair_Campbell_,1.16249,1645
Albert_Costa_,1.02843,1548
Alberto_Fujimori_,0.807593,969
Alberto_Ruiz_Gallardon_,0.600732,319
Albrecht_Mentz_,0.950117,1385
Aldo_Paredes_,0.916298,1293
Alec_Baldwin_,0.500247,110
Alejandro_Atchugarry_,0.426994,32
Alejandro_Avila_,0.660851,501
Alejandro_Toledo_,0.582064,265
Aleksander_Kwasniewski_,0.474343,73
Alex_Barros_,0.582728,269
Alex_Penelas_,0.811181,983
Alex_Sink_,0.810477,979
Alexander_Downer_,0.525718,159
Alexander_Losyukov_,0.648505,460
Alexander_Rumyantsev_,0.732595,720
Alexandra_Stevenson_,0.948059,1379
Alexandra_Vodjanikova_,0.372904,11
Ali_Abbas_,0.869422,1151
Ali_Khamenei_,1.01468,1532
Ali_Naimi_,0.982795,1481
Alice_Fisher_,0.690346,587
Alicia_Silverstone_,0.996403,1501
Alimzhan_Tokhtakhounov_,0.956283,1407
Alison_Lohman_,0.602342,326
Allen_Iverson_,0.92456,1321
Allison_Janney_,0.782889,885
Allyson_Felix_,0.685261,571
Alvaro_Noboa_,1.00209,1511
Alvaro_Silva_Calderon_,0.547016,201
Alvaro_Uribe_,0.834067,1057
Amanda_Beard_,0.815006,998
Amanda_Bynes_,0.503626,115
Amanda_Coetzer_,0.892399,1220
Amber_Tamblyn_,0.889696,1209
Amelia_Vega_,0.464331,62
Amelie_Mauresmo_,1.22723,1667
Amer_al-Saadi_,0.511495,131
Amram_Mitzna_,0.71608,671
Ana_Guevara_,0.69006,585
Ana_Palacio_,0.599058,313
Anastasia_Myskina_,1.10845,1624
Anders_Ebbeson_,0.897786,1233
Anders_Fogh_Rasmussen_,0.692222,594
Andre_Agassi_,1.02299,1544
Andrei_Mikhnevich_,0.921828,1313
Andrew_Bunner_,0.837864,1071
Andrew_Cuomo_,0.976532,1462
Andrew_Niccol_,0.919564,1307
Andrew_Weissmann_,0.599337,315
Andy_Hebb_,1.09399,1615
Andy_Roddick_,0.954206,1402
Angela_Bassett_,0.64909,463
Angela_Lansbury_,0.763925,820
Angela_Merkel_,0.958162,1414
Angelina_Jolie_,0.676656,545
Angelo_Reyes_,1.04472,1572
Anibal_Ibarra_,0.807997,972
Ann_Veneman_,0.815144,999
Anna_Kournikova_,0.781874,881
Anna_Nicole_Smith_,0.459083,54
Anne_Krueger_,0.723699,696
Anne_McLellan_,0.818791,1007
Anneli_Jaatteenmaki_,0.970178,1438
Annette_Bening_,0.609737,347
Annette_Lu_,0.913999,1286
Anthony_Fauci_,1.03021,1551
Anthony_Hopkins_,0.661422,502
Anthony_LaPaglia_,0.605829,336
Antonio_Banderas_,0.693675,601
Antonio_Palocci_,0.712995,663
Antonio_Trillanes_,0.845482,1089
Antony_Leung_,0.818817,1008
Anwar_Ibrahim_,0.919864,1308
Arantxa_Sanchez-Vicario_,0.753899,783
Ari_Fleischer_,0.699227,613
Arianna_Huffington_,0.956809,1409
Ariel_Sharon_,0.309722,1
Arlen_Specter_,0.461401,56
Arminio_Fraga_,0.63391,409
Arnaud_Clement_,0.862578,1135
Arnold_Palmer_,1.03736,1562
Arnold_Schwarzenegger_,0.524872,156
Arnoldo_Aleman_,0.369162,9
Aron_Ralston_,0.483219,86
Arsinee_Khanjian_,0.981706,1477
Art_Hoffmann_,0.898512,1238
Art_Howe_,0.804829,959
Arturo_Gatti_,0.775061,860
Arye_Mekel_,0.97704,1464
Asa_Hutchinson_,0.530939,169
Ashanti_,0.83092,1047
Ashton_Kutcher_,0.614751,364
Atal_Bihari_Vajpayee_,0.924451,1320
Augustin_Calleri_,0.549093,206
Augusto_Pinochet_,0.770285,843
Augusto_Roa_Bastos_,0.774703,857
Aung_San_Suu_Kyi_,1.00893,1523
Azra_Akin_,0.713893,665
Barbara_Brezigar_,0.663856,511
Barbara_Walters_,0.975051,1456
Barbra_Streisand_,0.8706,1155
Barrett_Jackman_,0.387233,15
Barry_Alvarez_,0.663316,507
Barry_Zito_,0.91581,1292
Bashar_Assad_,1.09605,1616
Begum_Khaleda_Zia_,1.07752,1600
Ben_Affleck_,1.17633,1650
Ben_Curtis_,1.16387,1646
Ben_Glisan_,0.67389,536
Ben_Howland_,0.784092,890
Benazir_Bhutto_,1.10093,1620
Benjamin_Netanyahu_,0.866103,1141
Bernard_Landry_,0.609526,344
Bernard_Law_,0.926582,1329
Bernard_Lord_,0.546825,200
Bernardo_Segura_,0.864757,1138
Bertie_Ahern_,0.707634,646
Bertrand_Bonello_,0.992523,1498
Beth_Jones_,1.11347,1627
Betsy_Smith_,0.794433,930
Bijan_Darvish_,1.26507,1673
Bijan_Namdar_Zangeneh_,0.770415,845
Biljana_Plavsic_,0.678596,555
Bill_Belichick_,0.577908,258
Bill_Callahan_,0.979102,1470
Bill_Clinton_,0.425881,31
Bill_Frist_,0.851327,1106
Bill_Gates_,0.898306,1237
Bill_Graham_,0.802033,949
Bill_McBride_,0.648962,461
Bill_Nelson_,0.561039,229
Bill_Parcells_,0.665978,516
Bill_Paxton_,0.922183,1316
Bill_Simon_,0.78941,914
Bill_Sizemore_,0.792694,922
Billy_Crystal_,0.707619,645
Billy_Graham_,0.38859,16
Billy_Sollie_,0.677669,552
Binyamin_Ben-Eliezer_,0.872314,1159
Blythe_Danner_,0.659107,492
Blythe_Hartley_,0.898121,1235
Bo_Pelini_,0.651177,468
Bo_Ryan_,0.895327,1228
Bob_Beauprez_,0.839076,1072
Bob_Colvin_,0.952297,1393
Bob_Dole_,0.637705,425
Bob_Geldof_,0.733555,724
Bob_Graham_,0.537824,186
Bob_Hope_,0.732673,721
Bob_Huggins_,0.932957,1351
Bob_Stoops_,0.952911,1395
Bobby_Goldwater_,0.714576,666
Bobby_Robson_,0.890218,1211
Bode_Miller_,0.972769,1450
Bono_,0.78739,907
Boris_Becker_,0.699882,620
Boris_Berezovsky_,0.625565,382
Boris_Yeltsin_,0.672521,533
Brad_Garrett_,0.764204,823
Brad_Johnson_,0.834718,1061
Branko_Crvenkovski_,0.815843,1002
Brendan_Hansen_,0.755337,788
Brian_Cowen_,0.931241,1348
Brian_Griese_,0.640168,433
Brian_Heidik_,0.744084,762
Brian_Mulroney_,0.864838,1139
Brian_Wells_,0.884316,1194
Bridget_Fonda_,0.936684,1362
Bridgette_Wilson-Sampras_,0.597141,309
Brigitte_Boisselier_,0.876652,1170
Britney_Spears_,0.699688,617
Brooke_Shields_,0.422186,30
Bruce_Springsteen_,0.526203,161
Bruce_Van_De_Velde_,0.491397,95
Bruce_Weber_,0.849009,1097
Bud_Selig_,0.456483,53
Bulent_Ecevit_,0.903481,1259
Butch_Davis_,0.755657,791
Byron_Scott_,0.645515,448
Calista_Flockhart_,0.510194,130
Cameron_Diaz_,0.626481,386
Camilla_Parker_Bowles_,0.710562,657
Candice_Bergen_,0.525444,158
Candie_Kung_,0.850098,1102
Carl_Reiner_,0.699784,619
Carla_Del_Ponte_,0.844326,1084
Carla_Myers_,0.69941,615
Carlo_Ancelotti_,0.648183,458
Carlos_Bianchi_,0.884208,1193
Carlos_Ghosn_,1.01174,1528
Carlos_Manuel_Pruneda_,0.746251,767
Carlos_Menem_,0.504291,117
Carlos_Mesa_,0.574283,250
Carlos_Moya_,0.496482,102
Carlos_Ortega_,0.7063,640
Carlos_Quintanilla_Schmidt_,0.891275,1215
Carlos_Ruiz_,0.623232,377
Carlos_Vives_,0.672239,531
Carly_Fiorina_,0.615115,365
Carmen_Electra_,0.707217,643
Carol_Burnett_,0.430102,34
Carol_Moseley_Braun_,0.807066,968
Carolina_Kluft_,0.734695,730
Carolina_Moraes_,0.880946,1182
Caroline_Kennedy_,0.81921,1011
Carolyn_Dawn_Johnson_,0.84952,1100
Carrie-Anne_Moss_,0.968733,1435
Carson_Daly_,0.857316,1123
Carson_Palmer_,0.756439,796
Cate_Blanchett_,0.657875,488
Catherine_Deneuve_,0.647947,457
Catherine_Zeta-Jones_,0.552773,214
Cathy_Freeman_,0.943418,1369
Cecilia_Bolocco_,0.578639,259
Celine_Dion_,0.821276,1021
Celso_Amorim_,0.718565,682
Cesar_Gaviria_,0.747906,773
Cesar_Maia_,0.85702,1122
Chakib_Khelil_,0.506213,122
Chan_Gailey_,1.14703,1642
Chanda_Rubin_,0.756991,800
Chang_Dae-whan_,0.663633,508
Charles_Bronson_,0.901276,1252
Charles_Grassley_,0.916986,1297
Charles_Kartman_,1.18894,1653
Charles_Mathews_,1.33222,1677
Charles_Moose_,0.770221,842
Charles_Schumer_,0.765063,825
Charles_Taylor_,0.595084,301
Charlie_Zaa_,0.903987,1260
Charlotte_Rampling_,0.765185,826
Charlton_Heston_,0.65712,482
Chen_Liang_Yu_,0.427863,33
Chen_Shui-bian_,0.583703,271
Cherie_Blair_,0.784783,894
Chick_Hearn_,0.767254,834
Chita_Rivera_,0.823377,1027
Choi_Sung-hong_,0.601817,323
Chok_Tong_Goh_,0.912302,1281
Chris_Bell_,0.632725,405
Chris_Byrd_,0.707963,647
Chris_Cooper_,0.716572,674
Chris_Rock_,0.784319,891
Chris_Tucker_,0.567068,237
Christian_Fittipaldi_,0.696965,608
Christian_Longo_,0.521802,149
Christian_Wulff_,0.783067,887
Christina_Aguilera_,0.54595,198
Christine_Baumgartner_,0.544777,195
Christine_Ebersole_,0.756772,799
Christine_Gregoire_,0.530468,168
Christine_Todd_Whitman_,0.857667,1124
Christopher_Patten_,0.610225,350
Christopher_Reeve_,0.647856,456
Christopher_Walken_,0.692007,591
Chuck_Amato_,0.700747,624
Chuck_Yeager_,0.975454,1457
Chung_Mong-hun_,1.28378,1674
Chung_Mong-joon_,0.917196,1299
Cindy_Crawford_,0.594186,300
Cindy_Margolis_,0.548648,205
Ciro_Gomes_,0.905763,1262
Claire_Danes_,0.454134,50
Claire_Hentzen_,0.951627,1391
Claire_Leger_,1.21329,1661
Clara_Harris_,0.649576,467
Clare_Short_,0.898187,1236
Claudia_Pechstein_,1.00078,1509
Claudia_Schiffer_,0.643706,445
Clay_Aiken_,0.638305,426
Clint_Eastwood_,0.7208,684
Colin_Farrell_,0.587333,282
Colin_Jackson_,0.782135,883
Colin_Montgomerie_,0.832155,1053
Colin_Powell_,0.642068,440
Conan_OBrien_,0.586375,280
Conchita_Martinez_,1.04072,1564
Condoleezza_Rice_,0.787455,908
Constance_Marie_,0.561021,228
Coretta_Scott_King_,0.951046,1387
Corinne_Coman_,0.677126,549
Costas_Simitis_,0.789214,912
Courtney_Love_,0.852891,1108
Cristina_Fernandez_,0.56929,246
Cristina_Saralegui_,0.64701,455
Cruz_Bustamante_,0.83571,1065
Cyndi_Thompson_,0.884097,1192
Dai_Bachtiar_,0.754471,786
Daisy_Fuentes_,0.80025,945
Dalai_Lama_,0.871473,1157
Dale_Earnhardt_Jr_,0.667234,518
Damon_van_Dam_,1.00388,1515
Dan_Morales_,0.773965,854
Dan_Wheldon_,0.668572,523
Daniel_Day-Lewis_,0.990439,1492
Daniel_Radcliffe_,0.775852,863
Daniela_Hantuchova_,1.04164,1566
Darrell_Issa_,0.851176,1105
Darrell_Porter_,0.735711,733
Darren_Clarke_,0.699532,616
Daryl_Hannah_,0.613875,360
Dave_Campo_,0.657376,484
David_Anderson_,0.524003,153
David_Beckham_,0.746609,769
David_Bell_,0.739382,747
David_Caraway_,0.640588,435
David_Caruso_,0.738971,745
David_Coulthard_,0.689459,582
David_Dodge_,0.745381,765
David_Heyman_,0.862935,1137
David_Heymann_,0.630924,401
David_Hyde_Pierce_,0.76059,809
David_Kelley_,0.935935,1360
David_Leahy_,1.12094,1632
David_Myers_,0.627402,389
David_Nalbandian_,0.888568,1203
David_Spade_,1.13635,1637
David_Stern_,0.758098,803
David_Trimble_,0.505518,121
David_Wells_,1.05831,1585
David_Wolf_,0.582071,266
Dean_Barkley_,0.915114,1288
Debbie_Reynolds_,0.46599,66
Debra_Brown_,0.693254,599
Debra_Messing_,1.05619,1582
Demetrius_Ferraciu_,0.813238,988
Demi_Moore_,0.832396,1054
Denise_Johnson_,0.802951,954
Dennis_Erickson_,0.576032,256
Dennis_Hastert_,1.04613,1573
Dennis_Kozlowski_,0.893721,1226
Dennis_Kucinich_,0.51909,145
Dennis_Powell_,0.481216,82
Denzel_Washington_,0.664977,514
Derek_Jeter_,0.784666,893
Derek_Lowe_,1.11185,1626
Desiree_Lemosi_,1.0391,1563
Dexter_Jackson_,0.702496,633
Diana_Krall_,0.810447,978
Diana_Munz_,0.85667,1120
Diana_Taurasi_,0.890239,1212
Diane_Green_,0.739054,746
Dianne_Feinstein_,0.853247,1110
Dick_Cheney_,0.637597,424
Dick_Clark_,0.873333,1161
Dick_Latessa_,0.920703,1309
Dick_Vermeil_,0.979156,1471
Dino_de_Laurentis_,1.00516,1517
Dolly_Parton_,0.908496,1268
Dolma_Tsering_,0.692961,596
Dominik_Garcia-Lorido_,0.973336,1453
Dominique_de_Villepin_,0.604791,332
Don_Nickles_,0.767101,832
Don_Siegelman_,0.950546,1386
Donald_Evans_,0.394422,21
Donald_Fehr_,0.730821,715
Donald_Pettit_,0.534557,178
Donald_Rumsfeld_,0.831901,1050
Donatella_Versace_,0.757489,801
Donna_Shalala_,0.715008,668
Doris_Roberts_,0.787244,905
Doris_Schroeder_,0.658723,490
Dorthy_Moxley_,0.740316,751
Doug_Collins_,0.972185,1447
Doug_Duncan_,1.04341,1571
Doug_Melvin_,0.473263,72
Drew_Barrymore_,0.723342,694
Duane_Lee_Chapman_,0.692131,592
Dwayne_Johnson_,0.359588,8
Ed_Rosenthal_,0.995329,1500
Ed_Smart_,0.459403,55
Eddie_Sutton_,0.732127,718
Eddy_Merckx_,0.934415,1356
Edie_Falco_,0.519539,146
Edmund_Hillary_,0.959346,1415
Edmund_Stoiber_,0.891292,1216
Eduard_Shevardnadze_,0.507885,126
Eduardo_Duhalde_,0.973366,1454
Edward_James_Olmos_,0.603902,330
Edward_Kennedy_,0.604492,331
Edward_Lu_,0.659357,496
Edward_Norton_,0.953336,1399
Edward_Said_,1.05263,1581
Edwin_Edwards_,0.756707,798
Edwina_Currie_,0.408539,28
Eileen_Coparropa_,0.74316,759
Elena_Bovina_,0.930026,1345
Eliane_Karp_,0.592459,296
Elijah_Wood_,0.813328,990
Elin_Nordegren_,0.969944,1437
Elinor_Caplan_,0.873868,1163
Elisabeth_Schumacher_,0.695094,604
Elizabeth_Dole_,0.567131,238
Elizabeth_Hurley_,0.64194,439
Elizabeth_Shue_,1.03242,1554
Elizabeth_Smart_,0.589638,287
Elizabeth_Taylor_,0.83944,1074
Ellen_DeGeneres_,0.379237,13
Ellen_Engleman_,0.530022,166
Elsa_Zylberstein_,0.496565,104
Elton_John_,0.734106,727
Elvis_Presley_,0.858793,1127
Emanuel_Ginobili_,0.727003,706
Emile_Lahoud_,0.600484,317
Emily_Robison_,0.446172,47
Emma_Thompson_,1.02511,1545
Emma_Watson_,0.47139,70
Emmanuelle_Beart_,0.669458,526
Emmit_Smith_,0.945579,1375
Enrique_Bolanos_,0.696124,606
Eric_Clapton_,0.734291,728
Eric_Hinske_,0.803614,955
Eric_Robert_Rudolph_,0.799564,943
Eric_Rosser_,0.763526,819
Erik_Morales_,0.561782,231
Erika_Christensen_,0.75623,794
Erika_Harold_,0.826688,1034
Erin_Runnion_,1.00736,1520
Ernesto_Zedillo_,0.681166,561
Ernie_Els_,0.94127,1368
Ernie_Eves_,0.802058,950
Ernie_Fletcher_,0.476247,75
Ethan_Hawke_,0.900399,1247
Eunice_Barber_,0.991112,1493
Eva_Dimas_,0.5932,297
Evan_Rachel_Wood_,0.444553,46
Evander_Holyfield_,0.765668,827
Eve_Pelletier_,0.777149,869
Fabiola_Zuluaga_,1.01776,1538
Fabrice_Santoro_,1.21698,1663
Farouk_al-Sharaa_,0.959585,1417
Faye_Dunaway_,0.614673,362
Fayssal_Mekdad_,0.955188,1403
Federico_Trillo_,0.971059,1444
Felipe_Perez_Roque_,0.549603,208
Felix_Mantilla_,0.557928,222
Ferenc_Madl_,0.56836,243
Fernando_Gonzalez_,0.921353,1312
Fernando_Henrique_Cardoso_,0.568816,244
Fernando_Vargas_,0.625438,381
Fidel_Castro_,0.635937,413
Filippo_Inzaghi_,0.733179,723
Flavia_Delaroli_,0.53561,181
Flor_Montulo_,0.794739,932
Fran_Drescher_,0.601588,320
Frances_Fisher_,0.844598,1086
Francis_Ford_Coppola_,0.722893,692
Francis_George_,0.911031,1276
Francis_Mer_,0.918376,1303
Francisco_Flores_,1.2321,1668
Franco_Dragone_,0.901037,1251
Frank_Cassell_,0.853108,1109
Frank_Dunham_Jr_,0.534139,177
Frank_Griswold_,0.630198,398
Frank_Lautenberg_,0.849058,1098
Frank_Solich_,0.792936,925
Frank_Stallone_,0.992399,1496
Franko_Simatovic_,0.681932,562
Franz_Beckenbauer_,0.808913,974
Franz_Fischler_,0.970355,1440
Franz_Muentefering_,0.829356,1040
Fred_Eckhard_,0.572054,248
Fred_Funk_,0.636885,419
Fred_Thompson_,0.7895,915
Freddy_Garcia_,1.16498,1647
Fujio_Cho_,0.788759,910
GL_Peiris_,0.509827,129
Gabriel_Batistuta_,0.793241,927
Gabriel_Valdes_,1.03386,1558
Garry_Kasparov_,0.926409,1327
Garry_Trudeau_,0.350565,5
Gary_Bergeron_,0.916487,1295
Gary_Carter_,0.702433,632
Gary_Doer_,0.787366,906
Gary_Forsee_,0.879574,1180
Gary_Locke_,0.780132,876
Gary_Williams_,0.534074,176
Gary_Winnick_,0.823923,1028
Gene_Robinson_,0.625655,383
Geno_Auriemma_,0.760319,808
Geoff_Hoon_,0.778211,871
George_Brumley_,0.392323,19
George_Clooney_,0.658685,489
George_Foreman_,0.812233,985
George_Galloway_,0.630749,399
George_HW_Bush_,1.02799,1547
George_Karl_,0.625286,380
George_Lopez_,0.766414,829
George_P_Bush_,1.04194,1567
George_Papandreou_,0.595226,302
George_Pataki_,0.997936,1505
George_Robertson_,0.885491,1196
George_Roy_Hill_,0.928936,1337
George_Ryan_,0.890308,1213
George_Tenet_,0.831539,1048
George_Voinovich_,0.868986,1149
George_W_Bush_,0.574752,252
Georgi_Parvanov_,0.583813,272
Geraldine_Chaplin_,1.09675,1617
Gerard_Depardieu_,0.729094,710
Gerardo_Gambala_,1.19551,1657
Gerhard_Schroeder_,1.04994,1578
Gerry_Adams_,0.87763,1173
Gerry_Parsky_,0.749822,776
Gian_Marco_,0.358941,7
Gianna_Angelopoulos-Daskalaki_,0.505143,119
Gil_de_Ferran_,1.02269,1543
Gilberto_Rodriguez_Orejuela_,1.0293,1549
Gillian_Anderson_,0.582424,267
Gisele_Bundchen_,0.622454,375
Giuseppe_Gibilisco_,0.875389,1165
Glafcos_Clerides_,0.588314,283
Gloria_Allred_,0.982157,1479
Gloria_Macapagal_Arroyo_,0.887133,1201
Gloria_Trevi_,1.0109,1526
Goh_Kun_,0.900771,1248
Goldie_Hawn_,0.985477,1482
Gonzalo_Sanchez_de_Lozada_,0.96616,1427
Goran_Persson_,0.752575,780
Gordon_Brown_,0.758905,806
Gordon_Campbell_,0.701891,631
Grady_Irvin_Jr_,0.849769,1101
Grant_Hackett_,1.23968,1671
Gray_Davis_,0.593964,299
Greg_Gilbert_,0.646091,450
Greg_Ostertag_,0.506978,124
Greg_Owen_,0.961683,1420
Greg_Rusedski_,1.04936,1577
Gregg_Popovich_,1.01603,1534
Gregory_Geoffroy_,0.933062,1352
Gregory_Hines_,0.877481,1172
Gro_Harlem_Brundtland_,0.490906,93
Guido_Westerwelle_,0.630977,402
Guillaume_Soro_,0.867854,1145
Guillermo_Canas_,1.36378,1679
Guillermo_Coria_,0.85915,1130
Guillermo_Ortiz_,0.883191,1187
Gunter_Pleuger_,0.919236,1305
Gus_Van_Sant_,0.543369,193
Gustavo_Kuerten_,0.671674,529
Guy_Hemmings_,0.94096,1364
Guy_Ritchie_,0.546753,199
Gwendal_Peizerat_,0.486155,89
Gwyneth_Paltrow_,0.675182,540
Habib_Rizieq_,1.19377,1656
Hal_Gehman_,0.741542,754
Hal_Sutton_,0.913876,1285
Halle_Berry_,0.76094,812
Hamid_Karzai_,0.47134,69
Hamzah_Haz_,0.625134,379
Hanan_Ashrawi_,0.749343,775
Hannah_Stockbauer_,0.742857,758
Hans_Blix_,0.648267,459
Hans_Eichel_,0.638476,428
Harbhajan_Singh_,0.725781,702
Harrison_Ford_,0.585358,276
Harry_Belafonte_,0.819214,1012
Harry_Kalas_,0.462553,57
Harry_Schmidt_,0.878508,1176
Harvey_Weinstein_,0.824835,1029
Hashim_Thaci_,0.897994,1234
Hassan_Nasrallah_,0.730214,714
Hassan_Wirajuda_,0.928288,1335
Hayley_Tullett_,1.20387,1660
Heath_Ledger_,0.444146,45
Heather_Mills_,0.438308,41
Hector_Babenco_,0.922068,1314
Hee-Won_Han_,1.20108,1659
Heidi_Fleiss_,0.656244,479
Heidi_Klum_,0.610522,351
Heinz_Feldmann_,0.789023,911
Heizo_Takenaka_,0.695855,605
Helen_Clark_,0.875986,1167
Henrique_Meirelles_,0.842741,1079
Herb_Sendek_,0.975826,1459
Hermann_Maier_,0.953269,1397
Herta_Daeubler-Gmelin_,0.578829,262
Hichiro_Naemura_,0.716311,673
Hideki_Matsui_,0.922307,1317
Hilary_Duff_,0.79849,939
Hillary_Clinton_,0.66293,504
Hilmi_Ozkok_,1.0171,1536
Hipolito_Mejia_,0.60543,334
Hisao_Oguchi_,0.585174,275
Hitomi_Soga_,0.975834,1460
Holly_Hunter_,0.701662,630
Hootie_Johnson_,1.07934,1602
Horst_Koehler_,0.903268,1258
Hosni_Mubarak_,0.584012,273
Howard_Dean_,0.583168,270
Howard_Schultz_,0.542928,192
Howard_Smith_,0.746147,766
Hu_Jintao_,0.850423,1103
Hugh_Grant_,0.557026,219
Hugo_Chavez_,0.698986,611
Hun_Sen_,0.49478,100
Iain_Duncan_Smith_,0.58595,277
Ian_McKellen_,0.685607,573
Ian_Thorpe_,0.945285,1374
Iban_Mayo_,0.883606,1189
Ibrahim_Jaafari_,0.736706,738
Igor_Ivanov_,0.703906,637
Ilan_Ramon_,0.992209,1495
Imad_Moustapha_,0.656118,478
Inam-ul-Haq_,1.06072,1589
Inocencio_Arias_,0.889446,1207
Intisar_Ajouri_,0.736135,735
Isabella_Rossellini_,0.976276,1461
Isabelle_Huppert_,0.691682,590
Isaiah_Washington_,0.768428,840
Ishaq_Shahryar_,0.726405,704
Ismail_Merchant_,0.597719,311
Iva_Majoli_,0.965863,1426
JJ_Redick_,1.05829,1584
JK_Rowling_,0.553918,216
Jack_Grubman_,0.659346,495
Jack_Nicholson_,0.866771,1142
Jack_Straw_,0.740635,752
Jackie_Chan_,0.700825,626
Jacqueline_Obradors_,0.802323,952
Jacques_Chirac_,0.849079,1099
Jacques_Rogge_,0.95323,1396
Jada_Pinkett_Smith_,0.559732,224
Jake_Gyllenhaal_,0.896928,1232
James_Blake_,0.717138,676
James_Butts_,0.680545,560
James_Caan_,0.529682,165
James_Cameron_,1.20005,1658
James_Cunningham_,0.321591,2
James_Franco_,0.784994,896
James_Gandolfini_,0.599907,316
James_Ivory_,0.981855,1478
James_Jones_,0.904687,1261
James_Kelly_,0.870562,1154
James_Kopp_,0.834734,1062
James_Maguire_,0.617555,369
James_McGreevey_,1.06413,1592
James_Morris_,0.97879,1468
James_Parker_,0.854162,1113
James_Schultz_,0.640484,434
James_Smith_,0.911876,1278
James_Traficant_,0.613251,358
James_Wolfensohn_,0.534788,179
Jamie_Villafane_,0.496647,105
Jamling_Norgay_,0.663717,510
Jan-Michael_Gambill_,0.912637,1283
Jan_Ullrich_,0.743283,760
Jane_Fonda_,0.890077,1210
Jane_Kaczmarek_,0.773997,855
Jane_Pauley_,0.431193,35
Janet_Napolitano_,0.892632,1222
Janet_Thorpe_,0.953452,1400
Janica_Kostelic_,0.952755,1394
Jason_Alexander_,0.518388,143
Jason_Jennings_,1.04084,1565
Jason_Kidd_,0.798469,938
Jason_Lezak_,1.22367,1666
Javier_Solana_,0.95766,1413
Javier_Weber_,0.782129,882
Jay_Garner_,0.521996,150
Jay_Leno_,0.646546,453
Jay_Rasulo_,0.766405,828
Jayson_Williams_,0.642894,441
Jean-Claude_Braquet_,0.86766,1144
Jean-Claude_Juncker_,0.743905,761
Jean-Claude_Trichet_,0.717184,677
Jean-David_Levitte_,0.739785,748
Jean-Francois_Pontal_,0.688432,579
Jean-Marc_de_La_Sabliere_,1.13203,1635
Jean-Pierre_Raffarin_,0.777933,870
Jean-Sebastien_Giguere_,0.933274,1353
Jean_Brumley_,0.477982,78
Jean_Carnahan_,0.721421,687
Jean_Charest_,0.657154,483
Jean_Chretien_,0.856145,1118
Jeanne_Moreau_,0.4651,65
Jeb_Bush_,0.589422,286
Jeff_Van_Gundy_,0.582649,268
Jefferson_Perez_,0.927656,1333
Jeffrey_Archer_,0.844903,1088
Jeffrey_Immelt_,1.05201,1580
Jeffrey_Jones_,0.776873,868
Jeffrey_Scott_Postell_,0.973633,1455
Jelena_Dokic_,1.15834,1644
Jennifer_Aniston_,0.966858,1430
Jennifer_Capriati_,0.951322,1389
Jennifer_Connelly_,0.768091,839
Jennifer_Garner_,0.657731,485
Jennifer_Keller_,0.774905,858
Jennifer_Lopez_,0.673204,534
Jennifer_Reilly_,0.804119,957
Jennifer_Rodriguez_,0.813188,987
Jennifer_Thompson_,0.892317,1219
Jeong_Se-hyun_,0.573603,249
Jeremy_Greenstock_,0.612908,357
Jeremy_Shockey_,0.785085,897
Jerry_Falwell_,0.858469,1126
Jerry_Regier_,0.823108,1025
Jerry_Springer_,0.951721,1392
Jesse_Harris_,0.922155,1315
Jesse_Jackson_,0.970614,1443
Jesse_James_Leija_,0.997559,1502
Jesse_Ventura_,0.693148,598
Jessica_Alba_,0.814716,994
Jessica_Lange_,0.781572,879
Jessica_Lynch_,0.831633,1049
Jia_Qinglin_,0.636413,415
Jiang_Zemin_,0.981522,1476
Jim_Carrey_,0.892277,1218
Jim_Edmonds_,0.641769,438
Jim_Furyk_,1.12115,1633
Jim_Hahn_,0.689789,584
Jim_Harrick_,0.589187,285
Jim_OBrien_,0.827897,1037
Jim_Tressel_,1.04804,1575
Jimmy_Carter_,0.667819,521
Jimmy_Kimmel_,0.701571,629
Jiri_Novak_,0.579264,263
Jo_Dee_Messina_,0.793835,928
Joan_Claybrook_,0.968537,1433
Joan_Laporta_,0.786978,904
Job_Cohen_,0.669601,527
Jodie_Foster_,0.597602,310
Joe_Calzaghe_,0.522612,151
Joe_Dumars_,0.861815,1133
Joe_Gatti_,0.81499,997
Joe_Lieberman_,0.722401,690
Joe_Mantello_,0.383289,14
Joe_Nichols_,0.82594,1033
Joe_Torre_,0.91314,1284
Joerg_Haider_,0.844242,1083
John_Abizaid_,0.45632,52
John_Allen_Muhammad_,0.956965,1411
John_Ashcroft_,0.895905,1229
John_Banko_,0.769114,841
John_Blaney_,0.819345,1013
John_Bolton_,0.986514,1485
John_Brady_,0.853735,1111
John_Cusack_,0.889599,1208
John_Edwards_,0.69219,593
John_F_Kennedy_Jr_,0.771032,847
John_Garamendi_,0.674215,537
John_Howard_,0.839133,1073
John_Jumper_,0.865387,1140
John_Kerry_,0.925367,1325
John_Malkovich_,0.601613,321
John_Manley_,0.951247,1388
John_Mayer_,0.766935,830
John_McCain_,0.590743,292
John_McCallum_,0.854418,1114
John_McCormack_,0.977309,1465
John_McEnroe_,0.676075,543
John_Negroponte_,0.760843,810
John_Paul_II_,1.29432,1675
John_Reid_,0.762173,816
John_Reilly_,0.389624,17
John_Rigas_,1.03158,1552
John_Rosa_,0.570767,247
John_Rowland_,0.717257,678
John_Ruiz_,0.726904,705
John_Snow_,0.640806,437
John_Spencer_,0.767263,835
John_Stallworth_,0.789312,913
John_Stockton_,0.832801,1055
John_Swofford_,0.886804,1200
John_Taylor_,0.817481,1005
John_Timoney_,0.935309,1358
John_Travolta_,0.700634,622
John_Walsh_,0.737278,741
John_Warner_,0.909275,1271
John_Wolf_,0.69886,610
Johnny_Carson_,0.917069,1298
Johnny_Depp_,0.933924,1354
Johnny_Tapia_,0.524135,154
Johnny_Unitas_,0.479847,81
Johnson_Panjaitan_,0.622243,374
Jolanta_Kwasniewski_,0.602547,327
Jon_Corzine_,0.896539,1231
Jon_Gruden_,0.70941,653
Jon_Voight_,0.637028,422
Jonathan_Edwards_,1.07205,1595
Jonathan_Mostow_,0.53394,175
Jong_Thae_Hwa_,0.873327,1160
Jong_Wook_Lee_,0.970263,1439
Jorge_Arce_,0.858126,1125
Jorge_Batlle_,0.875785,1166
Jorge_Castaneda_,0.552579,213
Jorge_Rodolfo_Canicoba_Corral_,0.997624,1503
Jorge_Valdano_,0.674256,538
Joschka_Fischer_,0.87876,1177
Jose_Canseco_,0.770618,846
Jose_Dirceu_,0.535038,180
Jose_Manuel_Durao_Barroso_,0.648997,462
Jose_Maria_Aznar_,0.599156,314
Jose_Mourinho_,1.2189,1664
Jose_Sarney_,0.770285,844
Jose_Serra_,0.688454,580
Jose_Theodore_,0.934145,1355
Jose_Viegas_Filho_,0.883964,1191
Joseph_Biden_,0.944424,1371
Joseph_Blatter_,0.64072,436
Joseph_Deiss_,0.845903,1090
Joseph_Estrada_,0.810389,977
Joseph_Ralston_,1.34551,1678
Juan_Carlos_Ferrero_,0.815814,1001
Juan_Ignacio_Chela_,0.902559,1255
Juan_Manuel_Marquez_,0.799063,942
Juan_Pablo_Montoya_,1.08498,1606
Juan_Valencia_Osorio_,0.590666,291
Juanes_,0.936199,1361
Jude_Law_,0.464418,63
Judi_Dench_,0.596745,307
Judy_Genshaft_,0.813652,992
Juergen_Peters_,1.21996,1665
Julia_Tymoshenko_,0.906115,1263
Julianna_Margulies_,0.452582,49
Julianne_Moore_,0.982196,1480
Julie_Gerberding_,0.606029,337
Julie_Taymor_,0.899405,1245
Julio_Iglesias_Jr_,0.567456,241
Junichiro_Koizumi_,0.499296,108
Justin_Gatlin_,0.830513,1045
Justin_Guarini_,0.774422,856
Justin_Leonard_,0.598092,312
Justin_Timberlake_,0.955826,1406
Justine_Henin_,0.767547,836
Justine_Pasek_,0.704808,639
Kalpana_Chawla_,0.682156,563
Kamal_Kharrazi_,0.847173,1093
Karen_Mok_,0.659245,494
Karin_Stoiber_,0.750725,779
Kate_Capshaw_,0.877761,1175
Kate_Hudson_,0.621096,372
Kate_Winslet_,0.931061,1347
Katherine_Harris_,0.487482,90
Kathleen_Glynn_,0.547414,203
Kathleen_Kennedy_Townsend_,0.792828,924
Kathryn_Bigelow_,0.578658,260
Kathy_Winters_,0.932394,1350
Katie_Harman_,0.935631,1359
Keanu_Reeves_,0.639989,432
Keira_Knightley_,0.441719,44
Keith_Bogans_,0.926527,1328
Kelli_White_,0.855733,1117
Kelly_Clarkson_,0.537079,183
Kelvin_Sampson_,0.717081,675
Kemal_Dervis_,0.754395,784
Ken_Macha_,1.17372,1649
Ken_Watanabe_,0.758688,804
Kenneth_Bowersox_,0.848224,1095
Kenneth_Branagh_,0.656779,480
Kenneth_Evans_,0.436675,37
Kent_Rominger_,0.496251,101
Kevin_Costner_,0.349387,4
Kevin_Spacey_,0.791329,918
Kevin_Stallings_,0.858936,1129
Kieran_Prendergast_,0.531442,171
Kifah_Ajouri_,0.666509,517
Kiki_Vandeweghe_,0.8343,1058
Kim_Clijsters_,0.704002,638
Kim_Dae-jung_,0.591078,293
Kim_Jin-sun_,0.737379,743
Kim_Jong-Il_,0.538405,187
Kim_Ryong-sung_,0.437245,38
Kim_Yong-il_,1.25254,1672
Kimi_Raikkonen_,0.6837,566
King_Abdullah_II_,0.778228,872
Kirk_Ferentz_,0.876624,1169
Kirk_Johnson_,0.920999,1310
Kjell_Magne_Bondevik_,0.761358,815
Klaus_Zwickel_,0.540544,191
Kobe_Bryant_,0.916729,1296
Kofi_Annan_,0.802811,953
Kosuke_Kitajima_,0.902367,1254
Kristanna_Loken_,0.858896,1128
Kristen_Breitweiser_,0.762292,817
Kristin_Davis_,0.513046,139
Kurt_Busch_,1.11398,1628
Kurt_Russell_,0.901025,1250
Kurt_Warner_,0.801366,947
Kwon_Yang-sook_,0.553372,215
LK_Advani_,0.725857,703
Laila_Ali_,0.854538,1115
Lana_Clarkson_,0.831995,1051
Lance_Armstrong_,0.667864,522
Lance_Bass_,0.916334,1294
Larry_Bowa_,0.702643,634
Larry_Brown_,1.032,1553
Larry_Coker_,0.472798,71
Larry_Ellison_,1.05792,1583
Larry_Johnson_,0.699328,614
Larry_Lindsey_,0.820685,1019
Larry_Lucchino_,0.700954,627
Larry_Thompson_,0.683215,565
Lars_Von_Trier_,0.678349,554
Latrell_Sprewell_,0.669067,524
Laura_Bush_,0.792296,921
Laura_Hernandez_,0.6152,366
Laura_Linney_,0.806459,967
Lauren_Hutton_,0.646848,454
Lauren_Killian_,0.846831,1092
Laurent_Gbagbo_,0.918201,1301
Laurent_Jalabert_,1.03321,1556
Lawrence_MacAulay_,0.922869,1318
LeAnn_Rimes_,0.509741,128
LeBron_James_,0.562036,233
Lea_Fastow_,0.78164,880
Leander_Paes_,0.595694,303
Lech_Walesa_,0.659207,493
Lee_Hoi-chang_,0.735444,731
Lee_Jun_,0.72344,695
Lee_Soo-hyuck_,1.21389,1662
Lee_Tae-sik_,0.47666,76
Leland_Chapman_,0.946038,1376
Len_Jenoff_,0.97871,1467
Lennox_Lewis_,0.636345,414
Lenny_Wilkens_,0.873533,1162
Leon_LaPorte_,0.6673,519
Leonard_Hamilton_,0.859826,1131
Leonardo_DiCaprio_,0.638463,427
Leonid_Kuchma_,0.797355,936
Lesley_McCulloch_,1.30764,1676
Leslie_Ann_Woodward_,0.651849,471
Leslie_Caldwell_,1.19216,1654
Leslie_Moonves_,0.391681,18
Leszek_Miller_,0.439868,42
Li_Peng_,0.867422,1143
Li_Zhaoxing_,0.67871,557
Liam_Neeson_,0.787846,909
Lili_Taylor_,0.677588,550
Lily_Tomlin_,0.558538,223
Lim_Dong-won_,0.964264,1423
Lina_Krasnoroutskaya_,1.15342,1643
Lindsay_Benko_,0.968591,1434
Lindsay_Davenport_,0.924334,1319
Lindsey_Graham_,0.438021,39
Lino_Oviedo_,0.800837,946
Lionel_Richie_,0.773367,851
Lisa_Gottsegen_,0.653798,473
Lisa_Ling_,0.655771,477
Lisa_Marie_Presley_,0.728553,709
Lisa_Raymond_,1.08569,1607
Liu_Mingkang_,0.980411,1473
Liza_Minnelli_,0.463439,58
Lleyton_Hewitt_,0.966815,1429
Lloyd_Ward_,0.775373,862
Lon_Kruger_,0.819423,1015
Lord_Hutton_,0.794141,929
Lou_Piniella_,0.633378,407
Luciano_Pavarotti_,0.707278,644
Lucio_Gutierrez_,0.627962,390
Lucy_Liu_,0.636815,417
Ludivine_Sagnier_,0.918628,1304
Luis_Ernesto_Derbez_Bautista_,0.67602,542
Luis_Figo_,0.948833,1382
Luis_Gonzalez_Macchi_,0.551632,212
Luis_Horna_,0.797839,937
Luiz_Felipe_Scolari_,0.89931,1244
Luiz_Inacio_Lula_da_Silva_,0.527146,162
Luke_Walton_,0.72998,713
Lyle_Vanclief_,0.907172,1265
Lynn_Abraham_,0.72549,700
Lynn_Redgrave_,0.961263,1419
Lynne_Cheney_,0.911138,1277
Mack_Brown_,0.910219,1275
Madeleine_Albright_,0.78635,902
Madonna_,0.499735,109
Magdalena_Maleeva_,0.821304,1022
Maggie_Smith_,0.884445,1195
Magui_Serna_,0.883544,1188
Mahathir_Mohamad_,0.493595,98
Mahmoud_Abbas_,0.557372,220
Makhdoom_Amin_Fahim_,0.888789,1204
Manfred_Stolpe_,0.917556,1300
Manuel_Poggiali_,1.09371,1614
Marat_Safin_,1.10587,1621
Marc-Andre_Fleury_,1.17774,1651
Marc_Grossman_,0.660643,500
Marcelo_Ebrard_,0.481226,83
Marcelo_Rios_,0.646398,452
Marcelo_Salas_,0.988588,1489
Marco_Antonio_Barrera_,0.526031,160
Marcus_Gronholm_,0.634768,411
Margaret_Thatcher_,0.630751,400
Maria_Luisa_Mendonca_,0.885665,1197
Maria_Shriver_,0.592096,295
Maria_Soledad_Alvear_Valenzuela_,0.844713,1087
Mariah_Carey_,0.929447,1339
Mariana_Pollack_,0.600718,318
Mariangel_Ruiz_Torrealba_,0.674268,539
Marie-Reine_Le_Gougne_,0.737747,744
Marieta_Chrousala_,0.764109,821
Marilyn_Monroe_,1.04875,1576
Marina_Anissina_,0.577211,257
Mario_Cipollini_,0.781218,878
Mario_Dumont_,0.56715,239
Mario_Kreutzberger_,0.834944,1063
Marisa_Tomei_,0.405538,25
Marissa_Jaret_Winokur_,0.722138,689
Mark_Cuban_,0.6594,497
Mark_Dacey_,1.0371,1561
Mark_Geragos_,0.533125,173
Mark_Gottfried_,0.949623,1383
Mark_Hamister_,1.01377,1529
Mark_Heller_,0.591195,294
Mark_Hurlbert_,0.919244,1306
Mark_Philippoussis_,0.976652,1463
Mark_Richt_,0.703156,636
Mark_Schweiker_,0.741286,753
Mark_Wahlberg_,1.19226,1655
Mark_Warner_,0.782975,886
Markus_Naslund_,0.69051,588
Marlene_Weingartner_,1.10897,1625
Martha_Beatriz_Roque_,0.980847,1474
Martha_Bowen_,0.736235,736
Martha_Burk_,0.868613,1147
Martha_Lucia_Ramirez_,0.805167,963
Martha_Stewart_,0.689785,583
Martin_Brodeur_,0.407891,27
Martin_Cauchon_,0.947249,1377
Martin_Hoellwarth_,0.755877,792
Martin_McCauley_,0.941115,1366
Martin_McGuinness_,0.953311,1398
Martin_Scorsese_,0.929597,1341
Martin_Sheen_,0.696432,607
Martin_Verkerk_,0.776095,865
Martina_Hingis_,1.09199,1612
Martina_McBride_,0.657001,481
Marty_Mornhinweg_,0.531653,172
Marwan_Barghouthi_,0.753388,782
Mary-Kate_Olsen_,0.631273,403
Mary_Carey_,0.97326,1451
Mary_Landrieu_,0.969921,1436
Mary_Steenburgen_,0.746327,768
Mary_Tyler_Moore_,0.501741,114
Masahiko_Nagasawa_,0.736046,734
Masum_Turker_,0.924798,1322
Mathias_Reichhold_,0.657775,486
Matt_Damon_,0.78543,898
Matt_Dillon_,0.563811,236
Matt_Doherty_,0.925495,1326
Matthew_Broderick_,0.72761,707
Matthew_Perry_,0.377462,12
Maureen_Fanning_,0.636897,420
Max_Mayfield_,0.964752,1424
Megan_Mullally_,0.628469,391
Megawati_Sukarnoputri_,0.830121,1042
Meghann_Shaughnessy_,1.07566,1597
Mel_Brooks_,1.06637,1593
Mel_Gibson_,0.805159,962
Melanie_Griffith_,0.6102,349
Melissa_Etheridge_,0.931555,1349
Meryl_Streep_,0.817045,1004
Mesut_Yilmaz_,0.832112,1052
Mian_Khursheed_Mehmood_Kasuri_,0.65234,472
Michael_Ballack_,0.805355,964
Michael_Bloomberg_,0.725321,699
Michael_Caine_,0.970429,1442
Michael_Capellas_,1.01663,1535
Michael_Chang_,1.08802,1610
Michael_Chiklis_,0.684185,568
Michael_Douglas_,0.5279,163
Michael_J_Sheehan_,0.609874,348
Michael_Jackson_,0.682648,564
Michael_Jordan_,0.805067,961
Michael_Keaton_,0.662677,503
Michael_Kostelnik_,0.601708,322
Michael_Leavitt_,0.538463,188
Michael_Moore_,0.677617,551
Michael_Patrick_King_,0.972102,1446
Michael_Phelps_,0.940976,1365
Michael_Powell_,0.742089,756
Michael_Schumacher_,0.559794,225
Michael_Sullivan_,0.903055,1256
Michael_Winterbottom_,0.908954,1270
Michel_Duclos_,1.09293,1613
Michel_Temer_,1.14192,1640
Michel_Therrien_,0.955594,1404
Michelle_Branch_,0.807903,971
Michelle_Collins_,0.762804,818
Michelle_Kwan_,0.714797,667
Michelle_Pfeiffer_,0.778599,873
Michelle_Rodriguez_,0.893148,1224
Michelle_Yeoh_,0.520145,148
Mick_Jagger_,0.88174,1184
Miguel_Contreras_,0.820668,1018
Miguel_Estrada_,1.01755,1537
Mike_Babcock_,0.899086,1241
Mike_Brey_,0.767948,837
Mike_Helton_,0.791087,917
Mike_Holmgren_,0.405209,24
Mike_Krzyzewski_,0.818936,1009
Mike_Martz_,0.662986,505
Mike_Miller_,0.793126,926
Mike_Montgomery_,0.612736,355
Mike_Myers_,0.584762,274
Mike_Price_,1.02228,1542
Mike_Scioscia_,0.476051,74
Mike_Tyson_,0.614597,361
Mike_Weir_,0.869359,1150
Mikhail_Gorbachev_,0.760852,811
Mikhail_Kasyanov_,0.54585,197
Mikhail_Wehbe_,0.880867,1181
Mikhail_Youzhny_,1.00273,1512
Mikulas_Dzurinda_,0.898846,1240
Milo_Djukanovic_,0.816486,1003
Milo_Maestrecampo_,0.511691,134
Minnie_Driver_,0.481313,84
Mireya_Moscoso_,0.749832,777
Miroljub_,1.01109,1527
Mitchell_Daniels_,0.9126,1282
Mitoji_Yabunaka_,0.819064,1010
Miyako_Miyazaki_,0.759198,807
Mohamed_Benaissa_,0.988364,1487
Mohamed_ElBaradei_,1.05177,1579
Mohammad_Khatami_,0.639782,431
Mohammed_Al-Douri_,0.8049,960
Mohammed_Baqir_al-Hakim_,0.685663,574
Monica_Bellucci_,0.550252,211
Monica_Lewinsky_,0.971935,1445
Monica_Seles_,0.915377,1290
Monique_Garbrecht-Enfeldt_,0.718162,679
Morgan_Freeman_,1.01468,1531
Moshe_Katsav_,0.755303,787
Muammar_Gaddafi_,0.833025,1056
Muhammad_Ali_,0.965736,1425
Muhammad_Saeed_al-Sahhaf_,0.812656,986
Mukesh_Ambani_,0.82721,1035
Munir_Akram_,0.801486,948
Nabil_Shaath_,0.644341,446
Nadia_Petrova_,1.23469,1669
Nadine_Vinzens_,0.575425,253
Naji_Sabri_,0.934445,1357
Nan_Wang_,1.02671,1546
Nancy_Demme_,0.716097,672
Nancy_Pelosi_,0.860315,1132
Nancy_Reagan_,0.848275,1096
Nancy_Sinatra_,0.612464,354
Nanni_Moretti_,0.789645,916
Naomi_Campbell_,0.688095,578
Naomi_Watts_,0.478739,79
Naoto_Kan_,0.798813,941
Nasser_al-Kidwa_,1.09791,1619
Nastassia_Kinski_,0.891069,1214
Natalie_Cole_,0.814824,995
Natalie_Coughlin_,0.910038,1274
Natalie_Maines_,1.13517,1636
Natasha_McElhone_,0.947589,1378
Nathalie_Baye_,0.992182,1494
Nathan_Lane_,0.48581,88
Nebojsa_Pavkovic_,0.735674,732
Nelson_Mandela_,0.512924,137
Neri_Marcore_,0.798742,940
Nestor_Kirchner_,0.710504,655
Nia_Vardalos_,0.575522,255
Nicanor_Duarte_Frutos_,0.569004,245
Nicholas_Byron_,0.636863,418
Nicholas_Tse_,0.718187,680
Nick_Nolte_,0.822315,1024
Nicolas_Cage_,0.909901,1273
Nicolas_Escude_,0.929725,1343
Nicolas_Lapentti_,1.23703,1670
Nicole_Kidman_,0.607754,339
Nikki_Reed_,0.998168,1506
Noah_Wyle_,0.511617,132
Noelle_Bush_,0.624482,378
Nora_Bendijo_,0.82026,1017
Norah_Jones_,0.62596,384
Norm_Coleman_,0.685554,572
Norman_Jewison_,0.690584,589
Norodom_Sihanouk_,0.698534,609
Nursultan_Nazarbayev_,0.371856,10
OJ_Simpson_,0.786062,900
Oleksandr_Moroz_,0.545297,196
Olesya_Bonabarenko_,0.339504,3
Olivia_Newton-John_,0.715552,670
Omar_Sharif_,0.60496,333
Oprah_Winfrey_,0.92764,1332
Orlando_Bloom_,0.628957,394
Orrin_Hatch_,0.967495,1432
Osama_bin_Laden_,0.75654,797
Oscar_De_La_Hoya_,0.837735,1070
Oscar_Elias_Biscet_,0.664107,512
Oswaldo_Paya_,0.614705,363
Owen_Wilson_,0.513406,141
Oxana_Fedorova_,0.621936,373
Ozzy_Osbourne_,0.846337,1091
Padraig_Harrington_,1.00083,1510
Pamela_Anderson_,1.00667,1519
Paradorn_Srichaphan_,0.813284,989
Paris_Hilton_,1.01993,1541
Parris_Glendening_,0.70882,650
Pascal_Lamy_,0.663667,509
Pascal_Quignard_,0.447509,48
Pat_Burns_,0.834704,1060
Pat_Cox_,0.721083,686
Patrice_Chereau_,1.03297,1555
Patricia_Clarkson_,0.676585,544
Patricia_Heaton_,0.64332,443
Patrick_Ewing_,0.841421,1076
Patrick_Leahy_,0.692424,595
Patrick_McEnroe_,0.513333,140
Patrick_Roy_,0.948332,1381
Patrick_Stewart_,0.603118,329
Patti_Labelle_,1.02997,1550
Patty_Schnyder_,0.67917,558
Paul-Henri_Mathieu_,0.536109,182
Paul_Bremer_,0.929058,1338
Paul_Burrell_,1.06189,1590
Paul_Byrd_,0.57545,254
Paul_Coppin_,0.493266,96
Paul_Gascoigne_,0.783691,888
Paul_Hogan_,0.912079,1280
Paul_Kagame_,0.733701,726
Paul_Martin_,1.08632,1609
Paul_McCartney_,0.900142,1246
Paul_McNulty_,0.899177,1242
Paul_ONeill_,1.06956,1594
Paul_Patton_,0.464169,60
Paul_Pierce_,0.601949,324
Paul_Sarbanes_,0.657814,487
Paul_Shanley_,0.821067,1020
Paul_Tagliabue_,0.977477,1466
Paul_Wellstone_,0.750717,778
Paul_William_Hurley_,0.819345,1014
Paul_Wolfowitz_,0.744669,763
Paula_Radcliffe_,0.779664,875
Paula_Zahn_,0.718397,681
Paulo_Cesar_Pinheiro_,0.712117,659
Pedro_Almodovar_,0.926904,1331
Pedro_Malan_,0.606482,338
Pedro_Solbes_,0.615557,367
Penelope_Ann_Miller_,0.740127,750
Penelope_Cruz_,0.73175,717
Pervez_Musharraf_,0.686084,575
Pete_Carroll_,0.796427,935
Pete_Rose_,0.804826,958
Pete_Sampras_,0.962124,1421
Peter_Arnett_,0.725747,701
Peter_Bacanovic_,0.637057,423
Peter_Costello_,0.470854,68
Peter_Greenaway_,0.773866,853
Peter_Harrison_,0.980082,1472
Peter_Hillary_,0.590065,288
Peter_Struck_,0.948254,1380
Petria_Thomas_,1.10796,1623
Petro_Symonenko_,0.981036,1475
Phan_Van_Khai_,0.613754,359
Phil_Gramm_,0.824946,1031
Phil_Mickelson_,0.888834,1205
Phil_Vassar_,0.742019,755
Philippe_Noiret_,0.643533,444
Pierce_Brosnan_,0.533757,174
Pierre_Boulanger_,0.868959,1148
Pierre_Pettigrew_,0.602219,325
Placido_Domingo_,1.08983,1611
Prince_Charles_,0.53009,167
Prince_Claus_,0.547158,202
Prince_Edward_,0.732868,722
Prince_Harry_,0.708233,648
Prince_Naruhito_,0.830596,1046
Prince_Willem-Alexander_,1.14068,1639
Prince_William_,0.721008,685
Princess_Aiko_,1.10664,1622
Princess_Anne_,0.850454,1104
Princess_Caroline_,0.642984,442
Princess_Elisabeth_,1.05928,1588
Princess_Masako_,1.00381,1514
Priscilla_Owen_,0.786553,903
Priscilla_Presley_,0.669438,525
Pupi_Avati_,0.490501,92
Queen_Beatrix_,1.03387,1559
Queen_Elizabeth_II_,0.878865,1178
Queen_Latifah_,0.687657,577
Queen_Rania_,0.519676,147
Rachel_Griffiths_,0.773609,852
Rachel_Hunter_,0.629237,396
Rafael_Ramirez_,0.399903,22
Raghad_Saddam_Hussein_,0.567944,242
Rainer_Schuettler_,1.18521,1652
Ralf_Schumacher_,0.830491,1044
Ralph_Firman_,0.644919,447
Ralph_Klein_,0.784628,892
Ralph_Lauren_,0.507146,125
Ranil_Wickremasinghe_,0.753269,781
Raoul_Ruiz_,0.900811,1249
Raquel_Welch_,0.673468,535
Ray_Allen_,0.636441,416
Ray_Nagin_,0.586252,279
Ray_Romano_,0.778798,874
Raymond_Odierno_,0.901782,1253
Rebecca_Romijn-Stamos_,1.01554,1533
Rebekah_Chantay_Revels_,0.563591,235
Recep_Tayyip_Erdogan_,0.645853,449
Reese_Witherspoon_,0.898825,1239
Reggie_Miller_,0.775249,861
Renee_Zellweger_,0.893142,1223
Ricardo_Lagos_,0.883708,1190
Ricardo_Lopez_Murphy_,0.929714,1342
Ricardo_Maduro_,1.00941,1524
Ricardo_Monasterio_,0.567288,240
Ricardo_Sanchez_,0.825745,1032
Rich_Gannon_,0.700749,625
Richard_Armitage_,1.00284,1513
Richard_Branson_,0.736988,739
Richard_Butler_,0.734505,729
Richard_Crenna_,0.524647,155
Richard_Gephardt_,0.590475,290
Richard_Gere_,0.811047,982
Richard_Haass_,0.843358,1080
Richard_Krajicek_,0.951475,1390
Richard_Myers_,1.01064,1525
Richard_Norton-Taylor_,0.467954,67
Richard_Sambrook_,0.496541,103
Richard_Shelby_,0.92879,1336
Richard_Virenque_,0.393798,20
Richie_Adubato_,0.531078,170
Rick_Barnes_,0.827707,1036
Rick_Carlisle_,1.03366,1557
Rick_Dinse_,0.772357,850
Rick_Perry_,0.712949,662
Rick_Pitino_,0.956815,1410
Rick_Romley_,0.632792,406
Rick_Santorum_,0.68659,576
Rick_Stansbury_,0.907303,1267
Rick_Wagoner_,0.92525,1324
Ricky_Barnes_,1.01408,1530
Ricky_Martin_,0.950011,1384
Ricky_Ponting_,1.12087,1631
Rio_Ferdinand_,0.605649,335
Rita_Grande_,1.08266,1603
Rita_Moreno_,0.538764,190
Rita_Wilson_,0.619698,370
Rob_Lowe_,0.829021,1039
Rob_Marshall_,1.0424,1568
Rob_Schneider_,0.556761,218
Robbie_Fowler_,1.05844,1587
Robbie_Williams_,0.59663,305
Robby_Ginepri_,0.957204,1412
Robert_Blackwill_,0.754404,785
Robert_Blake_,0.628897,393
Robert_Bonner_,0.700532,621
Robert_Bullock_,1.00872,1522
Robert_DeFraites_,0.721441,688
Robert_De_Niro_,0.924909,1323
Robert_Duvall_,0.434027,36
Robert_Ehrlich_,0.629651,397
Robert_Evans_,0.660089,498
Robert_Fico_,0.869438,1152
Robert_Horan_,0.512953,138
Robert_Kocharian_,0.491339,94
Robert_Mueller_,0.609724,346
Robert_Mugabe_,0.651287,470
Robert_Redford_,0.886665,1199
Robert_Stack_,0.35295,6
Robert_Torricelli_,0.676693,546
Robert_Witt_,0.823267,1026
Robert_Zoellick_,0.51163,133
Roberto_Benigni_,0.842512,1077
Roberto_Carlos_,0.56323,234
Roberto_Marinho_,0.593244,298
Robin_Cook_,0.843467,1081
Robin_McLaurin_Williams_,0.523294,152
Robinson_Stevenin_,0.907197,1266
Rod_Blagojevich_,0.877757,1174
Rod_Stewart_,0.649277,465
Rodrigo_Borja_,0.730844,716
Roger_Clemens_,0.972385,1449
Roger_Federer_,0.939304,1363
Roger_Moore_,0.757618,802
Rogerio_Romero_,0.610695,352
Roh_Moo-hyun_,0.724354,697
Rolandas_Paksas_,0.75537,789
Rolf_Eckrodt_,0.528603,164
Roman_Polanski_,0.623027,376
Romano_Prodi_,0.75638,795
Ron_Dittemore_,0.815377,1000
Ron_Howard_,0.881978,1185
Ronald_Reagan_,0.814879,996
Ronaldo_Luis_Nazario_de_Lima_,0.878947,1179
Roseanne_Barr_,1.09737,1618
Rosemarie_Stack_,1.00018,1508
Roy_Jones_Jr_,0.52534,157
Roy_Moore_,1.0192,1540
Roy_Williams_,0.799981,944
Ruben_Studdard_,0.701262,628
Rubens_Barrichello_,0.733595,725
Rudolph_Giuliani_,0.810774,981
Rupert_Grint_,0.882421,1186
Rupert_Murdoch_,0.91821,1302
Russell_Coutts_,0.538665,189
Russell_Crowe_,0.69299,597
Russell_Simmons_,0.854116,1112
Ruth_Dreifuss_,1.04323,1570
Ruth_Harlow_,0.967374,1431
S_Jayakumar_,0.709887,654
Saburo_Kawabuchi_,0.672315,532
Sachiko_Yamada_,0.627299,388
Saddam_Hussein_,1.00489,1516
Sadie_Frost_,0.464271,61
Saeb_Erekat_,0.756093,793
Sally_Field_,0.744882,764
Sally_Kirkland_,0.774949,859
Sally_Ride_,0.808993,975
Salma_Hayek_,0.67578,541
Salman_Rushdie_,0.654539,474
Sam_Bith_,0.655606,476
Sam_Mendes_,0.929449,1340
Sam_Torrance_,0.809907,976
Samira_Makhmalbaf_,0.892425,1221
Sammy_Sosa_,0.695006,603
Samuel_Waksal_,0.914694,1287
Sandra_Bullock_,0.560695,226
Saparmurat_Niyazov_,0.869726,1153
Sarah_Hughes_,0.516215,142
Sarah_Jessica_Parker_,0.667515,520
Sarah_Michelle_Gellar_,0.609183,343
Scott_McClellan_,0.500861,112
Scott_McNealy_,0.742729,757
Scott_Peterson_,0.671707,530
Scott_Ritter_,0.795433,933
Scott_Rudin_,0.626091,385
Scott_Sullivan_,0.776191,866
Scott_Wolf_,0.543781,194
Sean_Astin_,0.677876,553
Sean_Hayes_,0.909661,1272
Sean_OKeefe_,0.629063,395
Sean_Patrick_OMalley_,0.814004,993
Sean_Penn_,0.586168,278
Sebastian_Saja_,0.877397,1171
Sebastien_Grosjean_,0.715448,669
Sepp_Blatter_,0.903152,1257
Serena_Williams_,0.748722,774
Sergei_Ivanov_,0.70866,649
Sergey_Lavrov_,0.608428,342
Sergio_Garcia_,0.786111,901
Sergio_Vieira_De_Mello_,0.67705,548
Shane_Mosley_,0.772024,848
Shane_Warne_,0.712366,661
Shannon_OBrien_,0.805853,965
Sharon_Davis_,0.772338,849
Sharon_Frey_,0.794734,931
Sharon_Osbourne_,0.688707,581
Sharon_Stone_,0.997843,1504
Shaukat_Aziz_,0.856425,1119
Shaul_Mofaz_,0.707084,642
Sheila_Copps_,0.844547,1085
Sheila_Fraser_,0.887704,1202
Sheila_Wellstone_,0.537472,184
Sheryl_Crow_,0.818297,1006
Shia_LaBeouf_,0.767124,833
Shimon_Peres_,0.747236,772
Sila_Calderon_,0.837167,1068
Silvan_Shalom_,0.684658,570
Silvia_Farina_Elia_,0.719859,683
Silvio_Berlusconi_,0.693562,600
Silvio_Fernandez_,0.819632,1016
Simon_Cowell_,0.908778,1269
Slobodan_Milosevic_,0.65534,475
Sonia_Gandhi_,0.791561,920
Sophia_Loren_,0.638877,429
Sourav_Ganguly_,0.755449,790
Spencer_Abraham_,0.463928,59
Stacy_Dragila_,0.710549,656
Stan_Heath_,0.776596,867
Stanley_McChrystal_,0.649516,466
Stanley_Tong_,0.835498,1064
Stefano_Accorsi_,0.57474,251
Steffi_Graf_,0.596213,304
Stellan_Skarsgard_,0.881321,1183
Stephen_Ambrose_,0.549813,209
Stephen_Daldry_,0.915621,1291
Stephen_Friedman_,0.676828,547
Steve_Backley_,0.711908,658
Steve_Ballmer_,1.11694,1629
Steve_Lavin_,0.501648,113
Steve_Mariucci_,0.893645,1225
Steve_Nash_,0.683942,567
Steve_Park_,0.808697,973
Steve_Spurrier_,0.80219,951
Steve_Waugh_,0.488318,91
Steven_Hatfill_,0.646223,451
Steven_Seagal_,1.06281,1591
Steven_Spielberg_,0.47666,77
Stockard_Channing_,0.665724,515
Strom_Thurmond_,0.709039,651
Sue_Wicks_,1.14196,1641
Surakait_Sathirathai_,0.764196,822
Susan_Collins_,0.993375,1499
Susan_Sarandon_,0.73653,737
Susie_Castillo_,0.966523,1428
Susilo_Bambang_Yudhoyono_,0.699026,612
Suzanne_Gaudet_,0.83457,1059
Svetlana_Koroleva_,0.494623,99
Sylvester_Stallone_,0.511946,135
Taha_Yassin_Ramadan_,0.639007,430
Takashi_Sorimachi_,0.479764,80
Tamara_Brooks_,0.664606,513
Tammy_Lynn_Michaels_,0.926801,1330
Tang_Jiaxuan_,0.498423,107
Tariq_Aziz_,0.761077,813
Tassos_Papadopoulos_,0.813343,991
Taufik_Hidayat_,0.962304,1422
Ted_Maher_,0.684545,569
Terje_Roed-Larsen_,0.589178,284
Terrell_Suggs_,0.847204,1094
Terry_McAuliffe_,0.970419,1441
Terry_Stotts_,0.907115,1264
Thabo_Mbeki_,0.89159,1217
Thaksin_Shinawatra_,0.899216,1243
Theo_Epstein_,0.700638,623
Theodore_Tweed_Roosevelt_,0.915131,1289
Theresa_May_,0.508404,127
Thierry_Falise_,1.07824,1601
Thomas_Birmingham_,0.73699,740
Thomas_Bjorn_,0.844046,1082
Thomas_Fargo_,0.578702,261
Thomas_Malchow_,0.620215,371
Thomas_OBrien_,0.61275,356
Thomas_Rupprath_,0.837254,1069
Thomas_Wyman_,0.896014,1230
Tiger_Woods_,0.955709,1405
Tim_Allen_,0.959465,1416
Tim_Chapman_,0.874858,1164
Tim_Conway_,0.649251,464
Tim_Curry_,0.636938,421
Tim_Duncan_,0.758815,805
Tim_Floyd_,0.992426,1497
Tim_Henman_,0.862693,1136
Tim_Robbins_,0.54814,204
Tippi_Hedren_,0.690173,586
Todd_Haynes_,0.780545,877
Tom_Brady_,0.912035,1279
Tom_Coverdale_,0.518698,144
Tom_Craddick_,0.944698,1372
Tom_Crean_,0.693999,602
Tom_Cruise_,0.80764,970
Tom_Daschle_,1.13702,1638
Tom_Glavine_,0.989028,1490
Tom_Hanks_,0.699757,618
Tom_Harkin_,0.768061,838
Tom_Jones_,0.791364,919
Tom_Reilly_,0.927848,1334
Tom_Ridge_,0.537656,185
Tom_Watson_,1.07642,1598
Tommy_Franks_,0.729829,712
Tommy_Haas_,1.08493,1605
Tommy_Robredo_,1.04665,1574
Tommy_Thompson_,0.633644,408
Tomoko_Hagiwara_,0.722801,691
Toni_Braxton_,0.586907,281
Tony_Bennett_,0.973302,1452
Tony_Blair_,0.889026,1206
Tony_Curtis_,0.871359,1156
Tony_Parker_,0.930367,1346
Tony_Shalhoub_,0.504987,118
Tony_Stewart_,0.498421,106
Torri_Edwards_,0.679966,559
Toshihiko_Fukui_,0.596648,306
Tracee_Ellis_Ross_,0.83034,1043
Tracy_McGrady_,0.956734,1408
Trent_Lott_,0.505284,120
Tsutomu_Takebe_,0.615715,368
Tubby_Smith_,0.811231,984
Tung_Chee-hwa_,0.806211,966
Tyler_Hamilton_,0.945036,1373
Tyra_Banks_,0.634009,410
Tyron_Garner_,0.895145,1227
Uma_Thurman_,0.795681,934
Vaclav_Havel_,0.886072,1198
Vaclav_Klaus_,0.747113,771
Valdas_Adamkus_,0.783884,889
Valentino_Rossi_,0.99961,1507
Valerie_Harper_,0.441609,43
Valery_Giscard_dEstaing_,0.590234,289
Vanessa_Incontrada_,0.954035,1401
Vanessa_Redgrave_,0.67865,556
Vanessa_Williams_,0.500528,111
Venus_Williams_,0.986233,1483
Vicente_Fernandez_,0.975488,1458
Vicente_Fox_,0.782156,884
Vicki_Zhao_Wei_,0.612069,353
Victoria_Beckham_,1.034,1560
Victoria_Clarke_,0.660343,499
Vidar_Helgesen_,0.40142,23
Vin_Diesel_,0.504174,116
Vince_Carter_,0.855321,1116
Vince_Gill_,0.549968,210
Vincent_Brooks_,0.824937,1030
Vincent_Gallo_,0.562023,232
Vitali_Klitschko_,1.11823,1630
Vivica_Fox_,0.560701,227
Vladimir_Putin_,0.609673,345
Vladimir_Spidla_,0.766968,831
Vladimir_Voltchkov_,0.840387,1075
Vladimiro_Montesinos_,0.481568,85
Vojislav_Kostunica_,0.836552,1066
Walter_Mondale_,0.63513,412
Wang_Yi_,0.62715,387
Wang_Yingfan_,0.77594,864
Warren_Beatty_,0.959792,1418
Warren_Buffett_,0.862355,1134
Wayne_Ferreira_,0.836583,1067
Wayne_Gretzky_,0.732549,719
Wen_Jiabao_,0.602837,328
Wesley_Clark_,0.829476,1041
Will_Smith_,0.989187,1491
William_Bratton_,0.597085,308
William_Bulger_,0.868462,1146
William_Burns_,0.454291,51
William_Donaldson_,0.842731,1078
William_Ford_Jr_,0.739999,749
William_Hochul_,1.08571,1608
William_Macy_,0.803885,956
William_Martin_,0.828982,1038
William_Rehnquist_,0.658744,491
Win_Aung_,0.512427,136
Winona_Ryder_,1.07646,1599
Wolfgang_Schuessel_,0.651178,469
Woody_Allen_,0.764759,824
Wu_Yi_,0.50685,123
Xanana_Gusmao_,0.737337,742
Xavier_Malisse_,1.00852,1521
Yann_Martel_,0.419802,29
Yao_Ming_,0.761316,814
Yasar_Yakis_,1.05832,1586
Yashwant_Sinha_,0.662986,506
Yasser_Arafat_,0.821677,1023
Yevgeny_Kafelnikov_,0.943817,1370
Yoko_Ono_,0.493357,97
Yoriko_Kawaguchi_,0.561702,230
Yossi_Beilin_,0.988231,1486
Yu_Shyi-kun_,0.712123,660
Yukiko_Okudo_,1.12885,1634
Yuri_Fedotov_,0.729189,711
Yuri_Malenchenko_,0.549492,207
Zafarullah_Khan_Jamali_,1.17284,1648
Zarai_Toledo_,0.713513,664
Zhang_Wenkang_,0.631882,404
Zhang_Ziyi_,1.00621,1518
Zhu_Rongji_,0.921123,1311
Zico_,0.72831,708
Zinedine_Zidane_,0.94112,1367
Zoran_Djindjic_,0.746681,770
